"city","iso3","1","3","4","7","13","18","26","108","114"
Aachen,DEU,10.0,9.0,3.5,2.225,0.49624999999999997,2.95,72.80062962962964,5.85,2.885714285714286
Aalborg,DNK,17.45789850681604,13.160569643599786,6.647430585287647,2.366888162943329,1.692073239891401,3.2229966474121925,94.2796862548863,6.647430585287648,4.5211480748421025
Aberdeen,GBR,17.41991923440579,6.6137626693293985,4.238847013705409,1.1779183482312483,1.0103553155955358,3.483983846881158,83.18909044155981,4.773057870227187,3.4404340487951433
Abidjan,CIV,3.0489805184330416,8.384696425690864,1.4101534897752817,0.7275976237169758,0.6623910176295783,0.6097961036866083,63.69546153415398,4.573470777649563,2.42965635062633
Accra,GHA,3.2115878118795878,5.821002909031753,0.8028969529698969,0.2285168250760476,0.4186534111914463,0.4335643546037444,88.3351733766086,2.9255402067965104,1.9625149633603893
Ad Dammam,SAU,5.395938348726778,6.009113161082094,1.2263496247106314,0.2981562525077723,0.6116418753244275,0.7358097748263789,44.922208711171024,7.358097748263788,3.3960451145832873
Adana,TUR,2.8263442883585896,3.8862233964930604,1.7664651802241185,0.18989500687409272,0.21484632754475838,0.3532930360448237,21.34681240103945,0.8479032865075768,1.6357467568875335
Addis Ababa,ETH,6.93655872,5.519807999999999,0.6899759999999999,0.38080750989809736,0.3693187438361219,0.459984,61.70659075200001,0.9659663999999999,0.7487124184615385
Adelaide,AUS,21.342687323394717,9.146865995740592,7.073576370039392,2.045239236647596,1.713964593621614,2.7440597987221778,170.05982960872805,5.4881195974443555,3.679996693033816
Agadir,MAR,3.2145219984280238,5.281000425988896,3.673739426774884,0.3005786803724905,0.5235078683154211,0.3673739426774884,23.37148833452318,1.6531827420486982,1.602158583343491
Ahmedabad,IND,2.8029585305775813,3.924141942808614,3.3635502366930976,0.1870606008827565,0.3305682705739238,0.2802958530577581,53.68936112541164,0.6727100473386195,1.8558535955087352
Ajman,ARE,6.261693438606044,6.7626289136945275,11.271048189490878,0.5844247209365642,0.5277713041110809,1.2523386877212088,77.94555992376804,2.4195183446773756,3.840505309011707
Al Khobar,SAU,5.886478198611031,6.867557898379536,1.8395244370659471,0.25208297841274085,0.6205329101035796,0.858444737297442,39.95293783604149,5.518573311197842,4.029434481192074
Alanya,TUR,4.062869914515472,4.239516432537884,2.031434957257736,0.18751707297763717,0.2517212881819369,0.3532930360448237,68.63625243840177,1.4838307513882594,1.671517676787072
Albuquerque,USA,16.559424,8.279712,5.289816,1.613623872,1.50414768,0.919968,180.35033506000002,6.926608863278455,4.185854399999999
Alexandria,EGY,2.9774667511390422,3.185889423718775,1.190986700455617,0.11650956852283208,0.17737194788928293,0.14887333755695212,14.542278442202099,0.8932400253417128,1.2290321089423935
Algiers,DZA,2.7143013420820865,4.410739680883391,1.696438338801304,0.20357260065615648,0.25517260012802945,0.27143013420820866,29.03623860692312,1.0178630032807825,0.8576995782115943
Alicante,ESP,12.0,8.35,3.0,1.04,0.599,1.45,85.25583333333334,3.66,1.8333333333333333
Almaty,KAZ,7.085996877805579,5.0614263412897,1.3665851121482189,0.43880933660807087,0.6282242374808775,0.1619656429212704,88.5356744206865,1.822113482864292,2.0872056874893397
Amman,JOR,6.483213530655391,6.483213530655391,6.483213530655391,0.3547758515386421,0.5054904385026738,0.713153488372093,41.4684655277463,2.917446088794926,3.800504483487643
Amsterdam,NLD,15.0,10.0,5.0,2.2875555555555556,0.7502941176470589,3.3,248.8989134652697,7.199999999999999,3.299607843137254
Ankara,TUR,3.8862233964930604,3.8862233964930604,2.119758216268942,0.306880029348739,0.21660074864420825,0.3356283842425825,41.605506346865134,1.0598791081344712,1.60256738493268
Antalya,TUR,4.239516432537884,4.239516432537884,2.119758216268942,0.3132270250358297,0.20398658137997147,0.3179637324403413,67.86598313087332,1.2718549297613653,1.5586457472565751
Antwerp,BEL,20.0,9.85,4.0,2.263157894736842,1.0322222222222222,2.5,126.55544747081711,6.1499999999999995,3.4227272727272724
Arhus,DNK,18.800813776571122,12.086237427795721,6.714576348775401,2.806692913788117,0.872894925340802,2.9544135934611764,135.50784805702074,4.02874580926524,5.3716610790203205
Asuncion,PRY,3.7909921553467,4.422824181237817,1.2636640517822333,0.5409933982246312,0.5549118508019653,0.454919058641604,46.93778388401236,3.7909921553467,2.1075647010652503
Athens,GRC,11.039615999999999,7.359744,4.5998399999999995,2.98759608,2.0423289600000003,1.609944,95.57335698098335,3.4298582027414963,5.519807999999999
Atlanta,USA,16.559424,8.279712,5.519807999999999,1.68929124,1.8649065599999999,2.2999199999999997,231.7421801476923,5.573505726556907,4.4382936192
Auckland,NZL,14.00922691960495,8.40553615176297,6.724428921410376,2.090861812670629,1.037366168973674,2.241476307136792,156.4996656041673,5.883875306234079,3.188891002071936
Augsburg,DEU,12.0,10.0,3.8,1.6666666666666667,0.5700000000000001,3.1500000000000004,100.62133333333334,5.4,3.0
Austin,USA,18.399359999999998,8.279712,6.439776,1.8462443519999998,1.977513032727273,1.3799519999999998,310.40863302349163,5.1447745168217605,4.757202947368421
Aveiro,PRT,8.0,6.75,2.0,1.025,0.5785714285714285,2.0,79.13480392156862,2.82,1.4727272727272727
Baghdad,IRQ,4.8911474265852455,7.276092371348178,1.8190230928370446,0.19384530936953037,0.4790468765770275,0.45475577320926114,55.684483303143246,5.457069278511134,2.390173736350186
Baguio,PHL,3.3267688837495752,2.495076662812181,2.3287382186247028,0.29940919953746176,0.555570403586179,0.18297228860622664,33.970468764187856,0.673670698959289,1.7742767379997735
Baku,AZE,7.576207058823529,5.952734117647059,1.3528941176470588,0.33344860899653983,0.5418018823529414,0.21646305882352943,45.64594090810257,1.7046465882352944,2.850547905882353
Bali,IDN,15.0,10.0,7.0,2.504882690035932,0.7968571428571429,2.1,157.25261437908497,5.271170365068002,3.804540936265931
Bandung,IDN,1.2215323393571835,3.053830848392959,2.443064678714367,0.3034744405590503,0.42317370327731,0.42753631877501425,29.24595635299301,1.2826089563250427,1.557453732680409
Bangalore,IND,3.3635502366930976,3.924141942808614,2.242366824462065,0.18735564914913305,0.33491760903824436,0.48771478432049914,32.52964614033924,1.0090650710079292,1.886712742057631
Bangkok,THA,2.581279461279461,5.162558922558922,2.0650235690235688,0.3141204198542119,0.4178398566625969,1.14866936026936,77.92051214916195,3.097535353535353,2.0232467738206426
Banja Luka,BIH,6.683344314293522,3.85577556593857,1.490899885496247,0.9510913062648474,0.5500906474072359,1.1824378402211615,36.18798375600251,2.313465339563142,1.1438800845617758
Barbados,BRB,3.788136954149595,9.470342385373987,1.515254781659838,0.5682205431224393,,,,,1.515254781659838
Barcelona,ESP,15.0,9.0,3.0,1.5276595744680848,0.7946153846153846,2.4,180.90383599281412,6.0,2.1341463414634148
Bari,ITA,15.0,10.0,4.0,0.94375,0.8062499999999999,1.0,98.17619047619047,2.7,1.4833333333333334
Barranquilla,COL,3.3073437043796137,5.5122395072993555,1.3229374817518453,0.40514960378650267,0.6299702294056407,0.5732729087591331,26.45240870980281,4.630281186131459,1.1416460490673332
Barrie,CAN,13.890492306739917,9.723344614717941,4.514409999690473,1.392136006742156,1.6205574357863237,2.4308361536794854,164.14878821485252,5.208934615027469,3.0750077344045494
Basel,CHE,25.59339800898693,16.379774725751638,7.933953382785949,4.052288018089598,1.2796699004493466,3.6854493132941184,190.1368666280985,10.979567745855395,5.264157864164259
Batumi,GEO,7.416248752399232,7.063094049904031,1.3243301343570058,0.47522339314028206,0.6302453152222057,0.1589196161228407,72.49809496838064,1.0594641074856046,2.2419234734264344
Beijing,CHN,3.8062916327628296,5.075055510350439,1.2687638775876098,0.28213302014777114,0.5268708944298022,0.6343819387938049,114.11454551974113,1.1418874898288487,3.7301658001075726
Beirut,LBN,7.359744,5.7498,2.0239296,0.9659664,0.37647921230769227,1.2419568,93.04556352,2.759904,2.1082599999999996
Belfast,GBR,17.41991923440579,7.548631668242509,6.038905334594007,1.3574633358959178,1.1651990421235872,2.961386269848984,128.7506230614932,6.731254641889395,3.493274470472841
Belgrade,SRB,8.53098773950561,7.25133957857977,2.1327469348764025,1.2440713096496971,0.5714022776429553,0.7592579088159994,97.10507987245568,2.4569244689776157,1.9325875751396104
Belo Horizonte,BRA,4.924578040394474,5.682205431224393,1.7520133412941878,0.5337829344483521,0.6034329979916935,0.8523308146836589,37.54133915299253,3.6934335302958554,1.3508152002410716
Bergamo,ITA,15.0,8.5,5.0,1.3333333333333333,0.49375,1.5,143.796867584243,4.5,1.5363636363636362
Bergen,NOR,16.21485241234468,12.16113930925851,8.747486169817526,2.2330980953843116,1.8519381972915954,3.4136531394409855,124.83215294725575,2.6882518473097763,3.911915381283907
Berlin,DEU,12.0,10.0,4.0,2.098723404255319,0.7213953488372092,3.1,128.7861175263023,6.0,3.453389830508475
Bern,CHE,23.54592616826798,15.35603880539216,6.654283482336602,3.668387047954794,1.1886711519729487,3.327141741168301,150.44368091860497,11.977710268205884,4.767614660209314
Bhubaneswar,IND,1.6817751183465488,4.48473364892413,1.8499526301812037,0.15288864712241354,0.32078303183276763,0.448473364892413,15.264912157525506,0.6727100473386195,1.4642655363737285
Bilbao,ESP,13.25,8.5,3.0,1.45,0.9285714285714286,1.275,121.33095238095238,2.7,1.64875
Birmingham,GBR,14.516599362004824,6.967967693762316,4.645311795841544,1.2347702410545882,1.2457881634302321,2.7871870775049263,127.2748849258176,3.9020619085068975,3.405455956999075
Bishkek,KGZ,5.273431185634673,4.941205020939689,1.0546862371269348,0.27158170606018567,0.36160670987209187,0.15820293556904022,50.44779397408821,0.6328117422761608,1.8115787131827348
Bitola,MKD,,,4.5998399999999995,1.839936,,,,,4.5998399999999995
Bogota,COL,3.3073437043796137,5.5122395072993555,0.9922031113138841,0.513949148384733,0.6255961617213468,0.650444261861324,42.42943566348436,4.213555879379628,1.282941697419813
Boise,USA,17.019408,8.969688,4.5998399999999995,1.9002450133333333,2.0220896639999997,1.3799519999999998,192.97013665066666,4.167267358625626,4.379047679999999
Bologna,ITA,17.0,8.5,5.0,1.1166666666666667,0.41052631578947363,1.55,254.14061456245824,3.5999999999999996,1.5750000000000002
Bonn,DEU,15.0,9.0,4.25,1.8888888888888888,0.43,3.0,95.0888888888889,5.699999999999999,3.0916666666666663
Bordeaux,FRA,15.0,10.0,7.0,1.5555555555555556,0.638,1.7,122.17694704049845,4.9799999999999995,3.75
Boston,USA,22.079231999999998,11.039615999999999,7.359744,2.0701885668353497,2.1399871015384617,2.2079231999999998,215.6106936708861,5.1447745168217605,4.645838400000001
Bournemouth,GBR,23.22655897920772,7.548631668242509,4.645311795841544,1.4358236459873863,0.9615795417391996,2.903319872400965,133.5191646563633,5.278235528024955,3.3549474081077815
Braga,PRT,8.0,7.0,1.7,1.09,0.6857142857142858,1.55,83.99518518518519,1.41,1.3458333333333332
Brampton,CAN,11.846751674573607,8.334295384043951,4.688041153524722,1.0665913735532437,1.244935372991565,2.7780984613479833,175.84821985467624,6.2507215380329635,2.4010708130221854
Brasilia,BRA,5.682205431224393,6.629239669761791,1.8940684770747975,0.6890490494185901,0.8017075299327507,1.0417376623911387,46.55189846541427,2.6990475798315865,1.5426135485509183
Brasov,ROU,7.048637289026072,5.638909831220857,1.812506731463847,1.290724490587891,0.6453622452939455,0.8055585473172653,51.22737966088834,1.5708391672686677,2.2793645259318076
Bratislava,SVK,9.0,7.3937862639783285,2.2,1.6458238742600357,0.7445454545454544,0.9,85.93195238095238,3.0,2.410810810810811
Bremen,DEU,12.0,9.745000000000001,4.5,2.25,0.45999999999999996,2.85,85.20952380952382,6.8999999999999995,3.188888888888889
Brescia,ITA,15.0,9.0,5.0,1.175,0.5414285714285714,1.5,86.39041666666667,2.94,1.675
Brighton,GBR,17.41991923440579,6.967967693762316,6.038905334594007,1.3355271413044438,1.3848835791352603,3.1355854621930423,177.47579620005328,4.773057870227187,3.751089275142046
Brisbane,AUS,15.244776659567655,9.146865995740592,6.707701730209768,2.198049581715176,1.6740369485537865,2.8965075653178545,200.65824902373694,4.573432997870297,3.319405910274077
Bristol,GBR,17.41991923440579,7.548631668242509,5.80663974480193,1.2447983952919135,1.2073067389330154,2.6129878851608686,172.69421689747332,4.63369851635194,3.8079332221174753
Brno,CZE,7.584167956691795,6.741482628170485,1.8960419891729487,1.195409330316659,0.6174887624388393,1.0533566606516382,90.41943351256285,3.792083978345898,2.6061283027651707
Brooklyn,USA,18.399359999999998,10.119648,7.359744,1.4209323927272728,1.8974339999999998,2.529912,339.4274323066666,4.287312097351467,4.446511999999999
Brussels,BEL,16.5,10.0,5.0,2.2630434782608693,1.0563636363636364,2.4,132.57558273713363,6.0,3.4200000000000004
Bucaramanga,COL,2.6458749635036907,4.409791605839485,1.1024479014598711,0.5682642044207618,0.6173708248175278,0.5732729087591331,21.85104238212582,3.7703718229927596,1.014923449568319
Bucharest,ROU,10.069481841465816,6.04168910487949,2.2152860051224796,1.666134695386095,0.6835355176971112,0.604168910487949,61.12311636042948,1.8064650423589677,2.6212036605813562
Budapest,HUN,9.42008746539486,7.266924616161748,2.1531628492331105,1.0211624876625813,0.47217066981307754,0.9420087465394859,72.39778351246491,3.5527187012346317,2.0177434713305167
Budva,MNE,9.0,5.5,2.6,1.75,0.6433333333333333,1.0,89.3484375,3.75,1.908095309668312
Buenos Aires,ARG,6.355090115108178,4.5998399999999995,1.839936,0.8508263596822561,0.6816122363781819,0.13799519999999998,58.02108923220974,1.2419568,1.5847041730262543
Buffalo,USA,18.399359999999998,9.199679999999999,5.404812,1.599824352,1.87673472,2.184924,170.01690949599998,5.144780910467002,4.382727552
Burgas,BGR,15.0,10.0,7.0,1.5555555555555556,0.638,,,4.9799999999999995,3.75
Bursa,TUR,3.532930360448237,3.179637324403413,1.5898186622017065,0.1932720726598153,0.268502707394066,0.3179637324403413,27.268053774094525,0.953891197321024,1.430836795981536
Cagliari,ITA,15.0,8.0,4.0,1.1,0.4114285714285715,1.3,88.82166666666666,6.0,1.5
Cairo,EGY,2.9774667511390422,4.466200126708563,1.4887333755695211,0.1522850182092989,0.20209127776409247,0.23819734009112337,22.199495852034175,0.4466200126708564,1.5961174223319126
Calgary,CAN,15.279541537413909,8.334295384043951,5.208934615027469,1.585608444377647,1.536176307764222,2.500288615213185,152.69845112357925,3.8546116151203274,3.618607313645052
Cali,COL,2.4253853832117165,5.5122395072993555,0.9591296742700879,0.38365186970803516,0.47772742396594414,,,3.3734905784672056,1.134296396390934
Cambridge,GBR,17.41991923440579,6.967967693762316,5.80663974480193,1.8290915196126079,1.197619447365398,3.483983846881158,217.83260327868854,3.7975423931004624,3.722361689036184
Campinas,BRA,6.629239669761791,6.629239669761791,1.3258479339523583,0.6990296473204174,0.5216974861542896,1.0227969776203907,42.57024128252111,1.9177443330382324,1.718867142945379
Canberra,AUS,26.830806920839073,9.146865995740592,7.317492796592474,2.0053810751267633,1.7444380149019556,2.7440597987221778,221.92570555214192,4.573432997870297,3.451417435726117
Cancun,MEX,10.746306106210957,8.059729579658217,1.8806035685869174,1.0297738646744465,0.7992565166494399,0.6447783663726574,86.77772095510622,6.4477836637265735,2.7772931083600003
Cape Town,ZAF,7.361128284711034,3.680564142355517,1.9629675425896091,0.5844861689313291,0.7942306889284886,0.9814837712948046,182.45975548501775,2.20833848541331,1.5943890625182622
Caracas,VEN,8.739696,9.199679999999999,1.3799519999999998,0.8752179407184507,1.2419567999999999,0.32198879999999996,38.43762595555555,4.139856,1.7873663999999998
Cardiff,GBR,16.839255259925597,7.833157015737803,4.645311795841544,1.6387627724218778,1.0464855184520812,2.322655897920772,121.83310055051385,4.111100939319767,3.448250679220838
Cartagena,COL,2.7550167719429437,5.5122395072993555,1.5434270620438197,0.6892661645387972,0.85423167637539,0.6614687408759227,60.810219889297414,5.291749927007382,1.38963552640964
Casablanca,MAR,3.673739426774884,5.969826568509187,2.7318599590247996,0.32589623947196555,0.5145763349033028,0.6429043996856048,54.330830168046944,2.0664784275608725,1.854300626079062
Cascais,PRT,12.5,7.0,2.0,1.4428571428571428,0.59,1.75,134.52916666666667,2.4000000000000004,2.0555555555555554
Catania,ITA,12.0,8.0,4.5,1.125,0.38625000000000004,1.0,62.45611111111112,3.0,1.6666666666666667
Cebu,PHL,3.3267688837495752,2.994091995374618,1.33070755349983,0.40117198425986667,0.5618543003665949,0.2162399774437224,55.26941346554373,0.6986214655874108,2.4664518999565295
Chandigarh,IND,3.6438460897508556,3.083254383635339,1.793893459569652,0.2915076871800685,0.34881261713854345,0.2522662677519823,18.17251447324465,0.6727100473386195,1.7316054922234836
Chania,GRC,15.0,6.75,3.5,0.68125,0.8666666666666667,1.5,58.81309523809524,3.75,3.5285714285714285
Charlotte,USA,18.399359999999998,9.199679999999999,5.51520816,1.82153664,1.6782844799999999,2.414916,236.52808514999998,11.361377057981386,4.640996463157895
Chengdu,CHN,2.5375277551752196,4.440673571556634,0.9515729081907074,0.25375277551752196,0.5011617316471059,0.38062916327628293,44.83071431132687,0.7612583265525659,3.205298217063435
Chennai,IND,1.6817751183465488,4.48473364892413,2.0181301420158584,0.1979589462220417,0.3381068727509207,0.33635502366930975,21.94101257480087,0.8408875591732743,1.5690161008878851
Chiang Mai,THA,1.2906397306397306,5.162558922558922,1.8068956228956228,0.28025319865319864,0.41472556677890005,0.7743838383838383,38.58962181290025,3.4847272727272722,1.4302634833180286
Chicago,USA,19.319328,9.199679999999999,6.439776,1.95406953,2.29838672,2.2999199999999997,193.04003074884028,5.813595204008589,4.772334
Chisinau,MDA,7.013642689003616,5.277381960363188,1.2565195143721877,0.504003938542622,0.641302448506013,0.3015646834493251,42.94686389663153,0.7916072940544783,1.4738495650644425
Chittagong,BGD,1.5229640759180956,5.076546919726986,5.076546919726986,0.12585605905156486,0.23620044695951947,0.21152278832195773,10.26570454295109,1.2691367299317464,1.752617388953364
Christchurch,NZL,14.00922691960495,8.40553615176297,5.60369076784198,1.5302386327568485,1.0874109400543885,1.681107230352594,132.5703416835291,5.043321691057782,3.041275807637875
Cincinnati,USA,11.269608,7.359744,3.679872,1.5066245169230768,2.18262408,1.839936,166.2095963733333,3.4298496778811742,4.034979648
Cleveland,USA,13.79952,7.9577232,6.209784,1.7918932266666667,1.773698304,2.2999199999999997,176.2226581818182,4.2358691261050305,4.288723549090909
Cluj-Napoca,ROU,8.055585473172654,5.417381230708609,2.0138963682931634,1.3558554782163261,0.6692123202206606,0.604168910487949,60.1149627658367,1.9635489590858344,2.3457159690833738
Coimbatore,IND,1.1211834122310325,2.5226626775198233,1.345420094677239,0.15524078015506604,0.2522662677519823,0.16817751183465487,12.534591200999621,1.0090650710079292,1.1815548267357805
Coimbra,PRT,9.0,7.0,2.0,1.025,0.7466666666666666,1.7,77.15166666666667,2.82,1.5252565998573004
Cologne,DEU,15.0,9.0,5.0,1.175,0.5414285714285714,1.5,86.39041666666667,2.94,1.675
Colombo,LKA,2.1598172222024745,5.0643990037851125,1.4895291187603272,0.28571030409221526,0.475081392615136,0.1489529118760327,38.52544593279378,0.8937174712561963,1.843292284465905
Columbus,USA,13.79952,8.279712,4.5998399999999995,1.62316854,1.8932941439999997,2.2999199999999997,131.95199342240494,5.573505726556907,4.384001353846154
Constanta,ROU,7.350721744270046,4.6319616470742755,1.6111170946345306,1.2998785649892235,0.5849889450756331,0.5034740920732909,49.913745617150575,1.752089840415052,2.089417482104157
Copenhagen,DNK,18.800813776571122,12.086237427795721,7.386033983652941,2.6338220925714153,1.3382523695128752,3.2229966474121925,189.42149145728646,6.445993294824384,5.737910698044433
Corfu,GRC,10.0,7.0,4.0,0.5714285714285714,0.47777777777777786,1.525,58.782222222222224,3.3000000000000003,2.838888888888889
Cork,IRL,15.0,9.0,5.5,1.5543478260869565,1.4460000000000002,2.0,185.39839743589746,5.699999999999999,3.512068965517241
Coventry,GBR,11.61327948960386,8.1292956427227,4.06464782136135,1.0669700531073547,0.9323804390224812,2.5549214877128494,124.1493987155659,5.208555851087332,3.0692238651095916
Craiova,ROU,5.034740920732908,5.034740920732908,1.5104222762198725,0.9174416788891077,0.5623418320695525,0.604168910487949,36.1485016657029,1.8125067314638468,1.3845537532015497
Cuenca,ECU,10.0,7.5,2.0,0.9166666666666666,0.9666666666666667,1.05,,2.55,1.2
Curitiba,BRA,4.915107698009099,5.682205431224393,1.8940684770747975,0.694613189573392,0.6348043349703764,1.0417376623911387,38.132250541529544,1.619428547898952,1.690945961085052
Da Nang,VNM,1.560449699925065,3.9011242498126624,0.7802248499625325,0.31642452248480485,0.44528546794290247,0.3315955612340763,39.314306699778065,1.7555059124156982,1.3712338019914383
Dakar,SEN,,,,,,0.30489805184330415,,,
Dallas,USA,18.399359999999998,8.279712,4.5998399999999995,1.50349056,2.23398896,2.7599039999999997,166.03016908232397,3.370867238940587,4.579688319999999
Damascus,SYR,3.44988,3.909864,1.1499599999999999,0.49777210402025046,0.5262917097634655,0.0919968,33.20215621333333,4.26684027567432,0.9084684
Dar es Salaam,TZA,1.9050356399009511,7.620142559603805,0.9525178199504756,0.22567345272672804,0.3751454798574181,0.24765463318712364,38.117936798337595,4.572085535762282,1.6510308879141575
Darmstadt,DEU,18.0,9.0,4.0,2.47499875,0.9827272727272726,3.0,124.36212121212122,6.0,3.3230769230769233
Davao,PHL,1.2475383314060906,2.495076662812181,1.2475383314060906,0.399212266049949,0.44911379930619266,,,0.24950766628121812,2.578245884905921
Debrecen,HUN,7.9397880065470945,6.728633903853471,1.2111541026936246,0.8873638293386648,0.4283551860637794,1.130410495847383,50.82193259529725,3.0682570601571824,1.4198095080607385
Delhi,IND,3.3635502366930976,3.924141942808614,1.6817751183465488,0.21800788571158963,0.33430407840303344,0.5605917061155162,29.004524739591794,0.6727100473386195,1.7755134036314384
Denver,USA,16.559424,9.199679999999999,5.519807999999999,1.9481289142246743,1.7628002215384613,2.7599039999999997,169.67268581482298,3.644215282748747,4.785305548799999
Derby,GBR,18.581247183366177,6.967967693762316,3.483983846881158,1.2387498122244116,1.1032615515123667,2.7291206800569072,85.3317969608337,4.320139970132636,3.1588120211722495
Detroit,USA,13.79952,7.359744,5.059824,1.6076440799999998,1.9901974400000002,1.839936,164.022628,3.4298496778811742,4.23415272
Dhaka,BGD,1.6921823065756618,4.230455766439155,5.076546919726986,0.14131785896866014,0.25012754134710874,0.42304557664391546,16.356861402113257,1.015309383945397,1.7206142921728684
Dnipro,UKR,7.4355629482709285,4.957041965513952,1.3012235159474124,0.47367289892688874,0.5116375457262614,0.3717781474135464,45.11702586368581,1.4871125896541857,1.2279944869114108
Doha,QAT,7.580071408953584,6.316726174127987,10.738434496017577,0.3960758033507278,0.4993221642405932,0.5053380939302389,213.46193743899605,6.064057127162867,5.063192327412765
Dortmund,DEU,14.5,9.0,4.75,2.0125,0.5116666666666667,3.0,78.44833333333334,5.699999999999999,3.1500000000000004
Douala,CMR,7.622451296082604,4.573470777649562,1.2958167203340427,0.6352042746735503,0.5759185423706856,0.7622451296082604,101.55478383279424,1.8293883110598248,1.4482657462556947
Douglas,IMN,11.4996,7.359744,3.679872,1.18675872,1.839936,,,,4.5998399999999995
Dresden,DEU,10.0,9.5,4.25,2.125,0.7333333333333333,2.7,79.22633333333334,6.8999999999999995,3.1999999999999997
Dubai,ARE,10.01870950176967,7.905334626261117,11.771983664579363,0.5800454737015138,0.5426800980125238,1.5028064252654505,232.91712835193567,2.2542096378981755,4.852761182882459
Dublin,IRL,20.0,10.0,6.075,1.7378451666666666,1.5025,2.0,276.5087231352718,5.25,3.83103448275862
Dubrovnik,HRV,10.0,6.607567095442275,3.329359378379214,1.9797273363202053,1.2009131061984808,1.99,68.13670111939454,1.99403543258629,2.2878497890082494
Dundee,GBR,16.839255259925597,8.1292956427227,4.645311795841544,1.4661765355624872,1.4710154020164887,3.2517182570890806,95.2991245049983,3.7975423931004624,3.6001166417771966
Durban,ZAF,7.361128284711034,3.9259350851792183,1.5703740340716872,0.6223276303489489,0.81279124810351,0.9814837712948046,41.19390702205484,1.4722256569422068,1.5614068414339484
Dusseldorf,DEU,14.5,9.0,4.5,2.521052631578948,0.6764285714285714,3.1,125.21674242424243,6.6000000000000005,3.4
Edinburgh,GBR,17.41991923440579,7.548631668242509,5.80663974480193,1.3897224455892616,1.2556858448134172,2.2065231030247334,216.61319809712583,4.947257062571245,3.74635793905369
Edmonton,CAN,17.363115383424898,8.334295384043951,4.861672307358971,1.6156957634789644,1.67578867900598,2.4308361536794854,114.62183326499465,3.281628807467305,3.574908259701037
Eindhoven,NLD,15.0,10.0,5.0,2.125,0.913,4.12,162.37724444444447,7.199999999999999,2.965909090909091
Enschede,NLD,15.0,10.0,4.75,2.158333333333333,0.6525,2.5,126.26291666666668,5.7749999999999995,3.075
Erbil (Irbil),IRQ,5.523476025875707,9.095115464185223,2.65634991305611,0.31193238859203043,0.49289731833354394,0.34936767332751756,60.06560210134077,6.288618119895316,3.327000002876784
Erlangen,DEU,14.25,8.0,3.5,2.3875,0.6174999999999999,2.7,96.87952380952382,6.0,2.888888888888889
Eskisehir,TUR,2.8263442883585896,3.532930360448237,1.7664651802241185,0.2679138856673246,0.24509704375609642,0.26496977703361774,20.869150488440344,1.3778428405748124,1.4333603176675702
Espoo,FIN,15.0,10.0,8.5,2.129166666666667,2.0506666666666664,3.0,139.46793424242426,4.5,4.461538461538462
Essen,DEU,12.0,10.5,3.8,1.56,0.58,3.0,97.25,6.0,2.7600000000000002
Eugene,USA,18.399359999999998,8.279712,5.7498,1.954932,1.4106176,1.609944,176.04330731076922,4.501682497452972,5.026968
Exeter,GBR,13.935935387524632,8.01998176139234,4.93564378308164,1.2403552568353124,1.3258494083964405,3.3097846545371,116.60966518508046,4.63369851635194,3.8065749438145984
Florence,ITA,15.0,10.0,5.0,1.4313962666666666,0.53,1.5,232.3573766658873,3.75,1.5111111111111113
Florianopolis,BRA,5.682205431224393,6.629239669761791,1.609958205513578,0.795432997632332,0.6826941504270598,0.9470342385373988,49.11950917213975,1.4205513578060982,1.758777871569455
Fort Lauderdale,USA,18.399359999999998,8.279712,5.979792,1.7996874,1.985290944,2.7599039999999997,289.5473829818182,4.535976198997853,4.5998399999999995
Fort Worth,USA,16.554824159999995,7.85192688,5.059824,1.59154464,2.11285984,2.2999199999999997,171.17997904,3.086872382467347,4.432201386666667
Fortaleza,BRA,4.735171192686994,6.146252208107718,1.6573099174404478,0.5918963990858742,0.6313561590249326,0.7386867060591711,29.19881934121641,1.704661629367318,1.8782845730991742
Frankfurt,DEU,13.5,8.84,4.5,2.5428571428571427,0.6034615384615385,3.4,149.54888888888888,6.0,3.3874999999999997
Fredericton,CAN,17.363115383424898,8.334295384043951,4.167147692021976,1.2640347999133326,1.5609440729698982,1.9099426921767386,113.57149464463473,4.3755050766230745,3.1470646632457626
Freiburg im Breisgau,DEU,13.5,9.0,4.0,2.433333333333333,0.6077777777777778,2.5,117.51041666666667,8.399999999999999,3.0810902605164787
Fresno,USA,15.179471999999999,9.001886879999999,6.439776,1.5199915733333333,3.3732159999999998,1.264956,164.022628,4.201576298358333,4.36294824
Funchal,PRT,7.5,7.5,2.5,1.1625,0.7666666666666667,1.95,108.05555555555556,2.445,1.4666666666666668
Gaborone,BWA,1.3710332913365266,6.16964981101437,0.822619974801916,0.3084824905507185,0.9140221942243512,0.47986165196778435,25.18511987669014,,1.5081366204701794
Galway,IRL,15.0,9.0,5.25,1.3,1.457142857142857,2.15,179.58833333333334,3.42,3.630769230769231
Gdansk,POL,7.8668780210351015,6.2935024168280815,2.6972153214977492,1.3996912842620897,0.5347926930555882,1.0788861285990996,87.61144178785263,1.9217659165671461,2.797112185256925
Geneva,CHE,25.59339800898693,15.35603880539216,8.189887362875819,3.5424505390817256,1.3009977321235022,3.071207761078432,212.54273684210528,9.213623283235297,4.748334942719983
Genoa,ITA,15.0,10.0,5.0,0.9208333333333334,0.6055555555555556,1.5,87.43238095238097,3.0,1.8214285714285714
Gent,BEL,17.5,8.5,4.0,2.3333333333333335,0.9444444444444444,2.5,111.66294871794874,6.8999999999999995,3.2
George Town,CYM,2.948930441286462,2.948930441286462,2.457442034405385,0.36861630516080773,0.5045947643979056,0.491488406881077,36.9632047868362,0.4718288706058339,1.793932685115931
Georgetown,GUY,13.79952,7.35054432,4.369848,1.72494,1.8468357600000003,0.919968,157.74006430933332,4.287322753426871,4.139856
Giza,EGY,2.9774667511390422,4.019580114037707,1.7120433819049492,0.10421133628986648,0.22331000633542816,0.2530846738468186,26.76808775201802,0.2679720076025138,1.3994093730353498
Glasgow,GBR,17.41991923440579,6.967967693762316,4.645311795841544,1.149250138291198,0.9167659455910813,2.903319872400965,120.93175931281951,4.777835081833027,3.4568861947387495
Goiania,BRA,4.735171192686994,6.610298984991044,1.3258479339523583,0.5411624220213708,0.804979102756789,0.8523308146836589,34.90993687591361,5.113984888101953,1.8670103559737292
Gold Coast,AUS,15.244776659567655,8.84197046254924,4.8783285310616495,1.768394092509848,1.3796522876908728,3.3843404184240193,160.41240016146767,4.189264626049192,3.0794448852326664
Gothenburg,SWE,10.170698635217969,8.051803086214226,5.9329075372104825,1.5762386622792466,1.2660824684407168,3.051209590565391,122.77896115044923,4.322546919967637,3.4410863715820796
Granada,ESP,12.0,9.0,3.0,2.23766,0.5728571428571428,1.4,79.745,4.5,1.725
Grand Rapids,USA,16.559424,9.199679999999999,7.359744,1.9051003999999998,2.3164794239999997,1.609944,183.9041586666667,5.519808,4.700806118570145
Graz,AUT,13.0,8.75,4.0,2.069230769230769,0.9029999999999999,2.7,82.79216666666667,5.699999999999999,3.3578947368421055
Grenoble,FRA,14.0,9.0,5.75,1.4857142857142858,1.0857142857142856,1.7,78.52037037037037,5.58,2.9574101426423676
Groningen,NLD,13.0,9.0,4.5,2.111111111111111,0.585,2.5,116.78104166666667,7.305,3.1384615384615384
Guadalajara,MEX,8.059729579658217,6.582112490054211,2.0149323949145543,0.7138617627697279,0.9956136539577799,0.5373153053105478,68.23746343530631,1.6119459159316434,2.673783304997726
Guangzhou,CHN,3.1719096939690243,4.440673571556634,0.7612583265525659,0.28431845075031437,0.4848490532209795,0.38062916327628293,61.93557940474732,0.9896358245183358,3.016197763537818
Guatemala City,GTM,5.570460490421533,5.863642621496351,1.7590927864489052,0.7893365067398933,0.9358373623908175,0.5863642621496351,66.97918404179339,1.7590927864489054,2.2642681507624367
Guayaquil,ECU,2.7599039999999997,6.439776,1.839936,0.5454095999999998,0.8126384,0.27599039999999997,47.05295591111111,6.899759999999999,2.313365686153846
Guelph,CAN,13.890492306739917,9.09479983783796,4.340778845856224,1.6494959614253653,1.5713619421999532,2.083573846010988,175.33345147476342,5.00057723042637,3.2411148715726474
Gurgaon,IND,4.48473364892413,3.3635502366930976,1.6817751183465488,0.20448249851642164,0.3344219488206356,0.5605917061155162,31.028270426317153,0.6727100473386195,2.078860910178373
Haarlem,NLD,20.0,12.0,5.75,2.685714285714286,0.7649999999999999,4.0,192.46855555555555,9.0,3.466666666666667
Haifa,ISR,12.45462028332539,13.70008231165793,6.227310141662695,1.6606160377767187,0.8718234198327773,1.3700082311657928,96.89694580427154,,3.404262877442273
Halifax,CAN,13.890492306739917,9.028819999380946,4.861672307358971,1.6956739526970168,1.3719532401426195,1.9099426921767386,155.39925430223894,3.6983435766695028,3.2556446352031037
Hamburg,DEU,14.5,9.0,4.2,2.3310344827586205,0.6611111111111111,3.325,127.97707070707072,6.9750000000000005,3.4705882352941178
Hangzhou,CHN,3.8062916327628296,4.440673571556634,0.7612583265525659,0.26972540068339046,0.5991384977497046,0.38062916327628293,60.45977067674358,1.1418874898288487,3.3273031706495324
Hanoi,VNM,2.048090231151648,5.461573949737727,0.7802248499625325,0.27958057123657415,0.5564235114206482,0.27307869748688635,44.49778804080671,1.638472184921318,1.8477990005231508
Hanover,DEU,12.0,8.895,4.65,2.8285714285714287,0.5215384615384615,3.2,91.48703703703704,6.1499999999999995,3.3184615384615386
Harare,ZWE,4.5998399999999995,5.519807999999999,1.3799519999999998,0.38843093333333334,0.8222214,0.919968,36.532312600000004,5.519808,2.4839136
Havana,CUB,8.279712,5.979792,2.2999199999999997,2.1542584000000002,0.9429672000000001,0.0919968,71.17587978666667,2.069928,1.9012672000000002
Heidelberg,DEU,15.0,10.0,4.0,2.111111111111111,0.5575,2.8,131.49378787878788,7.800000000000001,3.1312500000000005
Helsinki,FIN,13.2,9.225,8.0,1.6997011942500002,1.6528,3.1,120.89873015873016,3.5999999999999996,4.09578947368421
Heraklion,GRC,9.0,8.0,3.5,0.5033333333333334,0.6555555555555556,1.2,49.551190476190484,3.0,3.3363636363636364
Ho Chi Minh City,VNM,1.9505621249063312,4.068599318800907,0.9752810624531656,0.31752886224555826,0.4829322778216365,0.27307869748688635,60.430504517589114,1.7555059124156982,1.8901739170250498
Hong Kong,HKG,6.457695517999219,5.283569060181179,5.8706322890901985,0.9588610456539916,1.4156610434263222,1.4089517493816477,149.9924546382601,3.3462604047814133,4.623821812454851
Honolulu,USA,11.4996,7.129752,3.219888,0.9613665599999999,1.36155264,,125.25364319999998,3.6013511128785716,4.254852
Houston,USA,15.938445599999998,8.509704,5.519807999999999,1.5857522488888889,2.03225312,1.1499599999999999,183.9904094247059,8.557474946313528,4.415057856
Hyderabad,IND,2.8029585305775813,5.6059170611551625,1.7378342889581004,0.18696490955312084,0.3396166481412546,0.5605917061155162,22.34796663593436,1.0090650710079292,1.8351045255327387
Iasi,ROU,7.048637289026072,5.437520194391541,1.6111170946345306,1.0572955933539108,0.6177239821976146,0.604168910487949,46.403707892247375,1.8125067314638468,2.0138963682931634
Indianapolis,USA,18.399359999999998,7.359744,4.5998399999999995,1.2348014933333336,1.8828678399999996,1.609944,166.8421905309091,4.2015658554044375,3.852366
Indore,IND,2.9711360424122364,3.924141942808614,1.8219230448754278,0.1962070971404307,0.33985872183253174,0.2802958530577581,15.628362446990401,0.8408875591732743,1.1099715781087223
Innsbruck,AUT,14.5,10.0,4.3,2.775,0.5953095,2.8,122.53500000000001,5.85,3.4
Isfahan (Esfahan),IRN,4.16745504,2.755694777398272,0.5502971109593088,0.44331003309692674,0.21159263999999997,0.2529912,40.528500264,0.9659663999999999,1.05106344
Islamabad,PAK,1.2044016441457253,3.0511508318358374,2.248216402405354,0.14854286944463946,0.2801809918126207,0.1605868858860967,17.120941100433996,0.9635213153165803,1.0561675956354823
Istanbul,TUR,5.299395540672355,4.76945598660512,2.4730512523137658,0.31317067678759086,0.2884862237424259,0.3532930360448237,85.19072967032967,0.9019571210224349,1.827333739446299
Izmir,TUR,3.8862233964930604,3.532930360448237,1.7664651802241185,0.23210530856433184,0.2589133249871351,0.3108978717194449,37.50271552450084,1.3778428405748124,1.5538584781757154
Jacksonville,USA,15.639456,9.10308336,4.5998399999999995,1.669388086153846,1.9641316799999997,1.609944,180.47317451733335,3.6870884037222615,4.274018
Jaipur,IND,2.8029585305775813,3.3635502366930976,1.793893459569652,0.18856266478431,0.3106612371390152,0.448473364892413,20.110916017057416,0.6727100473386195,1.3712935580364167
Jakarta,IDN,2.443064678714367,3.5500783612568148,2.168219902359001,0.29909578603378095,0.3973112237114326,0.21376815938750712,59.39701000124305,0.9161492545178876,2.1110584531454917
Jeddah (Jiddah),SAU,6.131748123553157,7.358097748263789,1.4716195496527578,0.24686951140914012,0.5662231410092514,0.8461812410503358,60.16089832652211,3.679048874131894,3.600562498150414
Jerusalem,ISR,16.191006368323006,13.70008231165793,6.227310141662695,1.4011447818741063,0.7472772169995234,1.3700082311657928,96.89694580427154,5.978217735996187,2.6569856604427495
Johannesburg,ZAF,7.851870170358437,3.9259350851792183,1.7421336940482781,0.5895534274872171,0.7838823617788787,1.521299845506947,45.955896224516565,2.7236174653430827,1.596202554368919
Johor Bahru,MYS,1.965953627524308,3.145525804038893,2.948930441286462,0.3768077786088257,0.50656071802543,0.46298207928197455,36.41695052890266,2.3591443530291696,2.329655048616305
Kaliningrad,RUS,7.36066395681179,4.206093689606737,0.9989472512816001,0.36089883434255965,0.5339402267084109,0.2944265582724716,33.51876953825147,0.9463710801615159,1.4120496346981881
Kamloops,CAN,17.363115383424898,6.9452461533699585,4.167147692021976,1.2660191559571523,1.4573441511821295,1.3890492306739917,143.59039190753376,4.167147692021975,3.0463585940218985
Kampala,UGA,2.1228709753690977,7.492485795420344,1.1238728693130515,0.28817253059309017,0.5071001255741016,0.9989981060560459,37.133869599998846,0.9365607244275429,2.555129771258733
Kaohsiung,TWN,2.955008526620365,4.432512789930548,1.773005115972219,0.6172684477829207,1.1148441259522286,0.591001705324073,39.082942773080944,2.216256394965274,2.8466582139776184
Karachi,PAK,1.605868858860967,2.890563945949741,1.605868858860967,0.17387683506287713,0.29346466205067084,0.17664557447470638,12.174832912780772,0.9635213153165803,1.2507934111794867
Karlsruhe,DEU,11.0,8.95,4.0,2.0,0.4166666666666667,2.8,100.02857142857144,6.6000000000000005,2.999
Kathmandu,NPL,2.442575665774843,6.975298222691301,2.2332120372798565,0.17172948074781746,0.22981869564679555,0.17446969041248878,22.811427383403984,2.0936362849498655,1.362214318304477
Katowice,POL,7.8668780210351015,6.743038303744373,2.6972153214977492,1.2201688359156484,0.6156393971318612,0.8990717738325831,60.40944982178747,2.022911491123312,2.809599293226822
Kaunas,LTU,8.0,6.5,4.0,1.3785714285714286,0.8195238095238098,1.0,64.83333333333334,2.55,2.8166666666666664
Kayseri,TUR,3.532930360448237,4.204187128933402,1.4838307513882594,0.21393856071603212,0.29066381601869584,0.28263442883585893,23.1342168219418,1.0333821304311093,1.5438905675158796
Kazan,RUS,3.8862233964930604,3.8862233964930604,2.119758216268942,0.306880029348739,0.21660074864420825,0.3356283842425825,41.605506346865134,1.0598791081344712,1.60256738493268
Kelowna,CAN,11.459656153060433,8.334295384043951,4.861672307358971,1.4064123460574165,1.4524246018234928,1.7363115383424896,160.9001347561672,4.688041153524722,3.453330726258952
Kharkiv,UKR,4.008648777988403,3.9656335724111615,0.9914083931027904,0.39160631527560225,0.619630245689244,0.2478520982756976,43.48841504110372,1.1153344422406393,1.135988783763614
Kiev (Kyiv),UKR,7.4355629482709285,4.461337768962557,1.239260491378488,0.5142931039220725,0.48429664484870605,0.2478520982756976,52.77687708694685,0.8550897390511567,1.320453420123975
Kigali,RWA,3.124955838825615,7.031150637357634,0.7812389597064038,0.5022250455255453,0.6562407261533791,0.7812389597064038,60.78039106515821,1.1718584395596057,1.8228909059816087
Kingston upon Hull,GBR,11.903611476843956,6.967967693762316,3.483983846881158,1.1696231485958173,0.9000291604442991,2.322655897920772,68.13994963195985,3.2401049775994766,2.9530910702135533
Kitchener,CAN,13.195967691402922,9.028819999380946,4.861672307358971,1.0735366197066136,1.7779830152627094,2.4308361536794854,163.9724534337278,3.750432922819778,2.877316263538983
Klaipeda,LTU,8.0,5.0,4.0,1.7833333333333332,0.7749999999999999,1.0,52.587037037037035,2.4000000000000004,2.814285714285714
Knoxville,USA,13.79952,7.819728,3.679872,1.27415568,1.562105664,1.839936,169.0427144933333,3.429853940311335,3.908841813333333
Kocaeli,TUR,1.9431116982465302,4.416162950560296,1.4131721441792948,0.15898186622017066,0.2708579943010315,0.3179637324403413,25.195681687263342,1.0598791081344712,1.2365256261568829
Kochi,IND,5.879969366941813,4.7675427299528215,2.542689455974838,0.6356723639937095,0.7734013761923466,1.271344727987419,,6.102454694339611,2.542689455974838
Kolkata,IND,2.242366824462065,3.3635502366930976,1.793893459569652,0.16933735674385939,0.32033811778029503,0.16817751183465487,17.914675803376525,0.8408875591732743,1.6720339091129264
Konya,TUR,2.208081475280148,3.532930360448237,1.3778428405748124,0.21441836574487727,0.3270327605709809,0.16781419212129126,20.339076424770475,1.165867018947918,1.5264287386544033
Kosice,SVK,7.0,6.9,2.0,1.4,0.6109090909090908,0.9,73.73711111111112,3.0,2.0992307692307692
Krakow (Cracow),POL,8.99071773832583,6.743038303744373,3.1467512084140408,1.0608439450296216,0.5652049285882143,1.3486076607488746,96.63664456306523,2.3600634063105304,2.836357381733744
Krasnodar,RUS,10.515234224016844,4.206093689606737,0.8149306523613054,0.3855585882139509,0.4680320436012953,0.3680331978405895,35.13571148468603,0.8201882694733138,1.537560112414285
Kuala Lumpur,MYS,2.948930441286462,3.145525804038893,3.0472281226626774,0.322604453166571,0.46691398653702315,0.5897860882572924,50.98373074046372,0.8109558713537771,2.201868062827225
Kuwait City,KWT,5.982753462964168,5.982753462964168,2.243532548611563,0.3043150559526967,0.4740181589886994,0.8974130194446251,110.62713583056946,8.974130194446252,4.7780444701945655
Lagos,NGA,0.9099704579025111,3.6398818316100443,0.6066469719350074,0.12132939438700147,0.24265878877400293,,,3.6398818316100443,0.3033234859675037
Lahore,PAK,1.5255754159179187,3.2085259800042123,2.248216402405354,0.1455987765367277,0.244092066546867,0.14452819729748703,13.386063987791061,0.9635213153165803,1.519151940482475
Larissa,GRC,14.0,7.0,4.0,0.5,0.64,1.1,35.73037037037037,3.87,3.35
Larnaca,CYP,15.0,8.0,4.0,0.9846153846153846,1.0989999999999998,2.0,108.73476190476191,4.5,3.8049999999999997
Las Palmas de Gran Canaria,ESP,10.5,8.0,2.0,0.8141832222222223,0.8624999999999999,1.4,105.5857142857143,9.0,1.5756622500000002
Las Vegas,USA,18.399359999999998,9.199679999999999,4.5998399999999995,1.925133036521739,1.9538368000000004,2.2999199999999997,168.11561031616,5.359140121689333,4.8912858624
Lausanne,CHE,25.59339800898693,15.35603880539216,8.189887362875819,3.9618580117911772,1.3052632984583334,3.7878229053300663,198.3605823627288,8.599381731019609,4.85973463370646
Leeds,GBR,17.41991923440579,8.1292956427227,4.99371018052966,1.3087272655592042,1.3499772546413709,2.322655897920772,124.52264488628445,3.2401049775994766,3.8860936492086915
Leicester,GBR,16.839255259925597,7.548631668242509,4.93564378308164,0.9729347483512566,1.0819705391147596,2.7291206800569072,106.66474620104212,3.7975423931004624,3.535359543683229
Leipzig,DEU,10.0,8.0,4.0,2.59,0.48,3.0,80.66347222222223,7.5,3.2
Leuven,BEL,14.5,7.8,4.5,2.2222222222222223,0.8042857142857143,2.5,107.85796825396827,7.5,3.4076923076923076
Lille,FRA,14.5,10.0,6.0,1.7142857142857142,0.32999999999999996,1.8,96.32380952380953,5.699999999999999,2.87
Lima,PER,3.783757846429475,,,,,,,,
Limassol,CYP,15.0,7.0,3.0,0.8034482758620689,0.8119047619047618,1.5,198.7604761904762,4.5,3.290625
Limerick,IRL,15.5,9.0,5.35,1.518181818181818,1.1571428571428573,1.9249999999999998,163.85151515151517,3.42,3.275
Linz,AUT,15.0,8.0,4.2,2.3966666666666665,0.62625,2.6,89.95985185185185,3.8550000000000004,3.266666666666666
Lisbon,PRT,12.0,7.5,2.5,1.1651162790697673,0.7029032258064516,2.0,155.50133437479658,2.0999999999999996,1.7842734097676705
Liverpool,GBR,17.41991923440579,7.258299681002412,5.225975770321737,0.9958387162335308,1.2935406693035685,2.6129878851608686,119.24491185592974,3.2401049775994766,3.3097846545370997
Ljubljana,SVN,10.0,7.0,3.0,1.763793103448276,0.7189285714285715,1.3,91.1821893939394,3.135,2.009090909090909
Lodz,POL,7.8668780210351015,5.619198586453644,2.2476794345814577,0.9330423760881956,0.44934858029674307,0.9889789512158415,68.92771215411408,2.022911491123312,2.8318426847940175
London,GBR,22.535017218800533,9.290623591683088,6.967967693762316,1.7197467190171678,1.2995706413462471,3.2517182570890806,260.00474306776914,6.262778244774025,4.046066574177984
Los Angeles,USA,21.619248,9.889656,7.359744,2.0989796210526315,2.045928834782609,1.839936,315.9650804923536,4.716043307086614,5.0046259200000005
Louisville,USA,14.259504,8.049719999999999,4.5998399999999995,1.382711904,2.018409792,1.6559424,153.88304736,3.944331924797281,4.484844
Lucknow (Lakhnau),IND,2.8029585305775813,3.3635502366930976,1.6817751183465488,0.13080473142695379,0.3033790409566323,0.5605917061155162,18.276357413091763,1.0931538269252568,1.2781490899433772
Lund,SWE,9.199679999999999,11.959584,6.439776,2.7599039999999997,,,322.0807968,,6.439776
Luxembourg,LUX,19.450339999999997,10.0,6.0,3.0285018181818177,0.6124999999999999,0.0,206.1737047619048,9.0,3.64
Lviv,UKR,4.957041965513952,4.052381806807656,0.9914083931027904,0.45946059356507973,0.48878018648340693,0.3717781474135464,57.49974018509886,0.929445368533866,1.2829489186006537
Lyon,FRA,15.0,10.0,6.5,1.5,0.8928571428571427,2.0,113.5191500879686,4.800000000000001,2.8529411764705883
Maastricht,NLD,15.5,10.0,4.5,2.6125,0.6333333333333332,3.5,138.5272222222222,6.300000000000001,3.1444444444444444
Macao,MAC,10.01870950176967,7.905334626261117,11.771983664579363,0.5800454737015138,0.5426800980125238,1.5028064252654505,232.91712835193567,2.2542096378981755,4.852761182882459
Madison,USA,13.79952,8.279712,5.059824,1.5077253333333331,1.60534416,1.839936,192.1473471507692,6.002236936292053,4.2318527999999995
Madrid,ESP,12.0,8.0,3.0,1.563488372093023,0.7233333333333333,1.5,160.27568904079703,3.0749999999999997,2.009464285714286
Malaga,ESP,10.0,8.0,2.8,1.185,0.6522222222222223,1.4,223.57056918093474,2.58,1.7979166666666666
Male,MDV,5.107595035924232,9.61429653821032,2.854244284781189,0.3004467668190725,0.3738893098192902,0.600893533638145,103.45494947383699,4.506701502286088,2.40357413455258
Malmo,SWE,10.170698635217969,7.416134421513102,6.78046575681198,1.7919802357288803,1.4437863770331743,2.542674658804492,104.28293551886483,6.2295529140710055,3.6550948220314576
Manama,BHR,5.733742471217574,6.099726033210185,8.539616446494259,0.2815258169173931,0.7861869109470906,0.7319671239852221,110.73035992287556,16.83524385166011,4.466876295089304
Manchester,GBR,17.41991923440579,7.717024220841764,5.80663974480193,1.63479242045962,1.2187491642145383,2.322655897920772,195.43926731962125,4.4943391624766935,3.752637712407327
Manila,PHL,4.158461104686969,3.3267688837495752,1.2974398646623344,0.4617426781596366,0.7119805218862177,0.4990153325624363,65.82678790918497,0.673670698959289,2.827753551187139
Mannheim,DEU,11.0,8.5,4.0,2.3333333333333335,0.4125000000000001,2.8,88.82166666666666,6.449999999999999,3.0
Maribor,SVN,9.0,6.5,2.9,1.2666666666666666,0.6675,2.0,51.1462962962963,3.0,1.7222222222222225
Markham,CAN,19.430302954338313,8.334295384043951,3.8198853843534772,1.388057052652082,1.3195967691402921,2.7780984613479833,190.9201865920379,4.167147692021975,2.8197699382682035
Marrakech,MAR,2.9849132842545933,5.510609140162327,2.525695855907733,0.41748057989169535,0.5204464187931086,0.3673739426774884,43.43865180502754,1.790947970552756,1.3609874377491937
Marseille,FRA,14.0,9.5,6.0,1.0385714285714285,0.54,1.9,96.43958333333335,7.08,2.790909090909091
Mashhad,IRN,2.2999199999999997,3.679872,0.459984,0.5089910320661156,0.20644539863311848,0.1839936,38.232183471999996,1.379952,1.156727520188465
Medellin,COL,4.409791605839485,5.5122395072993555,1.1024479014598711,0.5870332128285508,0.5972332495457353,0.6283953038321266,43.33745711653683,4.497987437956274,1.2689602449821673
Melbourne,AUS,15.244776659567655,9.146865995740592,7.317492796592474,2.0860526945324667,1.6662128867916646,2.805038905360448,202.36934887886426,5.4881195974443555,3.3000089100191325
Memphis,USA,14.719488,8.279712,5.519807999999999,1.31248768,1.55167936,1.3799519999999998,164.07564541511113,5.402017078849994,4.334199239999999
Merida,MEX,,,,,,1.2,,,
Mersin,TUR,2.208081475280148,2.8263442883585896,1.2718549297613653,0.21441836574487727,0.3270327605709809,,18.324132136191523,1.165867018947918,1.5264287386544033
Mexico City,MEX,8.059729579658217,6.985098969037122,2.6865765265527393,0.8265173666982839,0.8694738576843412,0.3223891831863287,113.20664124471222,1.450751324338479,2.8369292310852265
Miami,USA,22.9992,9.199679999999999,5.519807999999999,1.8015373356521738,1.95230352,2.069928,322.6973077724882,3.4298496778811742,4.172712
Milan,ITA,20.0,10.0,6.0,1.2096153846153845,0.5202439024390244,2.2,197.1341522743858,6.0,1.6844262295081969
Milton Keynes,GBR,17.41991923440579,6.387303719282123,5.603407353733862,1.2987517562540316,1.1148748310019705,3.7162494366732353,158.11480025095653,3.4839838468811584,3.3263750538079626
Milwaukee,USA,18.399359999999998,8.279712,5.059824,1.6156938,1.5639455999999998,2.2999199999999997,179.6219828307692,6.002242264329755,3.9317132399999997
Minneapolis,USA,20.699279999999998,8.279712,6.439776,1.8468357599999998,1.8522022399999998,2.2999199999999997,185.9956956928,4.501683030256743,5.1805698
Minsk,BLR,9.065892806673359,5.439535684004015,1.2295135176189143,0.47497940977723524,0.6382908362103723,0.3263721410402409,48.34596170072869,1.087907136800803,1.71309483264412
Mississauga,CAN,11.112393845391933,8.334295384043951,4.861672307358971,1.0803716238575491,0.9983791345469316,2.691282884430859,205.54115537655582,4.125476215101756,3.3521941790725283
Montevideo,URY,13.444082773048523,9.77751474403529,2.933254423210587,1.4796022342191746,1.5037817676326275,1.1733017692842347,72.48610413538879,7.333136058026468,3.7007100793515497
Montpellier,FRA,13.0,10.0,5.5,1.675,0.5,1.6,93.99752777777778,4.2299999999999995,3.0
Montreal,CAN,15.974066152750906,9.723344614717941,5.208934615027469,1.3163284180092945,1.6112971075818305,2.4308361536794854,131.11021840084325,3.646254230519228,3.2699187994180186
Moscow,RUS,7.36066395681179,4.206093689606737,2.628808556004211,0.4996362831702028,0.5530540607036275,0.5783378823209264,91.93990175605136,0.9463710801615159,2.201189030894193
Mostar,BIH,4.883982383522189,4.626930679126284,1.6708360785733805,1.0282068175836188,0.8225654540668949,1.0282068175836188,26.96110602640187,1.5423102263754283,1.4851876253985603
Mumbai,IND,3.924141942808614,3.924141942808614,2.242366824462065,0.20528334381087238,0.3257132828074559,0.2242366824462065,66.27622925536286,1.0090650710079292,2.2295813995857463
Munich,DEU,15.0,10.0,4.5,2.8718181818181816,0.8255555555555556,3.7,175.15399610136453,6.540000000000001,3.645777777777778
Muscat,OMN,7.168525959537978,7.168525959537978,11.947543265896629,0.3982514421965543,1.4337051919075956,,,,4.380765864162098
Nairobi,KEN,3.9455382416011435,4.93192280200143,1.6439742673338098,0.407228902248735,0.5816850664760543,0.6575897069335239,42.02860871867002,2.9591536812008576,1.919239896234832
Nanaimo,CAN,16.668590768087903,9.028819999380946,5.556196922695967,1.7224210460357499,1.7180802671898934,1.9099426921767386,144.9912737798024,5.010995099656426,3.3734052744939795
Nanjing,CHN,2.6644041429339804,3.8062916327628296,0.6343819387938049,0.26168254975244454,0.5122374041716672,0.4440673571556634,59.22294659520666,1.1418874898288487,2.6897794204857326
Nantes,FRA,13.5,10.0,6.0,1.5625,0.435,1.7,80.49307692307691,2.13,2.6875
Naples,ITA,15.0,8.0,4.0,1.0,0.46062499999999995,1.3,133.04781028877414,3.5999999999999996,1.7407407407407407
Nashville,USA,17.939376,8.670698400000001,5.1748199999999995,1.7625504564705883,2.03312928,2.069928,265.0219303609342,3.4498799999999994,4.867467054545455
Nassau,BHS,32.198879999999996,7.359744,3.44988,1.905648,2.386167,1.1499599999999999,127.90451395555554,8.574624194702935,5.0356748399999995
Netanya,ISR,17.436468396655545,12.45462028332539,8.718234198327773,1.7436468396655547,1.1984112405955318,1.4820998137157215,120.04454952418085,2.615470259498332,3.459616745368164
New Cairo,EGY,,,,,0.14887333755695212,0.4466200126708563,,4.466200126708563,
New Orleans,USA,18.399359999999998,9.199679999999999,4.369848,1.8782679999999998,1.5639455999999998,1.494948,237.96680515021458,8.574624194702935,4.37214792
New Taipei City,TWN,4.432512789930548,4.432512789930548,1.773005115972219,0.591001705324073,,,,,3.2505093792824016
New York,USA,22.9992,11.039615999999999,7.359744,1.8942365502439025,2.2758592984615387,2.529912,228.1185097903538,5.1447745168217605,4.958841466046511
Newcastle upon Tyne,GBR,15.097263336485018,7.548631668242509,4.296913411153429,1.2339109457704098,1.0935838186043636,2.6129878851608686,122.80933965812392,3.7975423931004624,3.5352189034529395
Nice,FRA,18.0,10.65,8.0,3.0,0.7785714285714286,1.5,113.40430555555557,6.24,3.625
Nicosia,CYP,13.0,7.0,4.0,0.659375,0.9066666666666666,2.0,78.88919999999999,3.75,3.26
Nijmegen,NLD,15.0,8.0,5.5,1.9375,0.5999999999999999,2.5,136.15,5.25,3.1666666666666665
Nis,SRB,6.398240804629208,7.080719823789657,1.7061975479011222,0.8378378892952899,0.5132810956602543,0.6824790191604488,38.49976378856588,1.2796481609258417,1.372403949709997
Nizhny Novgorod,RUS,7.09778310121137,4.7318554008075795,0.8307035036973307,0.30669433153382464,0.5244473069228401,0.336487495168539,38.725507265834956,1.7350136469627793,1.652393949488361
Noida,IND,4.48473364892413,4.48473364892413,2.242366824462065,0.2242366824462065,0.3264622288555065,0.5605917061155162,22.59999981763517,0.756798803255947,2.382514750990944
Norwich,GBR,17.41991923440579,7.548631668242509,5.80663974480193,1.480693134924492,1.2774607438564247,3.0775190647450232,129.07330632731146,5.191135931852925,3.5202753452861697
Nottingham,GBR,13.935935387524632,6.967967693762316,4.645311795841544,1.5097263336485016,1.0089036556593354,3.1355854621930423,115.81395758641493,4.215620454726201,3.670689647906327
Novi Sad,SRB,6.824790191604489,6.952755007697073,2.0474370574813467,1.202336084536572,0.5263169851374315,0.5545142030678647,62.84113582295521,2.303366689666515,1.6069686905100307
Novosibirsk,RUS,6.309140534410107,3.680331978405895,1.6298613047226107,0.4619192176978828,0.5031280985552021,0.3154570267205053,39.9191975641877,0.709778310121137,1.7279881581999046
Nuremberg,DEU,10.5,9.0,3.75,3.008333333333333,0.5538461538461539,3.2,97.45530555555557,5.405929372464805,3.3000000000000003
Oakland,USA,24.839136,9.199679999999999,6.89976,1.58579484,2.3459184,2.7599039999999997,194.32411428571427,6.002236936292053,4.558023272727272
Odense,DNK,20.81518668120374,14.772067967305881,8.05749161853048,3.374074615259639,1.2254101836515106,3.2229966474121925,119.05043567663965,6.266714106312081,5.446267482895603
Olomouc,CZE,6.3201399639098295,6.3201399639098295,1.6853706570426212,1.1135484698317317,0.6139564536369548,0.7584167956691795,68.63408661640912,3.1600699819549147,2.0147840127373153
Oradea,ROU,7.048637289026072,4.430572010244959,2.2152860051224796,1.1579904117685689,0.6703397911604386,0.604168910487949,35.767402975017,1.6614645038418598,2.0362729946075317
Orlando,USA,18.399359999999998,8.279712,5.519807999999999,1.9094855808000004,1.8992228266666664,1.839936,231.78347255753843,6.8596993557623485,4.33841576
Osaka,JPN,6.356723639937095,4.449706547955967,2.860525637971693,0.7004238192842653,0.7731365127073492,1.398479200786161,63.0715092796208,8.66067768885337,2.733391165172951
Oshawa,CAN,15.279541537413909,9.723344614717941,3.8198853843534772,1.2154180768397427,1.6477596498870228,2.344020576762361,153.09637604078515,8.33429538404395,3.081952980557919
Osijek,HRV,6.660351908215083,6.323713942487384,2.0006058183890216,1.2587281807792916,0.9718299759552946,1.466050847457627,45.27725709660057,1.994584157263772,1.4491291698341642
Oslo,NOR,17.06826569720493,10.240959418322957,8.534132848602464,2.324296181707612,1.929698731420534,3.4136531394409855,151.5494258383727,3.8403597818711086,3.7016801230813186
Ostrava,CZE,8.005510620952451,7.141758159218107,1.8117734563208179,1.173106681020456,0.5477454635388519,1.0533566606516382,66.92677102893627,3.792083978345898,2.503271122960364
Ottawa,CAN,18.40490230643039,8.594742114795324,5.556196922695967,1.6268081573243567,1.5931406257641278,2.6044673075137346,160.50675525082647,5.729828076530216,3.855809071353667
Oulu,FIN,12.0,9.475,7.0,2.375,1.4756565,3.3,85.239625,4.7250000000000005,4.0
Oviedo,ESP,11.25,9.8,3.0,1.3166666666666667,0.6975,1.2,69.64952380952381,3.0,1.7
Oxford,GBR,15.097263336485018,8.1292956427227,5.80663974480193,1.5097263336485016,1.1768123216131912,2.903319872400965,195.07670160832302,5.191135931852925,3.3291401203531064
Padova,ITA,15.0,8.25,5.0,1.1363636363636365,0.3411111111111111,1.3,92.71166666666666,5.25,1.5111111111111113
Palermo,ITA,10.0,8.5,4.0,1.0,0.35625,1.45,64.83333333333334,2.52,1.625
Palma de Mallorca,ESP,12.5,9.0,3.0,1.6625,0.6500000000000001,2.0,111.6574074074074,4.995,2.3818181818181823
Pamplona,ESP,12.0,8.5,3.0,0.95,0.7875000000000001,1.35,99.84333333333335,3.3899999999999997,1.675
Panama City,PAN,18.399359999999998,8.739696,4.5998399999999995,1.8583353599999999,1.9012672000000002,,176.9456229333333,4.287312097351467,4.43654568
Paphos,CYP,12.538652,7.0,3.0,0.91195225,0.8158256302870672,1.5,101.78833333333334,4.5,3.25
Paris,FRA,15.0,10.0,7.0,2.504882690035932,0.7968571428571429,2.1,174.66680455015512,5.271170365068002,3.804540936265931
Parma,ITA,15.0,8.5,5.0,0.9375,0.6,1.55,73.26166666666667,3.9000000000000004,1.7222222222222223
Patras,GRC,10.0,6.0,3.0,0.5,0.9333333333333333,1.4,39.29897435897436,4.1850000000000005,3.2916666666666665
Pattaya,THA,2.581279461279461,6.375760269360269,1.7423636363636361,0.3432386577312083,0.4734733468572095,0.2581279461279461,51.66808281563451,2.323151515151515,1.5487676767676766
Penang,MYS,1.965953627524308,3.440418848167539,3.735311892296185,0.4103928197456993,0.3243823485415108,0.3931907255048616,46.97786618228443,1.0616149588631263,2.5803141361256543
Perth,AUS,18.293731991481184,9.146865995740592,6.707701730209768,2.2391886658200257,1.7247559193218356,2.7440597987221778,198.8970448397619,4.573432997870297,3.3806221802143686
Petah Tikva,ISR,16.191006368323006,13.70008231165793,6.227310141662695,1.4011447818741063,1.1520523762075985,1.4945544339990469,105.29468110730839,6.314492483645973,3.044462735923984
Petaling Jaya,MYS,2.6206161854899026,3.5387165295437546,3.931907255048616,0.41565876696228227,0.6094456245325355,0.5897860882572924,51.71206975104178,0.8846791323859386,2.533895786586886
Philadelphia,USA,22.9992,8.279712,5.519807999999999,1.6122439199999998,1.763272,2.2999199999999997,226.03312214933334,9.43208661417323,4.337868159999999
Phnom Penh,KHM,4.5998399999999995,5.7498,0.919968,0.6647436197260198,0.8125519340756657,0.919968,65.8410023911111,2.759904,2.732203367844252
Phoenix,USA,18.399359999999998,9.199679999999999,5.519807999999999,1.6965046254545453,2.19872352,1.839936,202.0324998109091,3.4298496778811742,4.776756923076923
Phuket,THA,3.6137912457912456,6.453198653198653,2.0650235690235688,0.4388175084175084,0.4229327117327117,1.0325117845117844,55.22867205107638,3.8719191919191918,2.1146635586635583
Pittsburgh,USA,18.399359999999998,8.279712,4.5998399999999995,1.4881835294117647,1.3094211199999997,2.529912,183.29976013439997,4.287312097351467,4.005107745882353
Playa del Carmen,MEX,6.716441316381848,6.716441316381848,2.9923084785564313,0.7791071927002944,0.9492570393819679,0.5373153053105478,119.51407894813869,7.253756621692396,3.1097123294847955
Plovdiv,BGR,7.670661478599222,5.88084046692607,1.7898210116731519,0.6917052631578946,0.5982891092736338,0.5113774319066148,38.127449027237354,1.5341322957198442,1.527740077821012
Plymouth,GBR,13.935935387524632,6.956354414272712,4.645311795841544,1.1381013899811783,0.9145457598063039,3.658183039225216,117.24158658064125,4.4943391624766935,3.616707041048059
Plzen,CZE,8.426853285213106,6.952153960300812,2.1067133213032765,1.220388931126398,0.5250577816171244,0.8426853285213106,71.02432843887114,3.6656811790677013,2.535320514258081
Podgorica,MNE,7.0,5.0,2.0,1.425,0.6423076923076925,0.9,56.37412698412699,1.7999999999999998,1.5469539565424224
Port Elizabeth,ZAF,10.060208655771746,4.1713060280029195,1.717596599765908,0.667408964480467,0.7176486650236199,0.8705761051384915,55.431295302667465,1.1777805255537654,1.5611726237157983
Port of Spain,TTO,9.819311031385936,5.552989686714805,1.3543877284670256,0.7352390525963854,1.0609370539658367,,,2.0197860422140086,2.708775456934051
Portland,USA,18.399359999999998,9.199679999999999,5.979792,2.069574166153846,2.2122524611764707,2.2999199999999997,126.55505233986929,4.287312097351467,5.089500387096774
Porto,PRT,8.5,7.0,2.0,1.0732558139534885,0.6046666666666666,1.5,111.18916666666667,2.0999999999999996,1.3526315789473684
Porto Alegre,BRA,5.682205431224393,5.682205431224393,1.8940684770747975,0.7502696632843593,0.6379459389347553,0.9091528689959028,39.73704727387319,1.704661629367318,1.708304068746308
Portsmouth,GBR,13.935935387524632,6.477367605043873,5.225975770321737,1.2645570999790867,1.357302040347451,3.3678510519851192,121.7598303681925,4.912417224102432,3.7097976147345664
Poznan,POL,7.8668780210351015,6.428363182902969,2.6972153214977492,1.1794365300074576,0.5926849709061981,1.1238397172907288,77.23401150460985,1.955481108085868,2.9844771693067544
Prague,CZE,10.533566606516382,8.005510620952451,2.3173846534336042,1.4005157167331563,0.7591691932839307,1.3482965256340969,120.29525971889474,3.792083978345898,2.957619039469225
Pretoria,ZAF,6.256959042004379,3.9259350851792183,1.766670788330648,0.63276704864363,0.7996415962130945,1.9629675425896091,36.58889709072757,3.3125077281199653,1.5324566392126473
Pristina,XKX,5.0,5.0,1.8,0.9777777777777779,0.44499999999999995,0.5,41.925555555555555,2.7,1.113333333333333
Puebla,MEX,6.447783663726574,7.522414274347669,2.4179188738974653,0.8820926262181494,0.8417939783198582,0.4567180095139657,49.2347984426114,2.9820999444735405,2.6865765265527393
Puerto Vallarta,MEX,8.059729579658217,6.985098969037122,1.8806035685869174,0.8101061526220568,1.1820936716832053,0.5373153053105478,117.3945012241399,5.532289923235929,2.65299431997083
Pune,IND,3.3635502366930976,3.924141942808614,2.0181301420158584,0.18487068708342802,0.33454666332700167,0.448473364892413,28.282405330262005,0.9586118174575329,1.9465879623782594
Qingdao,CHN,2.5375277551752196,4.186920796039113,0.7612583265525659,0.25596660945221766,0.48394279330841683,0.38062916327628293,33.90408455410133,0.8115229914094637,2.59377363655336
Quebec City,CAN,17.363115383424898,10.07060692238644,5.729828076530216,1.3730217395508302,1.1135544665903168,2.6044673075137346,96.96103815916392,6.2507215380329635,3.7702764832579776
Quezon City,PHL,3.3267688837495752,2.536661273859051,1.2475383314060906,0.5004014862639986,0.7485229988436545,0.4628699553728083,47.134564084886755,0.673670698959289,2.576859731204358
Quito,ECU,3.219888,6.439776,1.839936,0.459984,0.9397826953846156,,52.48724096,3.794868,2.3919168
Rabat,MAR,3.2145219984280238,4.638096026303291,3.2145219984280238,0.38503615146006,0.5289994746168831,0.5510609140162327,50.6774491312813,2.479774113073047,1.7067581086891648
Raleigh,USA,20.239296,9.199679999999999,5.979792,2.1121382964705884,2.61960888,2.069928,222.73883895930433,6.8596993557623485,4.92412872
Ramallah,PSE,8.095503184161503,7.472772169995234,4.981848113330156,0.71614066629121,0.7472772169995234,1.245462028332539,53.01130117017198,3.1759281722479744,3.3129289953645538
Ramat Gan,ISR,17.436468396655545,13.70008231165793,6.476402547329203,2.0550123467486894,1.6813737382489278,1.4945544339990469,156.6500623835723,2.9891088679980937,3.736386084997617
Reading,GBR,25.54921487712849,6.967967693762316,4.645311795841544,1.3272319416690124,1.2077810669188014,2.5549214877128494,164.33586471321144,4.773057870227187,3.3420437642304446
Recife,BRA,4.735171192686994,6.061019126639352,1.515254781659838,0.5208688311955694,0.6315365464989396,0.795508760371415,31.791237880857114,1.559765390871096,1.4847729503739597
Regina,CAN,12.154180768397428,9.028819999380946,4.861672307358971,1.4315888633633829,1.0681788583882996,2.2572049998452366,90.05669178869714,6.042364153431864,3.075751867920982
Rehovot,ISR,14.945544339990468,11.707343066325867,7.472772169995234,2.0994931334748514,0.8469141792661266,1.4447359528657453,109.00906402980547,4.857301910496902,3.273785903045531
Reno,USA,17.479392,9.12608256,4.5998399999999995,1.5236969999999999,1.4044844799999998,1.839936,191.2861710032,5.1447745168217605,5.2438176
Reykjavik,ISL,18.106740302089214,14.099370873786405,9.233929483903934,1.927867428996144,1.9336088181619093,3.6935717935615733,193.64790832089932,7.9378215636177805,4.310150794910504
Riga,LVA,12.0,7.0,4.0,1.0942857142857143,0.7396874999999999,1.5,70.403880866426,2.8499999999999996,2.7073529411764703
Rijeka,HRV,11.973299644201516,6.494406288268686,2.396036072995991,1.4875929637101732,0.967825319163094,1.6505129629088358,54.53445786352418,1.993499404400775,1.612728264191373
Rimini,ITA,15.0,9.0,5.0,1.0555555555555556,0.32875,1.5,82.66250000000001,3.9000000000000004,1.725
Rio de Janeiro,BRA,6.629239669761791,6.629239669761791,1.8940684770747975,0.7497354388421074,0.5369940087706656,0.9091528689959028,207.08991215846422,3.1252129871734162,1.709012867760598
Riyadh,SAU,6.131748123553157,6.377018048495283,1.4716195496527578,0.26955164751139676,0.5293083218912339,0.9810796997685052,116.23744274237123,3.679048874131894,3.6935850866848163
Rome,ITA,15.0,10.0,5.0,1.0999999999999999,0.5436111111111113,1.5,239.01813714018255,3.9000000000000004,1.552325581395349
Rotterdam,NLD,15.0,9.0,4.0,2.0972222222222223,0.8583333333333334,4.0,160.17425431711146,6.0,2.8119047619047617
Sacramento,USA,16.559424,9.199679999999999,6.89976,1.839016032,2.436075264,2.529912,228.63760266666665,6.8596993557623485,4.634515716923078
Saint Helier,JEY,46.45311795841544,8.1292956427227,6.677635706522219,1.7171063245342848,1.1148748310019705,2.5549214877128494,221.17248844627852,10.638093762002132,4.06464782136135
Saint Louis,USA,18.399359999999998,7.359744,5.519807999999999,1.3635970133333333,1.5946112,2.2999199999999997,143.14702079999998,4.287312097351467,4.185854399999999
Saint Petersburg,RUS,7.36066395681179,4.206093689606737,2.1030468448033686,0.4260161112125863,0.5226448576767675,0.6834902245610949,56.50626944941149,1.5772851336025264,1.7907949060037573
Salt Lake City,USA,17.019408,8.822493119999999,5.289816,1.6453273846153846,1.97333136,2.2999199999999997,195.21177923333335,4.630297065139585,4.43556
Salvador,BRA,4.735171192686994,5.682205431224393,1.7046616293673178,0.6061019126639352,0.4884802602375902,0.9280935537666509,52.394143116949074,5.682205431224393,1.467903069732968
Salzburg,AUT,15.0,9.9,4.4,2.711111111111111,0.7211111111111111,2.5,135.13119047619045,7.409999999999999,3.8499999999999996
San Antonio,USA,16.559424,8.739696,4.5998399999999995,1.7719605866666666,1.5240803200000002,1.839936,178.86870917236365,4.471044480000001,4.902945246315789
San Diego,USA,22.9992,10.119648,7.359744,2.1111781780645162,2.0165698560000003,2.529912,302.53081067363314,5.1447745168217605,4.999719424
San Francisco,USA,22.9992,11.039615999999999,6.439776,2.0089375288888887,2.177418997894737,2.529912,248.6519156572454,6.422393521832497,4.923873173333333
San Juan,PRI,3.219888,6.439776,1.839936,0.459984,0.9397826953846156,,52.48724096,3.794868,2.3919168
San Salvador,SLV,1.9319328,5.979792,1.1499599999999999,0.459984,1.1039615999999999,,,,2.989896
Santa Cruz de Tenerife,ESP,10.0,9.0,2.0,0.95,0.62,1.5,91.48703703703704,6.0,1.8111111111111111
Santiago,CHL,10.308075186518595,9.16273349912764,3.836894652759699,1.1769358231302653,1.2146823610175639,0.916273349912764,101.79742912680334,3.436025062172865,3.0524820155708006
Santo Domingo,DOM,8.727016888152347,6.654697439443764,2.4955115397914116,0.45751044896175874,0.8422351446796014,0.5822860259513293,105.78919189232532,6.737881157436811,1.9779239611680075
Sao Jose dos Campos,BRA,4.735171192686994,6.629239669761791,1.8940684770747975,0.6423597949393671,0.5717172849262697,0.9470342385373988,41.29108739782998,1.6478395750550736,1.433133384118095
Sao Paulo,BRA,7.386867060591711,6.629239669761791,2.272882172489757,0.8329816053394241,0.6550714747483065,0.8523308146836589,72.74599308393896,2.272882172489757,1.7416317375626802
Sarajevo,BIH,5.141034087918094,5.141034087918094,2.0331350016558827,0.8767186241959727,0.5600611377595621,0.822565454066895,35.48858351424629,2.313465339563142,1.458990018743652
Sarasota,USA,22.9992,8.279712,3.679872,1.9395992,3.37014944,1.839936,261.6906474,2.1436560486757337,4.628589
Saskatoon,CAN,13.890492306739917,8.334295384043951,4.861672307358971,1.4689195614377462,1.6867026372469898,2.083573846010988,115.57275446216131,7.292508461038456,3.1427238843999064
Seattle,USA,22.9992,11.039615999999999,7.359744,1.9399530338461541,1.7859924218181817,2.529912,160.66307947241316,5.016155153901216,5.46949725
Seoul,KOR,6.971035681968968,5.576828545575174,3.485517840984484,0.745360754407269,0.9783706475481704,0.871379460246121,94.82859045097932,2.0913107045906902,3.5768942061854663
Seville (Sevilla),ESP,10.0,8.25,2.5,1.2875,0.5857142857142856,1.4,85.47392132083333,3.0,1.5583333333333336
Sfax,TUN,2.820394029850746,4.453253731343284,1.0984692537313434,0.2342081592039801,0.25791761194029855,0.2820394029850746,21.277110950243056,0.8906507462686567,0.5178969154228856
Shanghai,CHN,5.075055510350439,5.075055510350439,1.2687638775876098,0.30915542375130683,0.5249510543518736,0.5075055510350439,115.70985589834825,1.1418874898288487,3.4958305505538543
Sharjah,ARE,6.261693438606044,6.7626289136945275,11.271048189490878,0.5844247209365642,0.5277713041110809,1.2523386877212088,77.94555992376804,2.4195183446773756,3.840505309011707
Sheffield,GBR,12.774607438564246,7.548631668242509,4.645311795841544,1.4555310293636838,1.1884256011027947,2.4387886928168108,111.28270227186371,3.449144008412346,3.8432696810907774
Shenzhen,CHN,3.8062916327628296,5.075055510350439,1.0150111020700878,0.32115585651436374,0.5135472837854611,0.5075055510350439,86.15153487127857,0.9896358245183358,3.697036965526119
Sibiu,ROU,6.746552833782097,4.833351283903592,1.5104222762198725,0.98680922046365,0.5584689544382195,0.604168910487949,40.43385476628209,1.8819861561699613,1.835743997251845
Singapore,SGP,8.142480666467524,6.785400555389603,6.785400555389603,1.0143145739314217,1.4044498885400742,1.3570801110779205,242.83838318021205,2.035620166616881,4.174326226286797
Skopje,MKD,6.50350995860743,4.064693724129644,1.9510529875822291,1.0327105895100148,0.4645856798492493,0.6503509958607431,36.78708352921169,1.7071713641344504,1.5687376150440482
Sliema,MLT,15.0,9.0,4.0,1.3928571428571428,0.9485714285714285,2.0,126.71969696969698,10.25262467191601,2.4
Sofia,BGR,10.227548638132296,6.750182101167315,2.045509727626459,0.9369686905423649,0.6021266333148046,0.8182038910505838,58.778351997853214,1.87164140077821,2.0634580727855347
Sousse,TUN,1.7813014925373134,2.9688358208955226,1.187534328358209,0.2441042786069652,0.2388563364993216,0.27461731343283585,22.242078142620237,1.335976119402985,0.8609623880597015
Southampton,GBR,13.935935387524632,6.967967693762316,4.645311795841544,1.3742380729364567,1.1903611476843956,2.322655897920772,123.54287368814819,4.825317627930404,3.411723441168067
Split,HRV,8.327006126690907,5.7824404361993835,2.6593872741555384,1.3035736940730431,0.8652048026489417,1.4602982090901566,65.25869524558978,3.0,1.6756734481981934
Spokane,USA,21.159264,9.199679999999999,5.059824,1.9166,1.72494,1.839936,174.4365737632,4.716043307086614,4.497621333333334
St. John's,CAN,13.890492306739917,8.334295384043951,5.208934615027469,1.0996639742835768,2.154183848570249,1.7363115383424896,94.8972389723396,5.208934615027469,2.990796624794939
St.Catharines,CAN,16.998489960372975,8.681557691712449,4.688041153524722,1.199543228489183,1.5259697976975708,2.083573846010988,139.42310672056615,8.33429538404395,2.99224355107689
Stavanger,NOR,17.06826569720493,11.307726024398264,8.960839491032587,2.4087589965180456,2.1050861026552745,3.49899446792701,125.18328327859393,4.224395760058219,4.023234057198304
Stockholm,SWE,11.71721785766014,7.628023976413477,6.229552914071006,1.7975144211687992,1.2609058436225355,3.3054770564458402,171.79767186588919,7.628023976413477,3.5552836895915445
Stuttgart,DEU,12.0,9.49,4.0,2.5277777777777777,0.6314285714285715,2.75,131.30656862745099,6.8999999999999995,3.1750000000000007
Surabaya,IDN,1.5269154241964795,3.053830848392959,2.137681593875071,0.26127219480695313,0.39263539479338044,0.33592139332322546,28.992660787792925,0.9161492545178876,1.4726250980028268
Surat,IND,2.8029585305775813,3.3635502366930976,1.962070971404307,0.18686390203850542,0.316881838088455,0.2522662677519823,48.92040896197461,0.6727100473386195,1.7770757083861866
Surrey,CAN,9.199679999999999,7.589735999999999,3.679872,1.494948,1.3799519999999998,4.5998399999999995,57.656438933333334,,3.9865279999999994
Suva,FJI,4.1158196134574085,6.153150322118826,2.469491768074445,0.8411706335003579,0.5414589358148414,0.6173729420186113,72.04742233357194,1.2347458840372227,2.5152230971128606
Suzhou,CHN,5.075055510350439,6.343819387938049,3.1719096939690243,0.5528185466631728,0.9938650374436276,0.38062916327628293,83.94217999443211,0.8373841592078226,4.507132631811223
Swansea,GBR,16.2585912854454,8.709959617202895,4.645311795841544,1.2054584110208804,1.1032615515123667,4.354979808601447,99.13546999861562,4.320139970132636,3.7839935670292575
Sydney,AUS,15.244776659567655,9.146865995740592,6.097910663827062,2.0374516435785353,1.5492504280285628,3.048955331913531,235.640023092051,5.122244957614732,2.9997987051337005
Szczecin,POL,7.8668780210351015,6.068734473369935,1.1238397172907288,0.7330645927356382,0.6290692817534854,0.44953588691629154,89.76632280535787,2.022911491123312,2.6972153214977492
Szeged,HUN,8.074360684624164,5.382907123082776,1.345726780770694,0.8478078718855373,0.37781022055214736,1.2784404417321593,48.277200634159335,3.9564367354658403,1.598050552165199
Tacoma,USA,18.399359999999998,9.199679999999999,5.519807999999999,2.1619248,2.2539216,2.184924,207.76199546666666,4.287317425389169,4.427346
Taichung,TWN,3.546010231944438,4.432512789930548,2.142381181799765,0.6150111496028635,1.014552927472992,0.591001705324073,50.23733384775111,2.216256394965274,2.7049693435986417
Taipei,TWN,5.8523383602906245,4.728013642592584,1.9207555423032374,0.6237786668865495,1.0342529843171278,0.7387521316550912,132.17535090735433,2.216256394965274,2.9170933608941745
Tallinn,EST,12.0,7.0,5.0,1.5180555555555553,0.8488372093023258,1.5,85.69441176470588,2.4000000000000004,3.180869565217391
Tampa,USA,18.399359999999998,9.659664,5.979792,1.6580332363636363,2.74610448,2.7599039999999997,246.43911388358623,6.8596993557623485,4.565462248421053
Tampere,FIN,11.5,9.9,7.0,2.0625,1.1999999999999997,2.7,102.43666666666667,4.65,3.7777777777777777
Tangier,MAR,4.132956855121745,5.969826568509187,2.3879306274036747,0.3168600255593338,0.5032257652301013,0.3214521998428024,41.23504629721605,1.51541751354464,2.000147021244104
Tartu,EST,10.0,7.0,4.0,1.3050000000000002,0.877,1.5,61.519629629629634,2.085,3.0545454545454542
Tashkent,UZB,5.519807999999999,3.219888,1.0119648,0.308192099179289,0.28354595456507903,0.11809189604278413,70.29363782286234,0.7447073810293157,1.5959509292469223
Tauranga,NZL,17.371441380310138,6.724428921410376,4.763137152665683,1.7278046534179439,1.400922691960495,1.5242038888530187,146.17009446608168,3.7824912682933367,2.7878361570013848
Tbilisi,GEO,10.594641074856046,7.063094049904031,1.7657735124760077,0.4143631749744763,0.606858518234165,0.35315470249520153,112.70796157927165,2.118928214971209,2.7338079049165804
Tehran,IRN,3.679872,3.679872,0.8895939859245454,0.7249260674694936,0.24031745331835974,0.27599039999999997,59.1591127627907,0.9371098210940797,1.2740851575175465
San Jose,USA,18.399359999999998,10.119648,7.359744,2.2374590147368423,2.0561284800000004,2.2999199999999997,309.02857191733335,5.573512120202149,5.02762512
Tel Aviv-Yafo,ISR,17.436468396655545,14.198267122990945,8.220049386994758,2.074472690941385,1.3622240934887146,1.3700082311657928,194.58613078807485,2.9891088679980937,3.6209530189570405
The Hague (Den Haag),NLD,12.5,9.0,3.5,2.1229166666666663,0.6570476600036325,4.0,140.0122142857143,7.199999999999999,2.8673076923076923
Thessaloniki,GRC,14.0,7.0,4.0,0.5102941176470589,0.758888888888889,1.0,96.13039457459926,3.9000000000000004,3.3109375
Tijuana,MEX,10.746306106210957,6.447783663726574,2.6865765265527393,0.6447783663726574,0.8218091054187018,0.8328387232313491,75.04935417416202,4.835837747794931,3.4656837192530334
Timisoara,ROU,6.04168910487949,5.034740920732908,1.812506731463847,1.2838589347868916,0.5619686274978059,0.8055585473172653,49.76396801614074,1.8125067314638468,1.9764467420711578
Tirana,ALB,7.027640283607131,6.5591309313666555,1.8740374089619016,0.7084652493780996,0.5829904128788109,0.3748074817923803,60.558894462562236,8.433168340328557,1.4589517459698624
Tokyo,JPN,6.356723639937095,4.52256110204983,3.1783618199685475,0.731008359329106,0.760025770199979,0.9535085459905643,186.92021151685393,8.00947178632074,2.854763130742889
Toronto,CAN,15.279541537413909,9.028819999380946,5.556196922695967,1.4419606844783792,1.6652249012432911,2.2919312306120863,151.73079145790555,3.646254230519228,3.476476471413691
Toulouse,FRA,15.0,9.0,6.0,1.875,0.7928571428571428,1.8,87.8851851851852,4.305,2.7329999999999997
Trento,ITA,14.75,8.0,5.0,1.3125,0.3583333333333334,1.2,102.55454545454546,4.5,1.6777777777777778
Treviso,ITA,15.0,9.0,5.5,1.275,0.5083333333333334,1.5,91.415,3.0,1.52
Trieste,ITA,18.0,10.0,5.0,1.25,0.41333333333333333,1.4,76.59595238095238,4.199999999999999,1.4777777777777779
Trinidad,TTO,7.449132506568641,3.7245662532843204,1.3543877284670256,0.6771938642335128,1.0835101827736204,0.5417550913868102,52.6856826373673,2.0197860422140086,2.708775456934051
Tripoli,LBY,5.711462994537292,3.8076419963581944,0.666337349362684,0.13784182558426714,0.24004699542258182,0.1903820998179097,28.251998494089584,1.7134388983611877,0.5532979775958001
Tromso,NOR,19.201798909355542,12.801199272903695,9.38754613346271,2.0766389931599325,1.1935594369688303,3.4136531394409855,129.71723890378547,2.752257843674294,4.203060427936713
Trondheim,NOR,19.628505551785665,10.240959418322957,8.534132848602464,2.8845369028276324,2.2748205226441454,3.669677124899059,129.67881555102963,6.400599636451848,4.028052736442989
Tucson,USA,27.59904,9.67806336,5.519807999999999,1.6516963938461537,1.6616922,1.609944,158.0581688,3.8585808876163203,4.972733696
Tunis,TUN,,,0.8906507462686567,0.14844179104477612,,,,1.068780895522388,
Turin,ITA,15.0,10.0,5.0,1.084375,0.38500000000000006,1.7,78.88055555555556,5.16,1.5150000000000001
Turku,FIN,12.0,8.0,6.5,1.7483333333333333,1.4877777777777779,3.0,90.51912121212122,6.0,3.3666666666666667
Tuzla,BIH,4.112827270334475,5.141034087918094,1.542310226375428,0.8996809653856663,0.6112118304524844,1.0282068175836188,26.84663579602004,1.927887782969285,1.2852585219795234
Ulaanbaatar,MNG,3.9214322250639384,3.9214322250639384,1.3725012787723785,0.37605529542920846,0.4378605865302643,0.13071440750213129,47.03431167945438,1.3725012787723783,2.0435019039499855
Uppsala,SWE,10.594477745018718,8.475582196014974,6.78046575681198,1.4879355410781845,1.318423897157885,2.4579188368443425,101.9073182949946,3.30547705644584,3.3713982513037344
Utrecht,NLD,16.5,9.075,5.25,1.887857142857143,0.7590230000000001,2.8,158.19333333333333,7.199999999999999,3.198571428571429
Vadodara,IND,2.242366824462065,3.3635502366930976,2.8029585305775813,0.18219230448754278,0.3218455912757317,0.2802958530577581,14.810599295694393,0.5045325355039646,1.5322839967157442
Valletta,MLT,16.0,9.5,4.0,1.5999999999999999,1.3333333333333333,1.75,123.9037037037037,9.0,2.77349125
Vancouver,CAN,17.363115383424898,9.376082307049444,5.556196922695967,1.7607852628829361,1.72936629218912,2.153026307544687,164.4202054054054,4.167147692021975,3.774442060001465
Varna,BGR,7.670661478599222,6.136529182879378,2.045509727626459,0.8264833351862145,0.5447387215119511,0.8182038910505838,43.106067710415836,1.687545525291829,1.5771344888574461
Vicenza,ITA,12.0,9.0,5.0,1.6111111111111112,0.4685714285714286,2.0,69.45270833333333,6.0,1.6416666666666666
Victoria,CAN,17.710377691093395,9.723344614717941,5.556196922695967,1.8133131804776783,1.7811885134873418,1.7363115383424896,159.25219312183418,6.2507215380329635,3.7113659132070715
Vienna,AUT,14.0,9.0,4.1,1.9755813953488377,0.5722222222222223,2.4,101.76582342781673,4.800000000000001,3.422413793103448
Vigo,ESP,10.0,7.0,2.225,1.0285714285714287,0.61,1.35,75.94761904761904,3.0,1.4562499999999998
Villach,AUT,17.5,9.0,3.7,2.257142857142857,0.49375,2.3,82.98666666666666,5.4,2.9454545454545453
Vilnius,LTU,10.0,7.0,4.3,1.595945945945946,0.7526470588235294,0.75,96.21617117117117,2.25,2.8243589743589745
Warsaw,POL,8.99071773832583,6.743038303744373,3.1467512084140408,1.493245686265028,0.5626561674256583,0.9889789512158415,110.71604911744562,2.022911491123312,3.079715155101962
Washington,USA,18.399359999999998,9.199679999999999,7.359744,2.039144455384615,2.350936407272728,2.529912,190.27572938271607,4.710366768675733,4.787820128
Wellington,NZL,13.448857842820752,8.40553615176297,6.724428921410376,2.0940748760696444,1.0736671511185234,2.241476307136792,184.1895118215962,5.883875306234079,3.0482145469899042
Wiesbaden,DEU,12.0,9.0,3.4,1.8,0.4566666666666667,3.1,94.3325,8.7,3.0714285714285716
Windhoek,NAM,7.347987220447283,3.9189265175718844,1.224664536741214,0.7286753993610222,0.9111504153354631,0.6368255591054313,40.334734739084126,1.9104766773162938,1.7308592119275823
Windsor,CAN,13.890492306739917,9.021874753227577,4.167147692021976,1.2805297595275862,1.5048033332301576,2.187752538311537,125.67001990513646,4.91723427658593,3.450051026686527
Winnipeg,CAN,13.890492306739917,9.376082307049444,4.167147692021976,1.4594487712286053,1.9954560354401063,2.153026307544687,96.01781886151232,3.33371815361758,3.2998253523891345
Wroclaw,POL,8.99071773832583,6.743038303744373,2.6972153214977492,0.9984464494402906,0.5384710948143254,1.011455745561656,90.1670653178818,2.022911491123312,2.719143901347324
Yangon,MMR,2.0239296,4.5998399999999995,0.919968,0.2882371838758461,0.3924727717571,0.13799519999999998,99.69167519999999,2.759904,2.037509942355285
Yekaterinburg,RUS,7.36066395681179,4.206093689606737,0.736066395681179,0.3455005530748391,0.5586218181508948,0.34700272939255583,39.54078576037801,1.5772851336025264,1.8343241924118274
Yerevan,ARM,8.276290444380336,7.093963238040288,1.4187926476080577,0.49338194772676597,0.589193057826124,0.2364654412680096,128.8950669558937,0.7093963238040288,2.975579452254173
Zadar,HRV,7.995605563754918,6.647360829926032,2.6433903625804422,1.8554125736016915,0.9410745806933497,1.5953665991822477,55.07603790487681,3.2126571327224527,1.691879489555531
Zagreb,HRV,10.606939531750044,7.296961517262822,2.6591996428852767,1.7371983577949965,1.0211377208880161,0.5663856794141578,78.44435379246818,2.3882721881877953,1.9761385512514458
Zaragoza (Saragossa),ESP,12.0,7.5,2.5,1.4714285714285715,0.54125,1.4,81.85208333333334,2.46,1.657142857142857
Zurich,CHE,25.59339800898693,16.379774725751638,8.189887362875819,4.58270431188015,1.3338676844683777,4.5044380495817,205.5156073619632,15.35603880539216,5.598555814465891
Hamilton,CAN,13.195967691402922,9.028819999380946,5.556196922695967,1.2751471937587244,1.9924174902480072,2.2572049998452366,147.76802177662054,3.750432922819778,3.3510812690010052
