"iso3","year","env_score"
AFG,2012-01-01 00:00:00.000,0.49242424242424265
AFG,2013-01-01 00:00:00.000,0.6060606060606064
AFG,2014-01-01 00:00:00.000,0.8133086876155264
AFG,2015-01-01 00:00:00.000,1.0545454545454547
AFG,2016-01-01 00:00:00.000,1.1524822695035466
AFG,2017-01-01 00:00:00.000,1.1804384485666104
AFG,2018-01-01 00:00:00.000,1.197301854974705
AFG,2019-01-01 00:00:00.000,1.2121212121212124
AFG,2020-01-01 00:00:00.000,1.2033898305084745
AFG,2021-01-01 00:00:00.000,1.2033898305084745
AGO,2012-01-01 00:00:00.000,3.049242424242424
AGO,2013-01-01 00:00:00.000,3.4848484848484853
AGO,2014-01-01 00:00:00.000,3.54898336414048
AGO,2015-01-01 00:00:00.000,3.854545454545454
AGO,2016-01-01 00:00:00.000,4.007092198581561
AGO,2017-01-01 00:00:00.000,4.232715008431703
AGO,2018-01-01 00:00:00.000,4.249578414839798
AGO,2019-01-01 00:00:00.000,4.276094276094277
AGO,2020-01-01 00:00:00.000,4.305084745762712
AGO,2021-01-01 00:00:00.000,4.305084745762712
ALB,2012-01-01 00:00:00.000,3.6931818181818183
ALB,2013-01-01 00:00:00.000,3.825757575757576
ALB,2014-01-01 00:00:00.000,3.8262476894639548
ALB,2015-01-01 00:00:00.000,3.818181818181818
ALB,2016-01-01 00:00:00.000,3.918439716312057
ALB,2017-01-01 00:00:00.000,3.979763912310287
ALB,2018-01-01 00:00:00.000,3.979763912310287
ALB,2019-01-01 00:00:00.000,3.9730639730639736
ALB,2020-01-01 00:00:00.000,4.000000000000001
ALB,2021-01-01 00:00:00.000,4.000000000000001
AND,2012-01-01 00:00:00.000,4.6022727272727275
AND,2013-01-01 00:00:00.000,4.924242424242424
AND,2014-01-01 00:00:00.000,4.953789279112754
AND,2015-01-01 00:00:00.000,4.963636363636365
AND,2016-01-01 00:00:00.000,5.053191489361702
AND,2017-01-01 00:00:00.000,4.856661045531197
AND,2018-01-01 00:00:00.000,4.822934232715008
AND,2019-01-01 00:00:00.000,4.814814814814815
AND,2020-01-01 00:00:00.000,4.813559322033899
AND,2021-01-01 00:00:00.000,4.813559322033899
ARE,2012-01-01 00:00:00.000,7.007575757575757
ARE,2013-01-01 00:00:00.000,7.291666666666666
ARE,2014-01-01 00:00:00.000,7.227356746765248
ARE,2015-01-01 00:00:00.000,7.181818181818183
ARE,2016-01-01 00:00:00.000,7.127659574468086
ARE,2017-01-01 00:00:00.000,6.913996627318719
ARE,2018-01-01 00:00:00.000,6.897133220910623
ARE,2019-01-01 00:00:00.000,6.902356902356903
ARE,2020-01-01 00:00:00.000,6.9322033898305095
ARE,2021-01-01 00:00:00.000,6.9322033898305095
ARG,2012-01-01 00:00:00.000,5.303030303030302
ARG,2013-01-01 00:00:00.000,5.6060606060606055
ARG,2014-01-01 00:00:00.000,5.637707948243993
ARG,2015-01-01 00:00:00.000,5.672727272727274
ARG,2016-01-01 00:00:00.000,5.72695035460993
ARG,2017-01-01 00:00:00.000,5.682967959527825
ARG,2018-01-01 00:00:00.000,5.666104553119731
ARG,2019-01-01 00:00:00.000,5.757575757575758
ARG,2020-01-01 00:00:00.000,5.7457627118644075
ARG,2021-01-01 00:00:00.000,5.7457627118644075
ARM,2012-01-01 00:00:00.000,2.992424242424242
ARM,2013-01-01 00:00:00.000,3.1439393939393936
ARM,2014-01-01 00:00:00.000,3.290203327171903
ARM,2015-01-01 00:00:00.000,3.4181818181818184
ARM,2016-01-01 00:00:00.000,3.5638297872340434
ARM,2017-01-01 00:00:00.000,3.3220910623946036
ARM,2018-01-01 00:00:00.000,3.305227655986509
ARM,2019-01-01 00:00:00.000,3.2996632996632997
ARM,2020-01-01 00:00:00.000,3.305084745762712
ARM,2021-01-01 00:00:00.000,3.305084745762712
ATG,2012-01-01 00:00:00.000,3.409090909090909
ATG,2013-01-01 00:00:00.000,3.541666666666666
ATG,2014-01-01 00:00:00.000,3.678373382624768
ATG,2015-01-01 00:00:00.000,3.9999999999999996
ATG,2016-01-01 00:00:00.000,4.060283687943263
ATG,2017-01-01 00:00:00.000,3.946037099494098
ATG,2018-01-01 00:00:00.000,3.946037099494098
ATG,2019-01-01 00:00:00.000,3.93939393939394
ATG,2020-01-01 00:00:00.000,3.9661016949152543
ATG,2021-01-01 00:00:00.000,3.9661016949152543
AUS,2012-01-01 00:00:00.000,8.181818181818183
AUS,2013-01-01 00:00:00.000,8.428030303030303
AUS,2014-01-01 00:00:00.000,8.595194085027725
AUS,2015-01-01 00:00:00.000,8.581818181818182
AUS,2016-01-01 00:00:00.000,8.599290780141843
AUS,2017-01-01 00:00:00.000,8.381112984822934
AUS,2018-01-01 00:00:00.000,8.414839797639123
AUS,2019-01-01 00:00:00.000,8.417508417508419
AUS,2020-01-01 00:00:00.000,8.423728813559322
AUS,2021-01-01 00:00:00.000,8.423728813559322
AUT,2012-01-01 00:00:00.000,9.696969696969695
AUT,2013-01-01 00:00:00.000,9.867424242424242
AUT,2014-01-01 00:00:00.000,10.0
AUT,2015-01-01 00:00:00.000,9.709090909090909
AUT,2016-01-01 00:00:00.000,9.46808510638298
AUT,2017-01-01 00:00:00.000,8.887015177065766
AUT,2018-01-01 00:00:00.000,8.887015177065766
AUT,2019-01-01 00:00:00.000,8.956228956228957
AUT,2020-01-01 00:00:00.000,8.983050847457626
AUT,2021-01-01 00:00:00.000,8.983050847457626
AZE,2012-01-01 00:00:00.000,3.1818181818181825
AZE,2013-01-01 00:00:00.000,3.238636363636364
AZE,2014-01-01 00:00:00.000,3.345656192236599
AZE,2015-01-01 00:00:00.000,3.3454545454545452
AZE,2016-01-01 00:00:00.000,3.209219858156029
AZE,2017-01-01 00:00:00.000,3.1197301854974704
AZE,2018-01-01 00:00:00.000,3.102866779089376
AZE,2019-01-01 00:00:00.000,3.1144781144781146
AZE,2020-01-01 00:00:00.000,3.1355932203389827
AZE,2021-01-01 00:00:00.000,3.1355932203389827
BDI,2012-01-01 00:00:00.000,0.0568181818181821
BDI,2013-01-01 00:00:00.000,0.1325757575757578
BDI,2014-01-01 00:00:00.000,0.0
BDI,2015-01-01 00:00:00.000,0.0
BDI,2016-01-01 00:00:00.000,0.0
BDI,2017-01-01 00:00:00.000,0.0
BDI,2018-01-01 00:00:00.000,0.0
BDI,2019-01-01 00:00:00.000,0.0
BDI,2020-01-01 00:00:00.000,0.0
BDI,2021-01-01 00:00:00.000,0.0
BEL,2012-01-01 00:00:00.000,7.291666666666665
BEL,2013-01-01 00:00:00.000,7.443181818181818
BEL,2014-01-01 00:00:00.000,7.523105360443622
BEL,2015-01-01 00:00:00.000,7.490909090909092
BEL,2016-01-01 00:00:00.000,7.251773049645391
BEL,2017-01-01 00:00:00.000,6.964586846543002
BEL,2018-01-01 00:00:00.000,7.048903878583474
BEL,2019-01-01 00:00:00.000,7.138047138047138
BEL,2020-01-01 00:00:00.000,7.152542372881357
BEL,2021-01-01 00:00:00.000,7.152542372881357
BEN,2012-01-01 00:00:00.000,0.1325757575757578
BEN,2013-01-01 00:00:00.000,0.3409090909090913
BEN,2014-01-01 00:00:00.000,0.7208872458410349
BEN,2015-01-01 00:00:00.000,1.1999999999999997
BEN,2016-01-01 00:00:00.000,1.4007092198581566
BEN,2017-01-01 00:00:00.000,1.3490725126475545
BEN,2018-01-01 00:00:00.000,1.4502529510961215
BEN,2019-01-01 00:00:00.000,1.4646464646464645
BEN,2020-01-01 00:00:00.000,1.4745762711864407
BEN,2021-01-01 00:00:00.000,1.4745762711864407
BFA,2012-01-01 00:00:00.000,0.41666666666666696
BFA,2013-01-01 00:00:00.000,0.7575757575757578
BFA,2014-01-01 00:00:00.000,1.1460258780036963
BFA,2015-01-01 00:00:00.000,1.4909090909090912
BFA,2016-01-01 00:00:00.000,1.755319148936171
BFA,2017-01-01 00:00:00.000,1.8212478920741992
BFA,2018-01-01 00:00:00.000,1.8212478920741992
BFA,2019-01-01 00:00:00.000,1.8350168350168352
BFA,2020-01-01 00:00:00.000,1.8305084745762712
BFA,2021-01-01 00:00:00.000,1.8305084745762712
BGD,2012-01-01 00:00:00.000,1.193181818181818
BGD,2013-01-01 00:00:00.000,1.3257575757575757
BGD,2014-01-01 00:00:00.000,1.4787430683918665
BGD,2015-01-01 00:00:00.000,1.5454545454545454
BGD,2016-01-01 00:00:00.000,1.5957446808510638
BGD,2017-01-01 00:00:00.000,1.618887015177066
BGD,2018-01-01 00:00:00.000,1.618887015177066
BGD,2019-01-01 00:00:00.000,1.6329966329966332
BGD,2020-01-01 00:00:00.000,1.6271186440677963
BGD,2021-01-01 00:00:00.000,1.6271186440677963
BGR,2012-01-01 00:00:00.000,6.382575757575757
BGR,2013-01-01 00:00:00.000,6.647727272727272
BGR,2014-01-01 00:00:00.000,6.857670979667282
BGR,2015-01-01 00:00:00.000,6.854545454545454
BGR,2016-01-01 00:00:00.000,6.70212765957447
BGR,2017-01-01 00:00:00.000,6.256323777403036
BGR,2018-01-01 00:00:00.000,6.391231028667791
BGR,2019-01-01 00:00:00.000,6.380471380471382
BGR,2020-01-01 00:00:00.000,6.389830508474577
BGR,2021-01-01 00:00:00.000,6.389830508474577
BHR,2012-01-01 00:00:00.000,7.481060606060606
BHR,2013-01-01 00:00:00.000,7.670454545454545
BHR,2014-01-01 00:00:00.000,7.818853974121995
BHR,2015-01-01 00:00:00.000,8.10909090909091
BHR,2016-01-01 00:00:00.000,8.404255319148938
BHR,2017-01-01 00:00:00.000,8.279932546374368
BHR,2018-01-01 00:00:00.000,8.279932546374368
BHR,2019-01-01 00:00:00.000,8.282828282828284
BHR,2020-01-01 00:00:00.000,8.33898305084746
BHR,2021-01-01 00:00:00.000,8.33898305084746
BHS,2012-01-01 00:00:00.000,2.9734848484848486
BHS,2013-01-01 00:00:00.000,3.0113636363636367
BHS,2014-01-01 00:00:00.000,2.8835489833641406
BHS,2015-01-01 00:00:00.000,2.945454545454545
BHS,2016-01-01 00:00:00.000,2.9432624113475185
BHS,2017-01-01 00:00:00.000,2.8499156829679597
BHS,2018-01-01 00:00:00.000,2.8499156829679597
BHS,2019-01-01 00:00:00.000,2.861952861952862
BHS,2020-01-01 00:00:00.000,2.8644067796610164
BHS,2021-01-01 00:00:00.000,2.8644067796610164
BIH,2012-01-01 00:00:00.000,3.7310606060606064
BIH,2013-01-01 00:00:00.000,4.204545454545454
BIH,2014-01-01 00:00:00.000,4.306839186691312
BIH,2015-01-01 00:00:00.000,4.49090909090909
BIH,2016-01-01 00:00:00.000,4.556737588652483
BIH,2017-01-01 00:00:00.000,4.367622259696459
BIH,2018-01-01 00:00:00.000,4.569983136593592
BIH,2019-01-01 00:00:00.000,4.57912457912458
BIH,2020-01-01 00:00:00.000,4.593220338983051
BIH,2021-01-01 00:00:00.000,4.593220338983051
BLR,2012-01-01 00:00:00.000,5.984848484848485
BLR,2013-01-01 00:00:00.000,6.136363636363637
BLR,2014-01-01 00:00:00.000,6.118299445471348
BLR,2015-01-01 00:00:00.000,6.218181818181819
BLR,2016-01-01 00:00:00.000,6.187943262411349
BLR,2017-01-01 00:00:00.000,6.003372681281618
BLR,2018-01-01 00:00:00.000,5.986509274873525
BLR,2019-01-01 00:00:00.000,5.95959595959596
BLR,2020-01-01 00:00:00.000,5.983050847457627
BLR,2021-01-01 00:00:00.000,5.983050847457627
BLZ,2012-01-01 00:00:00.000,2.0265151515151514
BLZ,2013-01-01 00:00:00.000,2.253787878787879
BLZ,2014-01-01 00:00:00.000,2.5138632162661736
BLZ,2015-01-01 00:00:00.000,2.6545454545454548
BLZ,2016-01-01 00:00:00.000,2.6950354609929086
BLZ,2017-01-01 00:00:00.000,2.5969645868465427
BLZ,2018-01-01 00:00:00.000,2.5969645868465427
BLZ,2019-01-01 00:00:00.000,2.6094276094276094
BLZ,2020-01-01 00:00:00.000,2.6271186440677967
BLZ,2021-01-01 00:00:00.000,2.6271186440677967
BOL,2012-01-01 00:00:00.000,4.9810606060606055
BOL,2013-01-01 00:00:00.000,5.037878787878788
BOL,2014-01-01 00:00:00.000,5.157116451016635
BOL,2015-01-01 00:00:00.000,5.236363636363636
BOL,2016-01-01 00:00:00.000,4.9822695035460995
BOL,2017-01-01 00:00:00.000,5.025295109612141
BOL,2018-01-01 00:00:00.000,5.025295109612141
BOL,2019-01-01 00:00:00.000,5.033670033670033
BOL,2020-01-01 00:00:00.000,5.0508474576271185
BOL,2021-01-01 00:00:00.000,5.0508474576271185
BRA,2012-01-01 00:00:00.000,7.992424242424241
BRA,2013-01-01 00:00:00.000,7.973484848484848
BRA,2014-01-01 00:00:00.000,7.744916820702403
BRA,2015-01-01 00:00:00.000,7.854545454545454
BRA,2016-01-01 00:00:00.000,7.996453900709221
BRA,2017-01-01 00:00:00.000,7.858347386172008
BRA,2018-01-01 00:00:00.000,7.908937605396289
BRA,2019-01-01 00:00:00.000,7.912457912457912
BRA,2020-01-01 00:00:00.000,7.915254237288136
BRA,2021-01-01 00:00:00.000,7.915254237288136
BRB,2012-01-01 00:00:00.000,3.409090909090909
BRB,2013-01-01 00:00:00.000,3.5984848484848486
BRB,2014-01-01 00:00:00.000,3.900184842883548
BRB,2015-01-01 00:00:00.000,4.072727272727272
BRB,2016-01-01 00:00:00.000,4.166666666666667
BRB,2017-01-01 00:00:00.000,4.0472175379426645
BRB,2018-01-01 00:00:00.000,4.0472175379426645
BRB,2019-01-01 00:00:00.000,4.057239057239057
BRB,2020-01-01 00:00:00.000,4.084745762711865
BRB,2021-01-01 00:00:00.000,4.084745762711865
BRN,2012-01-01 00:00:00.000,3.0681818181818183
BRN,2013-01-01 00:00:00.000,3.503787878787879
BRN,2014-01-01 00:00:00.000,3.8077634011090566
BRN,2015-01-01 00:00:00.000,4.163636363636364
BRN,2016-01-01 00:00:00.000,4.450354609929079
BRN,2017-01-01 00:00:00.000,4.232715008431703
BRN,2018-01-01 00:00:00.000,4.2158516020236085
BRN,2019-01-01 00:00:00.000,4.208754208754209
BRN,2020-01-01 00:00:00.000,4.237288135593221
BRN,2021-01-01 00:00:00.000,4.237288135593221
BTN,2012-01-01 00:00:00.000,2.7651515151515147
BTN,2013-01-01 00:00:00.000,3.0113636363636367
BTN,2014-01-01 00:00:00.000,3.142329020332716
BTN,2015-01-01 00:00:00.000,3.2909090909090906
BTN,2016-01-01 00:00:00.000,3.3510638297872344
BTN,2017-01-01 00:00:00.000,3.2715008431703207
BTN,2018-01-01 00:00:00.000,3.2715008431703207
BTN,2019-01-01 00:00:00.000,3.265993265993266
BTN,2020-01-01 00:00:00.000,3.2711864406779663
BTN,2021-01-01 00:00:00.000,3.2711864406779663
BWA,2012-01-01 00:00:00.000,4.034090909090909
BWA,2013-01-01 00:00:00.000,3.996212121212121
BWA,2014-01-01 00:00:00.000,3.7707948243992604
BWA,2015-01-01 00:00:00.000,3.527272727272728
BWA,2016-01-01 00:00:00.000,3.3510638297872344
BWA,2017-01-01 00:00:00.000,3.338954468802698
BWA,2018-01-01 00:00:00.000,3.338954468802698
BWA,2019-01-01 00:00:00.000,3.3333333333333335
BWA,2020-01-01 00:00:00.000,3.3559322033898304
BWA,2021-01-01 00:00:00.000,3.3559322033898304
CAF,2012-01-01 00:00:00.000,2.954545454545455
CAF,2013-01-01 00:00:00.000,3.087121212121212
CAF,2014-01-01 00:00:00.000,3.1792975970425132
CAF,2015-01-01 00:00:00.000,3.2181818181818174
CAF,2016-01-01 00:00:00.000,3.2624113475177303
CAF,2017-01-01 00:00:00.000,3.136593591905565
CAF,2018-01-01 00:00:00.000,3.136593591905565
CAF,2019-01-01 00:00:00.000,3.131313131313132
CAF,2020-01-01 00:00:00.000,3.1525423728813564
CAF,2021-01-01 00:00:00.000,3.1525423728813564
CAN,2012-01-01 00:00:00.000,9.223484848484848
CAN,2013-01-01 00:00:00.000,9.337121212121211
CAN,2014-01-01 00:00:00.000,9.223659889094268
CAN,2015-01-01 00:00:00.000,9.127272727272727
CAN,2016-01-01 00:00:00.000,9.02482269503546
CAN,2017-01-01 00:00:00.000,8.650927487352446
CAN,2018-01-01 00:00:00.000,8.735244519392918
CAN,2019-01-01 00:00:00.000,8.821548821548822
CAN,2020-01-01 00:00:00.000,8.864406779661017
CAN,2021-01-01 00:00:00.000,8.864406779661017
CHE,2012-01-01 00:00:00.000,8.503787878787879
CHE,2013-01-01 00:00:00.000,8.674242424242424
CHE,2014-01-01 00:00:00.000,8.613678373382623
CHE,2015-01-01 00:00:00.000,8.672727272727272
CHE,2016-01-01 00:00:00.000,8.51063829787234
CHE,2017-01-01 00:00:00.000,8.24620573355818
CHE,2018-01-01 00:00:00.000,8.128161888701518
CHE,2019-01-01 00:00:00.000,8.097643097643099
CHE,2020-01-01 00:00:00.000,8.135593220338983
CHE,2021-01-01 00:00:00.000,8.135593220338983
CHL,2012-01-01 00:00:00.000,7.215909090909089
CHL,2013-01-01 00:00:00.000,7.443181818181818
CHL,2014-01-01 00:00:00.000,7.8373382624768935
CHL,2015-01-01 00:00:00.000,7.872727272727273
CHL,2016-01-01 00:00:00.000,7.836879432624115
CHL,2017-01-01 00:00:00.000,7.5210792580101185
CHL,2018-01-01 00:00:00.000,7.554806070826306
CHL,2019-01-01 00:00:00.000,7.542087542087543
CHL,2020-01-01 00:00:00.000,7.559322033898305
CHL,2021-01-01 00:00:00.000,7.559322033898305
CHN,2012-01-01 00:00:00.000,4.886363636363637
CHN,2013-01-01 00:00:00.000,5.151515151515151
CHN,2014-01-01 00:00:00.000,5.378927911275415
CHN,2015-01-01 00:00:00.000,5.563636363636363
CHN,2016-01-01 00:00:00.000,5.6914893617021285
CHN,2017-01-01 00:00:00.000,5.615514333895447
CHN,2018-01-01 00:00:00.000,5.615514333895447
CHN,2019-01-01 00:00:00.000,5.606060606060607
CHN,2020-01-01 00:00:00.000,5.627118644067797
CHN,2021-01-01 00:00:00.000,5.627118644067797
CIV,2012-01-01 00:00:00.000,2.007575757575758
CIV,2013-01-01 00:00:00.000,1.9696969696969706
CIV,2014-01-01 00:00:00.000,2.0887245841035114
CIV,2015-01-01 00:00:00.000,1.8909090909090902
CIV,2016-01-01 00:00:00.000,1.9503546099290787
CIV,2017-01-01 00:00:00.000,1.7369308600337268
CIV,2018-01-01 00:00:00.000,1.7200674536256326
CIV,2019-01-01 00:00:00.000,1.7171717171717171
CIV,2020-01-01 00:00:00.000,1.7118644067796613
CIV,2021-01-01 00:00:00.000,1.7118644067796613
CMR,2012-01-01 00:00:00.000,4.412878787878788
CMR,2013-01-01 00:00:00.000,4.431818181818182
CMR,2014-01-01 00:00:00.000,4.491682070240295
CMR,2015-01-01 00:00:00.000,4.363636363636363
CMR,2016-01-01 00:00:00.000,4.379432624113476
CMR,2017-01-01 00:00:00.000,4.165261382799325
CMR,2018-01-01 00:00:00.000,4.165261382799325
CMR,2019-01-01 00:00:00.000,4.175084175084175
CMR,2020-01-01 00:00:00.000,4.186440677966102
CMR,2021-01-01 00:00:00.000,4.186440677966102
COD,2012-01-01 00:00:00.000,3.75
COD,2013-01-01 00:00:00.000,3.6931818181818183
COD,2014-01-01 00:00:00.000,3.7892791127541585
COD,2015-01-01 00:00:00.000,3.9454545454545458
COD,2016-01-01 00:00:00.000,4.095744680851064
COD,2017-01-01 00:00:00.000,4.080944350758854
COD,2018-01-01 00:00:00.000,4.080944350758854
COD,2019-01-01 00:00:00.000,4.090909090909092
COD,2020-01-01 00:00:00.000,4.118644067796611
COD,2021-01-01 00:00:00.000,4.118644067796611
COG,2012-01-01 00:00:00.000,3.617424242424242
COG,2013-01-01 00:00:00.000,3.7689393939393936
COG,2014-01-01 00:00:00.000,3.7892791127541585
COG,2015-01-01 00:00:00.000,3.636363636363637
COG,2016-01-01 00:00:00.000,3.5992907801418452
COG,2017-01-01 00:00:00.000,3.5413153456998314
COG,2018-01-01 00:00:00.000,3.5413153456998314
COG,2019-01-01 00:00:00.000,3.5521885521885523
COG,2020-01-01 00:00:00.000,3.576271186440678
COG,2021-01-01 00:00:00.000,3.576271186440678
COL,2012-01-01 00:00:00.000,6.856060606060606
COL,2013-01-01 00:00:00.000,6.628787878787879
COL,2014-01-01 00:00:00.000,6.746765249537892
COL,2015-01-01 00:00:00.000,6.636363636363637
COL,2016-01-01 00:00:00.000,6.755319148936171
COL,2017-01-01 00:00:00.000,6.88026981450253
COL,2018-01-01 00:00:00.000,7.065767284991567
COL,2019-01-01 00:00:00.000,7.171717171717173
COL,2020-01-01 00:00:00.000,7.271186440677968
COL,2021-01-01 00:00:00.000,7.271186440677968
COM,2012-01-01 00:00:00.000,0.0568181818181821
COM,2013-01-01 00:00:00.000,0.0
COM,2014-01-01 00:00:00.000,0.09242144177449152
COM,2015-01-01 00:00:00.000,0.1454545454545455
COM,2016-01-01 00:00:00.000,0.0354609929078018
COM,2017-01-01 00:00:00.000,0.2529510961214163
COM,2018-01-01 00:00:00.000,0.2529510961214163
COM,2019-01-01 00:00:00.000,0.26936026936026947
COM,2020-01-01 00:00:00.000,0.2711864406779658
COM,2021-01-01 00:00:00.000,0.2711864406779658
CPV,2012-01-01 00:00:00.000,1.0416666666666665
CPV,2013-01-01 00:00:00.000,1.496212121212122
CPV,2014-01-01 00:00:00.000,2.033271719038817
CPV,2015-01-01 00:00:00.000,2.2545454545454544
CPV,2016-01-01 00:00:00.000,2.2340425531914905
CPV,2017-01-01 00:00:00.000,2.074198988195616
CPV,2018-01-01 00:00:00.000,2.0910623946037097
CPV,2019-01-01 00:00:00.000,2.1212121212121215
CPV,2020-01-01 00:00:00.000,2.1355932203389836
CPV,2021-01-01 00:00:00.000,2.1355932203389836
CRI,2012-01-01 00:00:00.000,5.284090909090909
CRI,2013-01-01 00:00:00.000,5.359848484848484
CRI,2014-01-01 00:00:00.000,5.471349353049906
CRI,2015-01-01 00:00:00.000,5.727272727272727
CRI,2016-01-01 00:00:00.000,5.762411347517731
CRI,2017-01-01 00:00:00.000,5.564924114671164
CRI,2018-01-01 00:00:00.000,5.54806070826307
CRI,2019-01-01 00:00:00.000,5.53872053872054
CRI,2020-01-01 00:00:00.000,5.5593220338983045
CRI,2021-01-01 00:00:00.000,5.5593220338983045
CUB,2012-01-01 00:00:00.000,2.5757575757575752
CUB,2013-01-01 00:00:00.000,2.708333333333333
CUB,2014-01-01 00:00:00.000,2.902033271719038
CUB,2015-01-01 00:00:00.000,3.0727272727272728
CUB,2016-01-01 00:00:00.000,3.1914893617021285
CUB,2017-01-01 00:00:00.000,3.3220910623946036
CUB,2018-01-01 00:00:00.000,3.305227655986509
CUB,2019-01-01 00:00:00.000,3.2996632996632997
CUB,2020-01-01 00:00:00.000,3.305084745762712
CUB,2021-01-01 00:00:00.000,3.305084745762712
CYP,2012-01-01 00:00:00.000,5.170454545454546
CYP,2013-01-01 00:00:00.000,5.284090909090909
CYP,2014-01-01 00:00:00.000,5.341959334565619
CYP,2015-01-01 00:00:00.000,5.381818181818183
CYP,2016-01-01 00:00:00.000,5.354609929078015
CYP,2017-01-01 00:00:00.000,5.160202360876896
CYP,2018-01-01 00:00:00.000,5.143338954468803
CYP,2019-01-01 00:00:00.000,5.134680134680135
CYP,2020-01-01 00:00:00.000,5.169491525423729
CYP,2021-01-01 00:00:00.000,5.169491525423729
CZE,2012-01-01 00:00:00.000,7.74621212121212
CZE,2013-01-01 00:00:00.000,7.897727272727273
CZE,2014-01-01 00:00:00.000,7.948243992606284
CZE,2015-01-01 00:00:00.000,7.945454545454547
CZE,2016-01-01 00:00:00.000,7.748226950354611
CZE,2017-01-01 00:00:00.000,7.318718381112985
CZE,2018-01-01 00:00:00.000,7.3018549747048915
CZE,2019-01-01 00:00:00.000,7.306397306397308
CZE,2020-01-01 00:00:00.000,7.322033898305084
CZE,2021-01-01 00:00:00.000,7.322033898305084
DEU,2012-01-01 00:00:00.000,8.977272727272727
DEU,2013-01-01 00:00:00.000,8.996212121212121
DEU,2014-01-01 00:00:00.000,8.8724584103512
DEU,2015-01-01 00:00:00.000,8.927272727272728
DEU,2016-01-01 00:00:00.000,9.042553191489361
DEU,2017-01-01 00:00:00.000,8.802698145025296
DEU,2018-01-01 00:00:00.000,8.81956155143339
DEU,2019-01-01 00:00:00.000,9.006734006734007
DEU,2020-01-01 00:00:00.000,9.084745762711865
DEU,2021-01-01 00:00:00.000,9.084745762711865
DJI,2012-01-01 00:00:00.000,2.4053030303030303
DJI,2013-01-01 00:00:00.000,2.405303030303031
DJI,2014-01-01 00:00:00.000,2.55083179297597
DJI,2015-01-01 00:00:00.000,2.6545454545454548
DJI,2016-01-01 00:00:00.000,2.7304964539007095
DJI,2017-01-01 00:00:00.000,2.6475548060708265
DJI,2018-01-01 00:00:00.000,2.6475548060708265
DJI,2019-01-01 00:00:00.000,2.6599326599326596
DJI,2020-01-01 00:00:00.000,2.6610169491525424
DJI,2021-01-01 00:00:00.000,2.6610169491525424
DMA,2012-01-01 00:00:00.000,2.992424242424242
DMA,2013-01-01 00:00:00.000,3.125
DMA,2014-01-01 00:00:00.000,3.308687615526802
DMA,2015-01-01 00:00:00.000,3.4545454545454546
DMA,2016-01-01 00:00:00.000,3.6879432624113484
DMA,2017-01-01 00:00:00.000,3.473861720067454
DMA,2018-01-01 00:00:00.000,3.558178752107926
DMA,2019-01-01 00:00:00.000,3.5690235690235688
DMA,2020-01-01 00:00:00.000,3.576271186440678
DMA,2021-01-01 00:00:00.000,3.576271186440678
DNK,2012-01-01 00:00:00.000,9.678030303030305
DNK,2013-01-01 00:00:00.000,9.526515151515152
DNK,2014-01-01 00:00:00.000,9.648798521256932
DNK,2015-01-01 00:00:00.000,10.0
DNK,2016-01-01 00:00:00.000,9.75177304964539
DNK,2017-01-01 00:00:00.000,9.527824620573355
DNK,2018-01-01 00:00:00.000,9.477234401349074
DNK,2019-01-01 00:00:00.000,9.461279461279464
DNK,2020-01-01 00:00:00.000,9.576271186440678
DNK,2021-01-01 00:00:00.000,9.576271186440678
DOM,2012-01-01 00:00:00.000,2.878787878787879
DOM,2013-01-01 00:00:00.000,3.0303030303030303
DOM,2014-01-01 00:00:00.000,3.2347504621072085
DOM,2015-01-01 00:00:00.000,3.309090909090909
DOM,2016-01-01 00:00:00.000,3.421985815602838
DOM,2017-01-01 00:00:00.000,3.389544688026981
DOM,2018-01-01 00:00:00.000,3.389544688026981
DOM,2019-01-01 00:00:00.000,3.3838383838383845
DOM,2020-01-01 00:00:00.000,3.474576271186441
DOM,2021-01-01 00:00:00.000,3.474576271186441
DZA,2012-01-01 00:00:00.000,6.704545454545454
DZA,2013-01-01 00:00:00.000,6.799242424242424
DZA,2014-01-01 00:00:00.000,6.857670979667282
DZA,2015-01-01 00:00:00.000,6.781818181818181
DZA,2016-01-01 00:00:00.000,6.737588652482271
DZA,2017-01-01 00:00:00.000,6.509274873524452
DZA,2018-01-01 00:00:00.000,6.509274873524452
DZA,2019-01-01 00:00:00.000,6.498316498316498
DZA,2020-01-01 00:00:00.000,6.52542372881356
DZA,2021-01-01 00:00:00.000,6.52542372881356
ECU,2012-01-01 00:00:00.000,4.090909090909091
ECU,2013-01-01 00:00:00.000,4.071969696969697
ECU,2014-01-01 00:00:00.000,4.10351201478743
ECU,2015-01-01 00:00:00.000,4.309090909090909
ECU,2016-01-01 00:00:00.000,4.609929078014185
ECU,2017-01-01 00:00:00.000,4.940978077571669
ECU,2018-01-01 00:00:00.000,4.907251264755481
ECU,2019-01-01 00:00:00.000,5.0
ECU,2020-01-01 00:00:00.000,5.016949152542374
ECU,2021-01-01 00:00:00.000,5.016949152542374
EGY,2012-01-01 00:00:00.000,5.094696969696971
EGY,2013-01-01 00:00:00.000,5.265151515151516
EGY,2014-01-01 00:00:00.000,5.582255083179297
EGY,2015-01-01 00:00:00.000,5.927272727272728
EGY,2016-01-01 00:00:00.000,5.95744680851064
EGY,2017-01-01 00:00:00.000,5.868465430016863
EGY,2018-01-01 00:00:00.000,5.868465430016863
EGY,2019-01-01 00:00:00.000,5.875420875420875
EGY,2020-01-01 00:00:00.000,5.898305084745763
EGY,2021-01-01 00:00:00.000,5.898305084745763
ERI,2012-01-01 00:00:00.000,2.1969696969696972
ERI,2013-01-01 00:00:00.000,2.045454545454546
ERI,2014-01-01 00:00:00.000,1.9223659889094264
ERI,2015-01-01 00:00:00.000,1.6727272727272728
ERI,2016-01-01 00:00:00.000,1.6843971631205679
ERI,2017-01-01 00:00:00.000,1.5851602023608768
ERI,2018-01-01 00:00:00.000,1.602023608768971
ERI,2019-01-01 00:00:00.000,1.6329966329966332
ERI,2020-01-01 00:00:00.000,1.6440677966101696
ERI,2021-01-01 00:00:00.000,1.6440677966101696
ESP,2012-01-01 00:00:00.000,7.253787878787878
ESP,2013-01-01 00:00:00.000,7.897727272727273
ESP,2014-01-01 00:00:00.000,7.689463955637707
ESP,2015-01-01 00:00:00.000,7.472727272727273
ESP,2016-01-01 00:00:00.000,7.482269503546099
ESP,2017-01-01 00:00:00.000,7.18381112984823
ESP,2018-01-01 00:00:00.000,7.284991568296796
ESP,2019-01-01 00:00:00.000,7.272727272727273
ESP,2020-01-01 00:00:00.000,7.372881355932203
ESP,2021-01-01 00:00:00.000,7.372881355932203
EST,2012-01-01 00:00:00.000,6.420454545454544
EST,2013-01-01 00:00:00.000,6.325757575757576
EST,2014-01-01 00:00:00.000,6.229205175600739
EST,2015-01-01 00:00:00.000,6.218181818181819
EST,2016-01-01 00:00:00.000,6.187943262411349
EST,2017-01-01 00:00:00.000,5.919055649241146
EST,2018-01-01 00:00:00.000,5.919055649241146
EST,2019-01-01 00:00:00.000,5.892255892255893
EST,2020-01-01 00:00:00.000,5.9322033898305095
EST,2021-01-01 00:00:00.000,5.9322033898305095
ETH,2012-01-01 00:00:00.000,2.8598484848484853
ETH,2013-01-01 00:00:00.000,2.8030303030303036
ETH,2014-01-01 00:00:00.000,2.754158964879851
ETH,2015-01-01 00:00:00.000,2.7454545454545456
ETH,2016-01-01 00:00:00.000,2.7836879432624126
ETH,2017-01-01 00:00:00.000,2.7318718381112985
ETH,2018-01-01 00:00:00.000,2.748735244519393
ETH,2019-01-01 00:00:00.000,2.760942760942761
ETH,2020-01-01 00:00:00.000,2.7796610169491522
ETH,2021-01-01 00:00:00.000,2.7796610169491522
FIN,2012-01-01 00:00:00.000,9.545454545454547
FIN,2013-01-01 00:00:00.000,9.678030303030303
FIN,2014-01-01 00:00:00.000,9.500924214417743
FIN,2015-01-01 00:00:00.000,9.727272727272727
FIN,2016-01-01 00:00:00.000,9.52127659574468
FIN,2017-01-01 00:00:00.000,9.376053962900507
FIN,2018-01-01 00:00:00.000,9.359190556492411
FIN,2019-01-01 00:00:00.000,9.360269360269362
FIN,2020-01-01 00:00:00.000,9.474576271186443
FIN,2021-01-01 00:00:00.000,9.474576271186443
FJI,2012-01-01 00:00:00.000,4.242424242424243
FJI,2013-01-01 00:00:00.000,4.337121212121213
FJI,2014-01-01 00:00:00.000,4.1404805914972265
FJI,2015-01-01 00:00:00.000,4.072727272727272
FJI,2016-01-01 00:00:00.000,3.829787234042554
FJI,2017-01-01 00:00:00.000,3.608768971332209
FJI,2018-01-01 00:00:00.000,3.608768971332209
FJI,2019-01-01 00:00:00.000,3.6363636363636362
FJI,2020-01-01 00:00:00.000,3.6440677966101696
FJI,2021-01-01 00:00:00.000,3.6440677966101696
FRA,2012-01-01 00:00:00.000,7.007575757575757
FRA,2013-01-01 00:00:00.000,7.121212121212121
FRA,2014-01-01 00:00:00.000,7.20887245841035
FRA,2015-01-01 00:00:00.000,7.309090909090909
FRA,2016-01-01 00:00:00.000,7.393617021276596
FRA,2017-01-01 00:00:00.000,7.234401349072513
FRA,2018-01-01 00:00:00.000,7.369308600337268
FRA,2019-01-01 00:00:00.000,7.542087542087543
FRA,2020-01-01 00:00:00.000,7.64406779661017
FRA,2021-01-01 00:00:00.000,7.64406779661017
FSM,2012-01-01 00:00:00.000,1.9886363636363633
FSM,2013-01-01 00:00:00.000,2.083333333333333
FSM,2014-01-01 00:00:00.000,2.0702402957486132
FSM,2015-01-01 00:00:00.000,2.2363636363636368
FSM,2016-01-01 00:00:00.000,2.25177304964539
FSM,2017-01-01 00:00:00.000,2.040472175379427
FSM,2018-01-01 00:00:00.000,2.040472175379427
FSM,2019-01-01 00:00:00.000,2.0370370370370368
FSM,2020-01-01 00:00:00.000,2.0508474576271185
FSM,2021-01-01 00:00:00.000,2.0508474576271185
GAB,2012-01-01 00:00:00.000,4.9810606060606055
GAB,2013-01-01 00:00:00.000,4.962121212121213
GAB,2014-01-01 00:00:00.000,4.861367837338261
GAB,2015-01-01 00:00:00.000,4.854545454545455
GAB,2016-01-01 00:00:00.000,4.804964539007092
GAB,2017-01-01 00:00:00.000,4.671163575042159
GAB,2018-01-01 00:00:00.000,4.654300168634064
GAB,2019-01-01 00:00:00.000,4.646464646464647
GAB,2020-01-01 00:00:00.000,4.677966101694916
GAB,2021-01-01 00:00:00.000,4.677966101694916
GBR,2012-01-01 00:00:00.000,8.295454545454543
GBR,2013-01-01 00:00:00.000,8.446969696969697
GBR,2014-01-01 00:00:00.000,8.484288354898336
GBR,2015-01-01 00:00:00.000,8.672727272727272
GBR,2016-01-01 00:00:00.000,8.812056737588652
GBR,2017-01-01 00:00:00.000,8.617200674536258
GBR,2018-01-01 00:00:00.000,8.684654300168633
GBR,2019-01-01 00:00:00.000,8.686868686868687
GBR,2020-01-01 00:00:00.000,8.864406779661017
GBR,2021-01-01 00:00:00.000,8.864406779661017
GEO,2012-01-01 00:00:00.000,4.090909090909091
GEO,2013-01-01 00:00:00.000,4.488636363636363
GEO,2014-01-01 00:00:00.000,4.621072088724584
GEO,2015-01-01 00:00:00.000,4.672727272727272
GEO,2016-01-01 00:00:00.000,4.804964539007092
GEO,2017-01-01 00:00:00.000,4.688026981450252
GEO,2018-01-01 00:00:00.000,4.721753794266442
GEO,2019-01-01 00:00:00.000,4.747474747474747
GEO,2020-01-01 00:00:00.000,4.779661016949153
GEO,2021-01-01 00:00:00.000,4.779661016949153
GHA,2012-01-01 00:00:00.000,3.0681818181818183
GHA,2013-01-01 00:00:00.000,2.9356060606060606
GHA,2014-01-01 00:00:00.000,2.975970425138631
GHA,2015-01-01 00:00:00.000,2.8363636363636364
GHA,2016-01-01 00:00:00.000,2.9078014184397167
GHA,2017-01-01 00:00:00.000,2.4283305227655987
GHA,2018-01-01 00:00:00.000,2.411467116357504
GHA,2019-01-01 00:00:00.000,2.4242424242424243
GHA,2020-01-01 00:00:00.000,2.423728813559322
GHA,2021-01-01 00:00:00.000,2.423728813559322
GIN,2012-01-01 00:00:00.000,1.1553030303030303
GIN,2013-01-01 00:00:00.000,1.3446969696969697
GIN,2014-01-01 00:00:00.000,1.55268022181146
GIN,2015-01-01 00:00:00.000,1.6181818181818182
GIN,2016-01-01 00:00:00.000,1.7198581560283692
GIN,2017-01-01 00:00:00.000,1.7537942664418213
GIN,2018-01-01 00:00:00.000,1.7537942664418213
GIN,2019-01-01 00:00:00.000,1.7676767676767677
GIN,2020-01-01 00:00:00.000,1.7627118644067794
GIN,2021-01-01 00:00:00.000,1.7627118644067794
GMB,2012-01-01 00:00:00.000,0.49242424242424265
GMB,2013-01-01 00:00:00.000,0.7954545454545459
GMB,2014-01-01 00:00:00.000,0.9611829944547132
GMB,2015-01-01 00:00:00.000,1.0727272727272728
GMB,2016-01-01 00:00:00.000,1.187943262411348
GMB,2017-01-01 00:00:00.000,1.197301854974705
GMB,2018-01-01 00:00:00.000,1.2141652613827996
GMB,2019-01-01 00:00:00.000,1.2289562289562292
GMB,2020-01-01 00:00:00.000,1.2372881355932206
GMB,2021-01-01 00:00:00.000,1.2372881355932206
GNB,2012-01-01 00:00:00.000,1.4015151515151523
GNB,2013-01-01 00:00:00.000,1.5151515151515156
GNB,2014-01-01 00:00:00.000,1.645101663585952
GNB,2015-01-01 00:00:00.000,1.6545454545454543
GNB,2016-01-01 00:00:00.000,1.5780141843971638
GNB,2017-01-01 00:00:00.000,1.4502529510961215
GNB,2018-01-01 00:00:00.000,1.4502529510961215
GNB,2019-01-01 00:00:00.000,1.4646464646464645
GNB,2020-01-01 00:00:00.000,1.4745762711864407
GNB,2021-01-01 00:00:00.000,1.4745762711864407
GNQ,2012-01-01 00:00:00.000,3.75
GNQ,2013-01-01 00:00:00.000,3.787878787878788
GNQ,2014-01-01 00:00:00.000,3.7892791127541585
GNQ,2015-01-01 00:00:00.000,3.8000000000000003
GNQ,2016-01-01 00:00:00.000,3.7411347517730498
GNQ,2017-01-01 00:00:00.000,3.5750421585160206
GNQ,2018-01-01 00:00:00.000,3.5750421585160206
GNQ,2019-01-01 00:00:00.000,3.585858585858586
GNQ,2020-01-01 00:00:00.000,3.610169491525424
GNQ,2021-01-01 00:00:00.000,3.610169491525424
GRC,2012-01-01 00:00:00.000,7.651515151515151
GRC,2013-01-01 00:00:00.000,7.803030303030303
GRC,2014-01-01 00:00:00.000,7.763401109057301
GRC,2015-01-01 00:00:00.000,7.763636363636364
GRC,2016-01-01 00:00:00.000,7.748226950354611
GRC,2017-01-01 00:00:00.000,7.436762225969646
GRC,2018-01-01 00:00:00.000,7.537942664418212
GRC,2019-01-01 00:00:00.000,7.609427609427611
GRC,2020-01-01 00:00:00.000,7.796610169491525
GRC,2021-01-01 00:00:00.000,7.796610169491525
GRD,2012-01-01 00:00:00.000,3.409090909090909
GRD,2013-01-01 00:00:00.000,3.4848484848484853
GRD,2014-01-01 00:00:00.000,3.6414048059149717
GRD,2015-01-01 00:00:00.000,3.854545454545454
GRD,2016-01-01 00:00:00.000,3.9716312056737593
GRD,2017-01-01 00:00:00.000,3.9291736930860033
GRD,2018-01-01 00:00:00.000,3.9291736930860033
GRD,2019-01-01 00:00:00.000,3.93939393939394
GRD,2020-01-01 00:00:00.000,3.9661016949152543
GRD,2021-01-01 00:00:00.000,3.9661016949152543
GTM,2012-01-01 00:00:00.000,3.712121212121212
GTM,2013-01-01 00:00:00.000,3.9772727272727266
GTM,2014-01-01 00:00:00.000,3.900184842883548
GTM,2015-01-01 00:00:00.000,3.563636363636364
GTM,2016-01-01 00:00:00.000,3.4751773049645394
GTM,2017-01-01 00:00:00.000,3.507588532883643
GTM,2018-01-01 00:00:00.000,3.3220910623946036
GTM,2019-01-01 00:00:00.000,3.316498316498317
GTM,2020-01-01 00:00:00.000,3.3389830508474576
GTM,2021-01-01 00:00:00.000,3.3389830508474576
GUY,2012-01-01 00:00:00.000,4.450757575757576
GUY,2013-01-01 00:00:00.000,4.431818181818182
GUY,2014-01-01 00:00:00.000,4.380776340110906
GUY,2015-01-01 00:00:00.000,4.418181818181818
GUY,2016-01-01 00:00:00.000,4.4858156028368805
GUY,2017-01-01 00:00:00.000,4.367622259696459
GUY,2018-01-01 00:00:00.000,4.350758853288364
GUY,2019-01-01 00:00:00.000,4.326599326599327
GUY,2020-01-01 00:00:00.000,4.355932203389831
GUY,2021-01-01 00:00:00.000,4.355932203389831
HND,2012-01-01 00:00:00.000,3.7689393939393945
HND,2013-01-01 00:00:00.000,3.9015151515151523
HND,2014-01-01 00:00:00.000,3.9556377079482434
HND,2015-01-01 00:00:00.000,4.054545454545455
HND,2016-01-01 00:00:00.000,4.2730496453900715
HND,2017-01-01 00:00:00.000,4.2158516020236085
HND,2018-01-01 00:00:00.000,4.2158516020236085
HND,2019-01-01 00:00:00.000,4.208754208754209
HND,2020-01-01 00:00:00.000,4.203389830508475
HND,2021-01-01 00:00:00.000,4.203389830508475
HRV,2012-01-01 00:00:00.000,7.386363636363638
HRV,2013-01-01 00:00:00.000,7.9356060606060606
HRV,2014-01-01 00:00:00.000,8.07763401109057
HRV,2015-01-01 00:00:00.000,8.01818181818182
HRV,2016-01-01 00:00:00.000,8.01418439716312
HRV,2017-01-01 00:00:00.000,7.6053962900505905
HRV,2018-01-01 00:00:00.000,7.841483979763911
HRV,2019-01-01 00:00:00.000,7.811447811447811
HRV,2020-01-01 00:00:00.000,7.8305084745762725
HRV,2021-01-01 00:00:00.000,7.8305084745762725
HTI,2012-01-01 00:00:00.000,0.9280303030303032
HTI,2013-01-01 00:00:00.000,1.022727272727273
HTI,2014-01-01 00:00:00.000,1.0351201478743066
HTI,2015-01-01 00:00:00.000,1.0727272727272728
HTI,2016-01-01 00:00:00.000,1.0815602836879439
HTI,2017-01-01 00:00:00.000,1.1467116357504217
HTI,2018-01-01 00:00:00.000,1.281618887015177
HTI,2019-01-01 00:00:00.000,1.2962962962962958
HTI,2020-01-01 00:00:00.000,1.3050847457627115
HTI,2021-01-01 00:00:00.000,1.3050847457627115
HUN,2012-01-01 00:00:00.000,6.893939393939394
HUN,2013-01-01 00:00:00.000,6.931818181818182
HUN,2014-01-01 00:00:00.000,6.987060998151571
HUN,2015-01-01 00:00:00.000,7.072727272727272
HUN,2016-01-01 00:00:00.000,6.950354609929078
HUN,2017-01-01 00:00:00.000,6.593591905564924
HUN,2018-01-01 00:00:00.000,6.593591905564924
HUN,2019-01-01 00:00:00.000,6.582491582491583
HUN,2020-01-01 00:00:00.000,6.677966101694916
HUN,2021-01-01 00:00:00.000,6.677966101694916
IDN,2012-01-01 00:00:00.000,4.053030303030303
IDN,2013-01-01 00:00:00.000,4.28030303030303
IDN,2014-01-01 00:00:00.000,4.565619223659888
IDN,2015-01-01 00:00:00.000,4.745454545454546
IDN,2016-01-01 00:00:00.000,5.000000000000001
IDN,2017-01-01 00:00:00.000,5.008431703204047
IDN,2018-01-01 00:00:00.000,5.109612141652614
IDN,2019-01-01 00:00:00.000,5.117845117845119
IDN,2020-01-01 00:00:00.000,5.11864406779661
IDN,2021-01-01 00:00:00.000,5.11864406779661
IND,2012-01-01 00:00:00.000,2.6515151515151514
IND,2013-01-01 00:00:00.000,2.8409090909090917
IND,2014-01-01 00:00:00.000,2.975970425138631
IND,2015-01-01 00:00:00.000,3.0909090909090904
IND,2016-01-01 00:00:00.000,3.3510638297872344
IND,2017-01-01 00:00:00.000,3.355817875210792
IND,2018-01-01 00:00:00.000,3.3726812816188874
IND,2019-01-01 00:00:00.000,3.3838383838383845
IND,2020-01-01 00:00:00.000,3.389830508474576
IND,2021-01-01 00:00:00.000,3.389830508474576
IRL,2012-01-01 00:00:00.000,7.613636363636364
IRL,2013-01-01 00:00:00.000,7.878787878787879
IRL,2014-01-01 00:00:00.000,7.89279112754159
IRL,2015-01-01 00:00:00.000,8.0
IRL,2016-01-01 00:00:00.000,7.854609929078014
IRL,2017-01-01 00:00:00.000,7.504215851602025
IRL,2018-01-01 00:00:00.000,7.655986509274873
IRL,2019-01-01 00:00:00.000,7.643097643097644
IRL,2020-01-01 00:00:00.000,7.64406779661017
IRL,2021-01-01 00:00:00.000,7.64406779661017
IRN,2012-01-01 00:00:00.000,4.659090909090909
IRN,2013-01-01 00:00:00.000,4.9431818181818175
IRN,2014-01-01 00:00:00.000,5.009242144177448
IRN,2015-01-01 00:00:00.000,5.036363636363635
IRN,2016-01-01 00:00:00.000,5.070921985815604
IRN,2017-01-01 00:00:00.000,4.907251264755481
IRN,2018-01-01 00:00:00.000,4.873524451939291
IRN,2019-01-01 00:00:00.000,4.865319865319865
IRN,2020-01-01 00:00:00.000,4.88135593220339
IRN,2021-01-01 00:00:00.000,4.88135593220339
IRQ,2012-01-01 00:00:00.000,4.545454545454545
IRQ,2013-01-01 00:00:00.000,4.356060606060606
IRQ,2014-01-01 00:00:00.000,3.9741219963031416
IRQ,2015-01-01 00:00:00.000,3.690909090909091
IRQ,2016-01-01 00:00:00.000,3.7765957446808516
IRQ,2017-01-01 00:00:00.000,3.777403035413153
IRQ,2018-01-01 00:00:00.000,3.7605396290050592
IRQ,2019-01-01 00:00:00.000,3.754208754208754
IRQ,2020-01-01 00:00:00.000,3.7796610169491522
IRQ,2021-01-01 00:00:00.000,3.7796610169491522
ISL,2012-01-01 00:00:00.000,7.878787878787878
ISL,2013-01-01 00:00:00.000,8.143939393939394
ISL,2014-01-01 00:00:00.000,8.151571164510166
ISL,2015-01-01 00:00:00.000,8.163636363636364
ISL,2016-01-01 00:00:00.000,8.102836879432626
ISL,2017-01-01 00:00:00.000,7.757166947723441
ISL,2018-01-01 00:00:00.000,7.757166947723441
ISL,2019-01-01 00:00:00.000,7.760942760942761
ISL,2020-01-01 00:00:00.000,7.796610169491525
ISL,2021-01-01 00:00:00.000,7.796610169491525
ISR,2012-01-01 00:00:00.000,6.420454545454544
ISR,2013-01-01 00:00:00.000,6.439393939393938
ISR,2014-01-01 00:00:00.000,6.487985212569316
ISR,2015-01-01 00:00:00.000,6.6
ISR,2016-01-01 00:00:00.000,6.578014184397163
ISR,2017-01-01 00:00:00.000,6.357504215851602
ISR,2018-01-01 00:00:00.000,6.340640809443508
ISR,2019-01-01 00:00:00.000,6.3299663299663305
ISR,2020-01-01 00:00:00.000,6.355932203389831
ISR,2021-01-01 00:00:00.000,6.355932203389831
ITA,2012-01-01 00:00:00.000,6.912878787878788
ITA,2013-01-01 00:00:00.000,7.045454545454545
ITA,2014-01-01 00:00:00.000,7.227356746765248
ITA,2015-01-01 00:00:00.000,7.163636363636364
ITA,2016-01-01 00:00:00.000,7.074468085106385
ITA,2017-01-01 00:00:00.000,6.779089376053962
ITA,2018-01-01 00:00:00.000,6.863406408094436
ITA,2019-01-01 00:00:00.000,7.037037037037038
ITA,2020-01-01 00:00:00.000,7.11864406779661
ITA,2021-01-01 00:00:00.000,7.11864406779661
JAM,2012-01-01 00:00:00.000,3.0303030303030303
JAM,2013-01-01 00:00:00.000,3.0303030303030303
JAM,2014-01-01 00:00:00.000,3.0499075785582246
JAM,2015-01-01 00:00:00.000,3.10909090909091
JAM,2016-01-01 00:00:00.000,3.173758865248227
JAM,2017-01-01 00:00:00.000,3.2040472175379424
JAM,2018-01-01 00:00:00.000,3.2040472175379424
JAM,2019-01-01 00:00:00.000,3.215488215488216
JAM,2020-01-01 00:00:00.000,3.3389830508474576
JAM,2021-01-01 00:00:00.000,3.3389830508474576
JOR,2012-01-01 00:00:00.000,4.526515151515151
JOR,2013-01-01 00:00:00.000,4.621212121212121
JOR,2014-01-01 00:00:00.000,4.65804066543438
JOR,2015-01-01 00:00:00.000,4.654545454545454
JOR,2016-01-01 00:00:00.000,4.822695035460994
JOR,2017-01-01 00:00:00.000,4.772344013490725
JOR,2018-01-01 00:00:00.000,4.755480607082631
JOR,2019-01-01 00:00:00.000,4.747474747474747
JOR,2020-01-01 00:00:00.000,4.762711864406779
JOR,2021-01-01 00:00:00.000,4.762711864406779
JPN,2012-01-01 00:00:00.000,7.821969696969696
JPN,2013-01-01 00:00:00.000,8.049242424242424
JPN,2014-01-01 00:00:00.000,8.096118299445472
JPN,2015-01-01 00:00:00.000,8.254545454545456
JPN,2016-01-01 00:00:00.000,8.173758865248228
JPN,2017-01-01 00:00:00.000,7.892074198988196
JPN,2018-01-01 00:00:00.000,8.094435075885329
JPN,2019-01-01 00:00:00.000,8.097643097643099
JPN,2020-01-01 00:00:00.000,8.084745762711865
JPN,2021-01-01 00:00:00.000,8.084745762711865
KAZ,2012-01-01 00:00:00.000,5.3977272727272725
KAZ,2013-01-01 00:00:00.000,5.625
KAZ,2014-01-01 00:00:00.000,5.674676524953788
KAZ,2015-01-01 00:00:00.000,5.836363636363638
KAZ,2016-01-01 00:00:00.000,6.152482269503547
KAZ,2017-01-01 00:00:00.000,5.96964586846543
KAZ,2018-01-01 00:00:00.000,5.952782462057336
KAZ,2019-01-01 00:00:00.000,5.942760942760943
KAZ,2020-01-01 00:00:00.000,5.9491525423728815
KAZ,2021-01-01 00:00:00.000,5.9491525423728815
KEN,2012-01-01 00:00:00.000,2.8030303030303028
KEN,2013-01-01 00:00:00.000,2.916666666666667
KEN,2014-01-01 00:00:00.000,3.4195933456561924
KEN,2015-01-01 00:00:00.000,3.6727272727272724
KEN,2016-01-01 00:00:00.000,3.7411347517730498
KEN,2017-01-01 00:00:00.000,3.642495784148398
KEN,2018-01-01 00:00:00.000,3.608768971332209
KEN,2019-01-01 00:00:00.000,3.585858585858586
KEN,2020-01-01 00:00:00.000,3.593220338983051
KEN,2021-01-01 00:00:00.000,3.593220338983051
KGZ,2012-01-01 00:00:00.000,4.6022727272727275
KGZ,2013-01-01 00:00:00.000,4.545454545454546
KGZ,2014-01-01 00:00:00.000,4.473197781885397
KGZ,2015-01-01 00:00:00.000,4.418181818181818
KGZ,2016-01-01 00:00:00.000,4.609929078014185
KGZ,2017-01-01 00:00:00.000,4.63743676222597
KGZ,2018-01-01 00:00:00.000,4.620573355817875
KGZ,2019-01-01 00:00:00.000,4.6127946127946124
KGZ,2020-01-01 00:00:00.000,4.627118644067797
KGZ,2021-01-01 00:00:00.000,4.627118644067797
KHM,2012-01-01 00:00:00.000,1.193181818181818
KHM,2013-01-01 00:00:00.000,1.7613636363636367
KHM,2014-01-01 00:00:00.000,2.014787430683918
KHM,2015-01-01 00:00:00.000,1.9090909090909087
KHM,2016-01-01 00:00:00.000,2.074468085106383
KHM,2017-01-01 00:00:00.000,1.9561551433389541
KHM,2018-01-01 00:00:00.000,1.9561551433389541
KHM,2019-01-01 00:00:00.000,2.0707070707070705
KHM,2020-01-01 00:00:00.000,2.067796610169492
KHM,2021-01-01 00:00:00.000,2.067796610169492
KIR,2012-01-01 00:00:00.000,0.8333333333333335
KIR,2013-01-01 00:00:00.000,1.0795454545454546
KIR,2014-01-01 00:00:00.000,1.3308687615526797
KIR,2015-01-01 00:00:00.000,1.2363636363636363
KIR,2016-01-01 00:00:00.000,1.046099290780142
KIR,2017-01-01 00:00:00.000,1.0286677908937605
KIR,2018-01-01 00:00:00.000,1.0623946037099492
KIR,2019-01-01 00:00:00.000,1.0942760942760943
KIR,2020-01-01 00:00:00.000,1.1016949152542375
KIR,2021-01-01 00:00:00.000,1.1016949152542375
KNA,2012-01-01 00:00:00.000,2.8030303030303028
KNA,2013-01-01 00:00:00.000,2.9356060606060606
KNA,2014-01-01 00:00:00.000,3.0129390018484283
KNA,2015-01-01 00:00:00.000,3.1272727272727274
KNA,2016-01-01 00:00:00.000,3.2269503546099303
KNA,2017-01-01 00:00:00.000,3.136593591905565
KNA,2018-01-01 00:00:00.000,3.1534569983136596
KNA,2019-01-01 00:00:00.000,3.1649831649831657
KNA,2020-01-01 00:00:00.000,3.186440677966102
KNA,2021-01-01 00:00:00.000,3.186440677966102
KOR,2012-01-01 00:00:00.000,9.053030303030305
KOR,2013-01-01 00:00:00.000,9.128787878787879
KOR,2014-01-01 00:00:00.000,9.057301293900185
KOR,2015-01-01 00:00:00.000,9.090909090909092
KOR,2016-01-01 00:00:00.000,9.060283687943265
KOR,2017-01-01 00:00:00.000,8.752107925801011
KOR,2018-01-01 00:00:00.000,8.768971332209107
KOR,2019-01-01 00:00:00.000,8.771043771043772
KOR,2020-01-01 00:00:00.000,8.830508474576273
KOR,2021-01-01 00:00:00.000,8.830508474576273
KWT,2012-01-01 00:00:00.000,4.962121212121212
KWT,2013-01-01 00:00:00.000,5.113636363636364
KWT,2014-01-01 00:00:00.000,5.341959334565619
KWT,2015-01-01 00:00:00.000,5.436363636363637
KWT,2016-01-01 00:00:00.000,5.514184397163121
KWT,2017-01-01 00:00:00.000,5.430016863406408
KWT,2018-01-01 00:00:00.000,5.413153456998314
KWT,2019-01-01 00:00:00.000,5.42087542087542
KWT,2020-01-01 00:00:00.000,5.457627118644068
KWT,2021-01-01 00:00:00.000,5.457627118644068
LAO,2012-01-01 00:00:00.000,2.083333333333334
LAO,2013-01-01 00:00:00.000,2.3106060606060606
LAO,2014-01-01 00:00:00.000,2.1626617375231048
LAO,2015-01-01 00:00:00.000,1.981818181818182
LAO,2016-01-01 00:00:00.000,1.8262411347517737
LAO,2017-01-01 00:00:00.000,1.9898819561551429
LAO,2018-01-01 00:00:00.000,1.9898819561551429
LAO,2019-01-01 00:00:00.000,2.0202020202020203
LAO,2020-01-01 00:00:00.000,2.0169491525423724
LAO,2021-01-01 00:00:00.000,2.0169491525423724
LBN,2012-01-01 00:00:00.000,4.166666666666667
LBN,2013-01-01 00:00:00.000,4.015151515151515
LBN,2014-01-01 00:00:00.000,3.8262476894639548
LBN,2015-01-01 00:00:00.000,3.8727272727272726
LBN,2016-01-01 00:00:00.000,4.131205673758866
LBN,2017-01-01 00:00:00.000,4.33389544688027
LBN,2018-01-01 00:00:00.000,4.317032040472176
LBN,2019-01-01 00:00:00.000,4.30976430976431
LBN,2020-01-01 00:00:00.000,4.338983050847458
LBN,2021-01-01 00:00:00.000,4.338983050847458
LBR,2012-01-01 00:00:00.000,0.7765151515151518
LBR,2013-01-01 00:00:00.000,0.9090909090909092
LBR,2014-01-01 00:00:00.000,1.1090573012938996
LBR,2015-01-01 00:00:00.000,1.018181818181818
LBR,2016-01-01 00:00:00.000,0.9042553191489366
LBR,2017-01-01 00:00:00.000,0.860033726812816
LBR,2018-01-01 00:00:00.000,0.8431703204047218
LBR,2019-01-01 00:00:00.000,0.8585858585858586
LBR,2020-01-01 00:00:00.000,0.847457627118644
LBR,2021-01-01 00:00:00.000,0.847457627118644
LBY,2012-01-01 00:00:00.000,5.094696969696971
LBY,2013-01-01 00:00:00.000,5.208333333333334
LBY,2014-01-01 00:00:00.000,5.21256931608133
LBY,2015-01-01 00:00:00.000,5.218181818181819
LBY,2016-01-01 00:00:00.000,5.21276595744681
LBY,2017-01-01 00:00:00.000,5.059021922428331
LBY,2018-01-01 00:00:00.000,5.059021922428331
LBY,2019-01-01 00:00:00.000,5.0673400673400675
LBY,2020-01-01 00:00:00.000,5.101694915254238
LBY,2021-01-01 00:00:00.000,5.101694915254238
LCA,2012-01-01 00:00:00.000,3.5606060606060606
LCA,2013-01-01 00:00:00.000,3.6742424242424248
LCA,2014-01-01 00:00:00.000,3.8077634011090566
LCA,2015-01-01 00:00:00.000,3.9090909090909096
LCA,2016-01-01 00:00:00.000,4.060283687943263
LCA,2017-01-01 00:00:00.000,3.9291736930860033
LCA,2018-01-01 00:00:00.000,3.946037099494098
LCA,2019-01-01 00:00:00.000,3.9562289562289563
LCA,2020-01-01 00:00:00.000,3.9661016949152543
LCA,2021-01-01 00:00:00.000,3.9661016949152543
LIE,2012-01-01 00:00:00.000,1.8181818181818183
LIE,2013-01-01 00:00:00.000,2.1022727272727275
LIE,2014-01-01 00:00:00.000,2.0702402957486132
LIE,2015-01-01 00:00:00.000,2.109090909090909
LIE,2016-01-01 00:00:00.000,2.127659574468086
LIE,2017-01-01 00:00:00.000,2.1416526138279934
LIE,2018-01-01 00:00:00.000,2.1416526138279934
LIE,2019-01-01 00:00:00.000,2.1548821548821553
LIE,2020-01-01 00:00:00.000,2.1525423728813555
LIE,2021-01-01 00:00:00.000,2.1525423728813555
LKA,2012-01-01 00:00:00.000,1.9507575757575761
LKA,2013-01-01 00:00:00.000,2.7272727272727275
LKA,2014-01-01 00:00:00.000,2.199630314232902
LKA,2015-01-01 00:00:00.000,2.2909090909090906
LKA,2016-01-01 00:00:00.000,1.8262411347517737
LKA,2017-01-01 00:00:00.000,1.618887015177066
LKA,2018-01-01 00:00:00.000,1.618887015177066
LKA,2019-01-01 00:00:00.000,1.6329966329966332
LKA,2020-01-01 00:00:00.000,1.6271186440677963
LKA,2021-01-01 00:00:00.000,1.6271186440677963
LSO,2012-01-01 00:00:00.000,1.7992424242424248
LSO,2013-01-01 00:00:00.000,1.875
LSO,2014-01-01 00:00:00.000,2.033271719038817
LSO,2015-01-01 00:00:00.000,2.1272727272727274
LSO,2016-01-01 00:00:00.000,2.1985815602836887
LSO,2017-01-01 00:00:00.000,2.1922428330522763
LSO,2018-01-01 00:00:00.000,2.1753794266441826
LSO,2019-01-01 00:00:00.000,2.1717171717171717
LSO,2020-01-01 00:00:00.000,2.186440677966101
LSO,2021-01-01 00:00:00.000,2.186440677966101
LTU,2012-01-01 00:00:00.000,6.609848484848485
LTU,2013-01-01 00:00:00.000,6.931818181818182
LTU,2014-01-01 00:00:00.000,7.079482439926061
LTU,2015-01-01 00:00:00.000,7.054545454545455
LTU,2016-01-01 00:00:00.000,7.375886524822696
LTU,2017-01-01 00:00:00.000,7.268128161888701
LTU,2018-01-01 00:00:00.000,7.284991568296796
LTU,2019-01-01 00:00:00.000,7.2390572390572405
LTU,2020-01-01 00:00:00.000,7.28813559322034
LTU,2021-01-01 00:00:00.000,7.28813559322034
LUX,2012-01-01 00:00:00.000,7.916666666666665
LUX,2013-01-01 00:00:00.000,8.390151515151514
LUX,2014-01-01 00:00:00.000,8.373382624768944
LUX,2015-01-01 00:00:00.000,8.763636363636364
LUX,2016-01-01 00:00:00.000,9.432624113475178
LUX,2017-01-01 00:00:00.000,9.308600337268128
LUX,2018-01-01 00:00:00.000,9.494097807757168
LUX,2019-01-01 00:00:00.000,9.47811447811448
LUX,2020-01-01 00:00:00.000,9.508474576271187
LUX,2021-01-01 00:00:00.000,9.508474576271187
LVA,2012-01-01 00:00:00.000,8.087121212121211
LVA,2013-01-01 00:00:00.000,7.954545454545455
LVA,2014-01-01 00:00:00.000,7.929759704251384
LVA,2015-01-01 00:00:00.000,7.872727272727273
LVA,2016-01-01 00:00:00.000,7.872340425531916
LVA,2017-01-01 00:00:00.000,7.942664418212479
LVA,2018-01-01 00:00:00.000,7.470489038785836
LVA,2019-01-01 00:00:00.000,7.441077441077443
LVA,2020-01-01 00:00:00.000,7.491525423728814
LVA,2021-01-01 00:00:00.000,7.491525423728814
MAR,2012-01-01 00:00:00.000,3.617424242424242
MAR,2013-01-01 00:00:00.000,4.090909090909091
MAR,2014-01-01 00:00:00.000,4.177449168207024
MAR,2015-01-01 00:00:00.000,4.327272727272728
MAR,2016-01-01 00:00:00.000,4.627659574468085
MAR,2017-01-01 00:00:00.000,4.536256323777403
MAR,2018-01-01 00:00:00.000,4.63743676222597
MAR,2019-01-01 00:00:00.000,4.646464646464647
MAR,2020-01-01 00:00:00.000,4.6440677966101696
MAR,2021-01-01 00:00:00.000,4.6440677966101696
MCO,2012-01-01 00:00:00.000,3.825757575757576
MCO,2013-01-01 00:00:00.000,3.9015151515151523
MCO,2014-01-01 00:00:00.000,3.918669131238447
MCO,2015-01-01 00:00:00.000,3.9999999999999996
MCO,2016-01-01 00:00:00.000,3.9893617021276597
MCO,2017-01-01 00:00:00.000,3.9291736930860033
MCO,2018-01-01 00:00:00.000,3.9123102866779087
MCO,2019-01-01 00:00:00.000,3.888888888888889
MCO,2020-01-01 00:00:00.000,3.915254237288136
MCO,2021-01-01 00:00:00.000,3.915254237288136
MDA,2012-01-01 00:00:00.000,2.329545454545454
MDA,2013-01-01 00:00:00.000,2.5189393939393945
MDA,2014-01-01 00:00:00.000,2.77264325323475
MDA,2015-01-01 00:00:00.000,2.7090909090909094
MDA,2016-01-01 00:00:00.000,2.588652482269504
MDA,2017-01-01 00:00:00.000,2.4451939291736924
MDA,2018-01-01 00:00:00.000,2.580101180438448
MDA,2019-01-01 00:00:00.000,2.542087542087542
MDA,2020-01-01 00:00:00.000,2.5423728813559316
MDA,2021-01-01 00:00:00.000,2.5423728813559316
MDG,2012-01-01 00:00:00.000,0.4545454545454546
MDG,2013-01-01 00:00:00.000,0.37878787878787934
MDG,2014-01-01 00:00:00.000,0.35120147874306795
MDG,2015-01-01 00:00:00.000,0.4545454545454546
MDG,2016-01-01 00:00:00.000,0.6028368794326244
MDG,2017-01-01 00:00:00.000,0.7588532883642494
MDG,2018-01-01 00:00:00.000,0.7419898819561552
MDG,2019-01-01 00:00:00.000,0.7575757575757578
MDG,2020-01-01 00:00:00.000,0.7457627118644066
MDG,2021-01-01 00:00:00.000,0.7457627118644066
MDV,2012-01-01 00:00:00.000,0.2651515151515156
MDV,2013-01-01 00:00:00.000,0.43560606060606055
MDV,2014-01-01 00:00:00.000,0.5175600739371533
MDV,2015-01-01 00:00:00.000,0.6363636363636367
MDV,2016-01-01 00:00:00.000,0.7801418439716317
MDV,2017-01-01 00:00:00.000,0.9949409780775713
MDV,2018-01-01 00:00:00.000,1.011804384485666
MDV,2019-01-01 00:00:00.000,1.0437710437710437
MDV,2020-01-01 00:00:00.000,1.0338983050847457
MDV,2021-01-01 00:00:00.000,1.0338983050847457
MEX,2012-01-01 00:00:00.000,6.117424242424243
MEX,2013-01-01 00:00:00.000,6.382575757575758
MEX,2014-01-01 00:00:00.000,6.654343807763401
MEX,2015-01-01 00:00:00.000,6.763636363636364
MEX,2016-01-01 00:00:00.000,6.7730496453900715
MEX,2017-01-01 00:00:00.000,6.509274873524452
MEX,2018-01-01 00:00:00.000,6.610455311973018
MEX,2019-01-01 00:00:00.000,6.616161616161618
MEX,2020-01-01 00:00:00.000,6.610169491525423
MEX,2021-01-01 00:00:00.000,6.610169491525423
MHL,2012-01-01 00:00:00.000,2.045454545454546
MHL,2013-01-01 00:00:00.000,2.1969696969696972
MHL,2014-01-01 00:00:00.000,2.365988909426987
MHL,2015-01-01 00:00:00.000,2.4909090909090907
MHL,2016-01-01 00:00:00.000,2.535460992907802
MHL,2017-01-01 00:00:00.000,2.411467116357504
MHL,2018-01-01 00:00:00.000,2.4283305227655987
MHL,2019-01-01 00:00:00.000,2.4410774410774416
MHL,2020-01-01 00:00:00.000,2.4576271186440684
MHL,2021-01-01 00:00:00.000,2.4576271186440684
MKD,2012-01-01 00:00:00.000,5.87121212121212
MKD,2013-01-01 00:00:00.000,6.193181818181818
MKD,2014-01-01 00:00:00.000,6.1922365988909425
MKD,2015-01-01 00:00:00.000,6.436363636363637
MKD,2016-01-01 00:00:00.000,6.294326241134752
MKD,2017-01-01 00:00:00.000,5.682967959527825
MKD,2018-01-01 00:00:00.000,6.020236087689714
MKD,2019-01-01 00:00:00.000,6.01010101010101
MKD,2020-01-01 00:00:00.000,6.0508474576271185
MKD,2021-01-01 00:00:00.000,6.0508474576271185
MLI,2012-01-01 00:00:00.000,1.9886363636363633
MLI,2013-01-01 00:00:00.000,2.1401515151515156
MLI,2014-01-01 00:00:00.000,2.199630314232902
MLI,2015-01-01 00:00:00.000,2.1636363636363636
MLI,2016-01-01 00:00:00.000,2.2340425531914905
MLI,2017-01-01 00:00:00.000,2.040472175379427
MLI,2018-01-01 00:00:00.000,2.040472175379427
MLI,2019-01-01 00:00:00.000,2.053872053872054
MLI,2020-01-01 00:00:00.000,2.067796610169492
MLI,2021-01-01 00:00:00.000,2.067796610169492
MLT,2012-01-01 00:00:00.000,3.8636363636363633
MLT,2013-01-01 00:00:00.000,3.9393939393939394
MLT,2014-01-01 00:00:00.000,4.232902033271719
MLT,2015-01-01 00:00:00.000,4.345454545454546
MLT,2016-01-01 00:00:00.000,4.468085106382979
MLT,2017-01-01 00:00:00.000,4.097807757166947
MLT,2018-01-01 00:00:00.000,4.080944350758854
MLT,2019-01-01 00:00:00.000,4.074074074074074
MLT,2020-01-01 00:00:00.000,4.101694915254237
MLT,2021-01-01 00:00:00.000,4.101694915254237
MMR,2012-01-01 00:00:00.000,4.015151515151516
MMR,2013-01-01 00:00:00.000,4.299242424242425
MMR,2014-01-01 00:00:00.000,3.844731977818854
MMR,2015-01-01 00:00:00.000,3.472727272727272
MMR,2016-01-01 00:00:00.000,3.0141843971631213
MMR,2017-01-01 00:00:00.000,2.96795952782462
MMR,2018-01-01 00:00:00.000,2.9510961214165263
MMR,2019-01-01 00:00:00.000,2.9629629629629632
MMR,2020-01-01 00:00:00.000,2.9661016949152543
MMR,2021-01-01 00:00:00.000,2.9661016949152543
MNE,2012-01-01 00:00:00.000,4.450757575757576
MNE,2013-01-01 00:00:00.000,4.886363636363637
MNE,2014-01-01 00:00:00.000,4.768946395563771
MNE,2015-01-01 00:00:00.000,4.763636363636364
MNE,2016-01-01 00:00:00.000,4.911347517730497
MNE,2017-01-01 00:00:00.000,4.451939291736931
MNE,2018-01-01 00:00:00.000,4.721753794266442
MNE,2019-01-01 00:00:00.000,4.7138047138047146
MNE,2020-01-01 00:00:00.000,4.7457627118644075
MNE,2021-01-01 00:00:00.000,4.7457627118644075
MNG,2012-01-01 00:00:00.000,4.166666666666667
MNG,2013-01-01 00:00:00.000,4.375
MNG,2014-01-01 00:00:00.000,4.306839186691312
MNG,2015-01-01 00:00:00.000,4.6
MNG,2016-01-01 00:00:00.000,4.663120567375887
MNG,2017-01-01 00:00:00.000,4.755480607082631
MNG,2018-01-01 00:00:00.000,4.755480607082631
MNG,2019-01-01 00:00:00.000,4.781144781144782
MNG,2020-01-01 00:00:00.000,4.779661016949153
MNG,2021-01-01 00:00:00.000,4.779661016949153
MOZ,2012-01-01 00:00:00.000,2.7272727272727275
MOZ,2013-01-01 00:00:00.000,2.632575757575758
MOZ,2014-01-01 00:00:00.000,2.1811460258780038
MOZ,2015-01-01 00:00:00.000,2.0909090909090913
MOZ,2016-01-01 00:00:00.000,1.9858156028368796
MOZ,2017-01-01 00:00:00.000,2.209106239460371
MOZ,2018-01-01 00:00:00.000,2.209106239460371
MOZ,2019-01-01 00:00:00.000,2.2053872053872055
MOZ,2020-01-01 00:00:00.000,2.2203389830508478
MOZ,2021-01-01 00:00:00.000,2.2203389830508478
MRT,2012-01-01 00:00:00.000,3.011363636363636
MRT,2013-01-01 00:00:00.000,3.162878787878788
MRT,2014-01-01 00:00:00.000,3.3271719038817
MRT,2015-01-01 00:00:00.000,3.472727272727272
MRT,2016-01-01 00:00:00.000,3.5283687943262416
MRT,2017-01-01 00:00:00.000,3.4064080944350756
MRT,2018-01-01 00:00:00.000,3.4064080944350756
MRT,2019-01-01 00:00:00.000,3.400673400673401
MRT,2020-01-01 00:00:00.000,3.423728813559322
MRT,2021-01-01 00:00:00.000,3.423728813559322
MUS,2012-01-01 00:00:00.000,4.090909090909091
MUS,2013-01-01 00:00:00.000,4.223484848484849
MUS,2014-01-01 00:00:00.000,4.380776340110906
MUS,2015-01-01 00:00:00.000,4.618181818181817
MUS,2016-01-01 00:00:00.000,4.698581560283689
MUS,2017-01-01 00:00:00.000,4.502529510961215
MUS,2018-01-01 00:00:00.000,4.519392917369308
MUS,2019-01-01 00:00:00.000,4.511784511784512
MUS,2020-01-01 00:00:00.000,4.5423728813559325
MUS,2021-01-01 00:00:00.000,4.5423728813559325
MWI,2012-01-01 00:00:00.000,0.6818181818181821
MWI,2013-01-01 00:00:00.000,0.7007575757575761
MWI,2014-01-01 00:00:00.000,0.7763401109057297
MWI,2015-01-01 00:00:00.000,0.8545454545454545
MWI,2016-01-01 00:00:00.000,0.939716312056738
MWI,2017-01-01 00:00:00.000,1.1129848229342325
MWI,2018-01-01 00:00:00.000,1.0961214165261384
MWI,2019-01-01 00:00:00.000,1.0774410774410774
MWI,2020-01-01 00:00:00.000,1.0677966101694913
MWI,2021-01-01 00:00:00.000,1.0677966101694913
MYS,2012-01-01 00:00:00.000,5.700757575757575
MYS,2013-01-01 00:00:00.000,5.8143939393939394
MYS,2014-01-01 00:00:00.000,5.859519408502773
MYS,2015-01-01 00:00:00.000,5.836363636363638
MYS,2016-01-01 00:00:00.000,5.939716312056738
MYS,2017-01-01 00:00:00.000,5.851602023608769
MYS,2018-01-01 00:00:00.000,5.834738617200675
MYS,2019-01-01 00:00:00.000,5.824915824915825
MYS,2020-01-01 00:00:00.000,5.847457627118644
MYS,2021-01-01 00:00:00.000,5.847457627118644
NAM,2012-01-01 00:00:00.000,5.776515151515151
NAM,2013-01-01 00:00:00.000,5.738636363636365
NAM,2014-01-01 00:00:00.000,5.914972273567467
NAM,2015-01-01 00:00:00.000,5.872727272727273
NAM,2016-01-01 00:00:00.000,5.797872340425533
NAM,2017-01-01 00:00:00.000,5.801011804384485
NAM,2018-01-01 00:00:00.000,5.7841483979763915
NAM,2019-01-01 00:00:00.000,5.791245791245791
NAM,2020-01-01 00:00:00.000,5.813559322033899
NAM,2021-01-01 00:00:00.000,5.813559322033899
NER,2012-01-01 00:00:00.000,1.0984848484848486
NER,2013-01-01 00:00:00.000,1.1553030303030307
NER,2014-01-01 00:00:00.000,1.3308687615526797
NER,2015-01-01 00:00:00.000,1.436363636363636
NER,2016-01-01 00:00:00.000,1.524822695035461
NER,2017-01-01 00:00:00.000,1.5682967959527823
NER,2018-01-01 00:00:00.000,1.5682967959527823
NER,2019-01-01 00:00:00.000,1.5656565656565657
NER,2020-01-01 00:00:00.000,1.5762711864406782
NER,2021-01-01 00:00:00.000,1.5762711864406782
NGA,2012-01-01 00:00:00.000,2.954545454545455
NGA,2013-01-01 00:00:00.000,2.878787878787879
NGA,2014-01-01 00:00:00.000,2.8280961182994444
NGA,2015-01-01 00:00:00.000,2.854545454545455
NGA,2016-01-01 00:00:00.000,2.7304964539007095
NGA,2017-01-01 00:00:00.000,2.5295109612141653
NGA,2018-01-01 00:00:00.000,2.5295109612141653
NGA,2019-01-01 00:00:00.000,2.5252525252525246
NGA,2020-01-01 00:00:00.000,2.5423728813559316
NGA,2021-01-01 00:00:00.000,2.5423728813559316
NIC,2012-01-01 00:00:00.000,3.257575757575758
NIC,2013-01-01 00:00:00.000,3.579545454545454
NIC,2014-01-01 00:00:00.000,3.696857670979667
NIC,2015-01-01 00:00:00.000,3.5818181818181816
NIC,2016-01-01 00:00:00.000,3.546099290780142
NIC,2017-01-01 00:00:00.000,3.524451939291737
NIC,2018-01-01 00:00:00.000,3.524451939291737
NIC,2019-01-01 00:00:00.000,3.535353535353535
NIC,2020-01-01 00:00:00.000,3.5254237288135597
NIC,2021-01-01 00:00:00.000,3.5254237288135597
NLD,2012-01-01 00:00:00.000,7.784090909090909
NLD,2013-01-01 00:00:00.000,7.821969696969697
NLD,2014-01-01 00:00:00.000,7.689463955637707
NLD,2015-01-01 00:00:00.000,7.618181818181817
NLD,2016-01-01 00:00:00.000,7.517730496453901
NLD,2017-01-01 00:00:00.000,7.251264755480607
NLD,2018-01-01 00:00:00.000,7.268128161888701
NLD,2019-01-01 00:00:00.000,7.542087542087543
NLD,2020-01-01 00:00:00.000,7.559322033898305
NLD,2021-01-01 00:00:00.000,7.559322033898305
NOR,2012-01-01 00:00:00.000,10.0
NOR,2013-01-01 00:00:00.000,10.0
NOR,2014-01-01 00:00:00.000,9.963031423290204
NOR,2015-01-01 00:00:00.000,9.981818181818182
NOR,2016-01-01 00:00:00.000,10.0
NOR,2017-01-01 00:00:00.000,10.0
NOR,2018-01-01 00:00:00.000,10.0
NOR,2019-01-01 00:00:00.000,10.0
NOR,2020-01-01 00:00:00.000,10.0
NOR,2021-01-01 00:00:00.000,10.0
NPL,2012-01-01 00:00:00.000,1.1742424242424248
NPL,2013-01-01 00:00:00.000,1.212121212121212
NPL,2014-01-01 00:00:00.000,1.4417744916820698
NPL,2015-01-01 00:00:00.000,1.563636363636364
NPL,2016-01-01 00:00:00.000,1.666666666666667
NPL,2017-01-01 00:00:00.000,1.7706576728499155
NPL,2018-01-01 00:00:00.000,1.7706576728499155
NPL,2019-01-01 00:00:00.000,1.9865319865319866
NPL,2020-01-01 00:00:00.000,1.9830508474576267
NPL,2021-01-01 00:00:00.000,1.9830508474576267
NRU,2012-01-01 00:00:00.000,2.253787878787879
NRU,2013-01-01 00:00:00.000,2.3484848484848486
NRU,2014-01-01 00:00:00.000,2.4584103512014783
NRU,2015-01-01 00:00:00.000,2.527272727272727
NRU,2016-01-01 00:00:00.000,2.624113475177305
NRU,2017-01-01 00:00:00.000,2.462057335581788
NRU,2018-01-01 00:00:00.000,2.462057335581788
NRU,2019-01-01 00:00:00.000,2.4747474747474745
NRU,2020-01-01 00:00:00.000,2.491525423728814
NRU,2021-01-01 00:00:00.000,2.491525423728814
NZL,2012-01-01 00:00:00.000,8.200757575757574
NZL,2013-01-01 00:00:00.000,8.295454545454545
NZL,2014-01-01 00:00:00.000,8.299445471349351
NZL,2015-01-01 00:00:00.000,8.218181818181819
NZL,2016-01-01 00:00:00.000,8.209219858156029
NZL,2017-01-01 00:00:00.000,7.79089376053963
NZL,2018-01-01 00:00:00.000,7.841483979763911
NZL,2019-01-01 00:00:00.000,7.946127946127946
NZL,2020-01-01 00:00:00.000,8.050847457627121
NZL,2021-01-01 00:00:00.000,8.050847457627121
OMN,2012-01-01 00:00:00.000,4.753787878787879
OMN,2013-01-01 00:00:00.000,4.753787878787879
OMN,2014-01-01 00:00:00.000,4.953789279112754
OMN,2015-01-01 00:00:00.000,5.181818181818182
OMN,2016-01-01 00:00:00.000,5.177304964539007
OMN,2017-01-01 00:00:00.000,5.008431703204047
OMN,2018-01-01 00:00:00.000,4.991568296795953
OMN,2019-01-01 00:00:00.000,4.9831649831649845
OMN,2020-01-01 00:00:00.000,5.0
OMN,2021-01-01 00:00:00.000,5.0
PAK,2012-01-01 00:00:00.000,3.9772727272727275
PAK,2013-01-01 00:00:00.000,4.204545454545454
PAK,2014-01-01 00:00:00.000,4.362292051756007
PAK,2015-01-01 00:00:00.000,4.50909090909091
PAK,2016-01-01 00:00:00.000,4.521276595744681
PAK,2017-01-01 00:00:00.000,4.317032040472176
PAK,2018-01-01 00:00:00.000,4.401349072512647
PAK,2019-01-01 00:00:00.000,4.41077441077441
PAK,2020-01-01 00:00:00.000,4.423728813559323
PAK,2021-01-01 00:00:00.000,4.423728813559323
PAN,2012-01-01 00:00:00.000,4.375
PAN,2013-01-01 00:00:00.000,4.450757575757575
PAN,2014-01-01 00:00:00.000,4.584103512014787
PAN,2015-01-01 00:00:00.000,5.018181818181818
PAN,2016-01-01 00:00:00.000,5.017730496453901
PAN,2017-01-01 00:00:00.000,5.109612141652614
PAN,2018-01-01 00:00:00.000,5.075885328836425
PAN,2019-01-01 00:00:00.000,5.050505050505052
PAN,2020-01-01 00:00:00.000,5.0508474576271185
PAN,2021-01-01 00:00:00.000,5.0508474576271185
PER,2012-01-01 00:00:00.000,4.848484848484848
PER,2013-01-01 00:00:00.000,5.075757575757575
PER,2014-01-01 00:00:00.000,5.249537892791127
PER,2015-01-01 00:00:00.000,5.272727272727272
PER,2016-01-01 00:00:00.000,5.301418439716313
PER,2017-01-01 00:00:00.000,5.345699831365936
PER,2018-01-01 00:00:00.000,5.430016863406408
PER,2019-01-01 00:00:00.000,5.437710437710438
PER,2020-01-01 00:00:00.000,5.4406779661016955
PER,2021-01-01 00:00:00.000,5.4406779661016955
PHL,2012-01-01 00:00:00.000,3.1439393939393945
PHL,2013-01-01 00:00:00.000,3.1060606060606055
PHL,2014-01-01 00:00:00.000,3.0314232902033273
PHL,2015-01-01 00:00:00.000,3.0545454545454542
PHL,2016-01-01 00:00:00.000,3.049645390070923
PHL,2017-01-01 00:00:00.000,2.96795952782462
PHL,2018-01-01 00:00:00.000,2.96795952782462
PHL,2019-01-01 00:00:00.000,2.9797979797979797
PHL,2020-01-01 00:00:00.000,3.0508474576271194
PHL,2021-01-01 00:00:00.000,3.0508474576271194
PLW,2012-01-01 00:00:00.000,4.46969696969697
PLW,2013-01-01 00:00:00.000,4.696969696969697
PLW,2014-01-01 00:00:00.000,4.87985212569316
PLW,2015-01-01 00:00:00.000,5.018181818181818
PLW,2016-01-01 00:00:00.000,4.9645390070922
PLW,2017-01-01 00:00:00.000,4.620573355817875
PLW,2018-01-01 00:00:00.000,4.5531197301854975
PLW,2019-01-01 00:00:00.000,4.4781144781144775
PLW,2020-01-01 00:00:00.000,4.491525423728813
PLW,2021-01-01 00:00:00.000,4.491525423728813
PNG,2012-01-01 00:00:00.000,3.257575757575758
PNG,2013-01-01 00:00:00.000,3.4848484848484853
PNG,2014-01-01 00:00:00.000,3.54898336414048
PNG,2015-01-01 00:00:00.000,3.6727272727272724
PNG,2016-01-01 00:00:00.000,3.7234042553191493
PNG,2017-01-01 00:00:00.000,3.355817875210792
PNG,2018-01-01 00:00:00.000,3.3726812816188874
PNG,2019-01-01 00:00:00.000,3.3838383838383845
PNG,2020-01-01 00:00:00.000,3.389830508474576
PNG,2021-01-01 00:00:00.000,3.389830508474576
POL,2012-01-01 00:00:00.000,7.424242424242423
POL,2013-01-01 00:00:00.000,7.518939393939393
POL,2014-01-01 00:00:00.000,7.56007393715342
POL,2015-01-01 00:00:00.000,7.781818181818181
POL,2016-01-01 00:00:00.000,7.783687943262412
POL,2017-01-01 00:00:00.000,7.504215851602025
POL,2018-01-01 00:00:00.000,7.672849915682969
POL,2019-01-01 00:00:00.000,7.760942760942761
POL,2020-01-01 00:00:00.000,7.762711864406781
POL,2021-01-01 00:00:00.000,7.762711864406781
PRK,2012-01-01 00:00:00.000,1.7234848484848486
PRK,2013-01-01 00:00:00.000,1.8181818181818183
PRK,2014-01-01 00:00:00.000,1.9963031423290198
PRK,2015-01-01 00:00:00.000,2.0909090909090913
PRK,2016-01-01 00:00:00.000,2.216312056737589
PRK,2017-01-01 00:00:00.000,2.1922428330522763
PRK,2018-01-01 00:00:00.000,2.1922428330522763
PRK,2019-01-01 00:00:00.000,2.188552188552189
PRK,2020-01-01 00:00:00.000,2.186440677966101
PRK,2021-01-01 00:00:00.000,2.186440677966101
PRT,2012-01-01 00:00:00.000,6.43939393939394
PRT,2013-01-01 00:00:00.000,6.761363636363637
PRT,2014-01-01 00:00:00.000,6.802218114602588
PRT,2015-01-01 00:00:00.000,6.363636363636365
PRT,2016-01-01 00:00:00.000,6.4361702127659575
PRT,2017-01-01 00:00:00.000,5.885328836424959
PRT,2018-01-01 00:00:00.000,6.104553119730186
PRT,2019-01-01 00:00:00.000,6.094276094276095
PRT,2020-01-01 00:00:00.000,6.11864406779661
PRT,2021-01-01 00:00:00.000,6.11864406779661
PRY,2012-01-01 00:00:00.000,5.71969696969697
PRY,2013-01-01 00:00:00.000,5.757575757575758
PRY,2014-01-01 00:00:00.000,5.841035120147873
PRY,2015-01-01 00:00:00.000,5.854545454545455
PRY,2016-01-01 00:00:00.000,5.868794326241137
PRY,2017-01-01 00:00:00.000,5.834738617200675
PRY,2018-01-01 00:00:00.000,5.851602023608769
PRY,2019-01-01 00:00:00.000,5.875420875420875
PRY,2020-01-01 00:00:00.000,5.898305084745763
PRY,2021-01-01 00:00:00.000,5.898305084745763
QAT,2012-01-01 00:00:00.000,7.291666666666665
QAT,2013-01-01 00:00:00.000,7.518939393939393
QAT,2014-01-01 00:00:00.000,7.56007393715342
QAT,2015-01-01 00:00:00.000,7.50909090909091
QAT,2016-01-01 00:00:00.000,7.340425531914893
QAT,2017-01-01 00:00:00.000,7.065767284991567
QAT,2018-01-01 00:00:00.000,7.048903878583474
QAT,2019-01-01 00:00:00.000,7.020202020202021
QAT,2020-01-01 00:00:00.000,7.067796610169492
QAT,2021-01-01 00:00:00.000,7.067796610169492
ROU,2012-01-01 00:00:00.000,6.534090909090909
ROU,2013-01-01 00:00:00.000,7.140151515151514
ROU,2014-01-01 00:00:00.000,7.504621072088724
ROU,2015-01-01 00:00:00.000,7.41818181818182
ROU,2016-01-01 00:00:00.000,7.287234042553192
ROU,2017-01-01 00:00:00.000,6.7116357504215856
ROU,2018-01-01 00:00:00.000,6.762225969645868
ROU,2019-01-01 00:00:00.000,6.851851851851853
ROU,2020-01-01 00:00:00.000,6.8474576271186445
ROU,2021-01-01 00:00:00.000,6.8474576271186445
RUS,2012-01-01 00:00:00.000,5.473484848484847
RUS,2013-01-01 00:00:00.000,5.530303030303031
RUS,2014-01-01 00:00:00.000,5.489833641404806
RUS,2015-01-01 00:00:00.000,5.49090909090909
RUS,2016-01-01 00:00:00.000,5.514184397163121
RUS,2017-01-01 00:00:00.000,5.328836424957842
RUS,2018-01-01 00:00:00.000,5.295109612141652
RUS,2019-01-01 00:00:00.000,5.26936026936027
RUS,2020-01-01 00:00:00.000,5.305084745762713
RUS,2021-01-01 00:00:00.000,5.305084745762713
RWA,2012-01-01 00:00:00.000,0.7196969696969702
RWA,2013-01-01 00:00:00.000,0.7765151515151518
RWA,2014-01-01 00:00:00.000,0.7948243992606283
RWA,2015-01-01 00:00:00.000,0.7818181818181817
RWA,2016-01-01 00:00:00.000,0.7978723404255326
RWA,2017-01-01 00:00:00.000,0.7925801011804385
RWA,2018-01-01 00:00:00.000,0.8937605396290047
RWA,2019-01-01 00:00:00.000,0.9090909090909087
RWA,2020-01-01 00:00:00.000,0.8983050847457625
RWA,2021-01-01 00:00:00.000,0.8983050847457625
SAU,2012-01-01 00:00:00.000,6.249999999999999
SAU,2013-01-01 00:00:00.000,6.439393939393938
SAU,2014-01-01 00:00:00.000,6.395563770794824
SAU,2015-01-01 00:00:00.000,6.381818181818183
SAU,2016-01-01 00:00:00.000,6.312056737588654
SAU,2017-01-01 00:00:00.000,6.205733558178752
SAU,2018-01-01 00:00:00.000,6.188870151770658
SAU,2019-01-01 00:00:00.000,6.17845117845118
SAU,2020-01-01 00:00:00.000,6.220338983050849
SAU,2021-01-01 00:00:00.000,6.220338983050849
SDN,2012-01-01 00:00:00.000,5.113636363636364
SDN,2013-01-01 00:00:00.000,5.662878787878789
SDN,2014-01-01 00:00:00.000,5.730129390018484
SDN,2015-01-01 00:00:00.000,5.58181818181818
SDN,2016-01-01 00:00:00.000,5.49645390070922
SDN,2017-01-01 00:00:00.000,5.430016863406408
SDN,2018-01-01 00:00:00.000,5.4468802698145025
SDN,2019-01-01 00:00:00.000,5.488215488215488
SDN,2020-01-01 00:00:00.000,5.52542372881356
SDN,2021-01-01 00:00:00.000,5.52542372881356
SEN,2012-01-01 00:00:00.000,1.6477272727272734
SEN,2013-01-01 00:00:00.000,1.6477272727272725
SEN,2014-01-01 00:00:00.000,1.6266173752310529
SEN,2015-01-01 00:00:00.000,1.5454545454545454
SEN,2016-01-01 00:00:00.000,1.7198581560283692
SEN,2017-01-01 00:00:00.000,1.8212478920741992
SEN,2018-01-01 00:00:00.000,1.8043844856661047
SEN,2019-01-01 00:00:00.000,1.818181818181818
SEN,2020-01-01 00:00:00.000,1.8135593220338988
SEN,2021-01-01 00:00:00.000,1.8135593220338988
SGP,2012-01-01 00:00:00.000,6.8181818181818175
SGP,2013-01-01 00:00:00.000,6.950757575757576
SGP,2014-01-01 00:00:00.000,6.894639556377078
SGP,2015-01-01 00:00:00.000,6.872727272727273
SGP,2016-01-01 00:00:00.000,6.8617021276595755
SGP,2017-01-01 00:00:00.000,6.998313659359191
SGP,2018-01-01 00:00:00.000,7.082630691399663
SGP,2019-01-01 00:00:00.000,7.070707070707071
SGP,2020-01-01 00:00:00.000,7.101694915254238
SGP,2021-01-01 00:00:00.000,7.101694915254238
SLB,2012-01-01 00:00:00.000,1.8371212121212128
SLB,2013-01-01 00:00:00.000,1.9696969696969706
SLB,2014-01-01 00:00:00.000,2.1626617375231048
SLB,2015-01-01 00:00:00.000,2.309090909090909
SLB,2016-01-01 00:00:00.000,2.375886524822695
SLB,2017-01-01 00:00:00.000,2.3102866779089375
SLB,2018-01-01 00:00:00.000,2.327150084317032
SLB,2019-01-01 00:00:00.000,2.356902356902357
SLB,2020-01-01 00:00:00.000,2.3559322033898304
SLB,2021-01-01 00:00:00.000,2.3559322033898304
SLE,2012-01-01 00:00:00.000,0.5681818181818183
SLE,2013-01-01 00:00:00.000,0.37878787878787934
SLE,2014-01-01 00:00:00.000,0.29574861367837313
SLE,2015-01-01 00:00:00.000,0.4909090909090912
SLE,2016-01-01 00:00:00.000,0.5496453900709222
SLE,2017-01-01 00:00:00.000,0.623946037099494
SLE,2018-01-01 00:00:00.000,0.623946037099494
SLE,2019-01-01 00:00:00.000,0.6228956228956228
SLE,2020-01-01 00:00:00.000,0.6271186440677963
SLE,2021-01-01 00:00:00.000,0.6271186440677963
SLV,2012-01-01 00:00:00.000,4.318181818181818
SLV,2013-01-01 00:00:00.000,4.431818181818182
SLV,2014-01-01 00:00:00.000,4.584103512014787
SLV,2015-01-01 00:00:00.000,4.581818181818182
SLV,2016-01-01 00:00:00.000,4.450354609929079
SLV,2017-01-01 00:00:00.000,4.519392917369308
SLV,2018-01-01 00:00:00.000,4.502529510961215
SLV,2019-01-01 00:00:00.000,4.511784511784512
SLV,2020-01-01 00:00:00.000,4.694915254237288
SLV,2021-01-01 00:00:00.000,4.694915254237288
SMR,2012-01-01 00:00:00.000,2.4810606060606064
SMR,2013-01-01 00:00:00.000,2.632575757575758
SMR,2014-01-01 00:00:00.000,2.6987060998151566
SMR,2015-01-01 00:00:00.000,2.854545454545455
SMR,2016-01-01 00:00:00.000,2.872340425531916
SMR,2017-01-01 00:00:00.000,2.8161888701517706
SMR,2018-01-01 00:00:00.000,2.799325463743676
SMR,2019-01-01 00:00:00.000,2.811447811447811
SMR,2020-01-01 00:00:00.000,2.8305084745762707
SMR,2021-01-01 00:00:00.000,2.8305084745762707
SOM,2012-01-01 00:00:00.000,0.11363636363636376
SOM,2013-01-01 00:00:00.000,0.1893939393939399
SOM,2014-01-01 00:00:00.000,0.35120147874306795
SOM,2015-01-01 00:00:00.000,0.4545454545454546
SOM,2016-01-01 00:00:00.000,0.5496453900709222
SOM,2017-01-01 00:00:00.000,0.5902192242833049
SOM,2018-01-01 00:00:00.000,0.5902192242833049
SOM,2019-01-01 00:00:00.000,0.6228956228956228
SOM,2020-01-01 00:00:00.000,0.6271186440677963
SOM,2021-01-01 00:00:00.000,0.6271186440677963
SRB,2012-01-01 00:00:00.000,5.037878787878788
SRB,2013-01-01 00:00:00.000,5.549242424242424
SRB,2014-01-01 00:00:00.000,5.896487985212569
SRB,2015-01-01 00:00:00.000,5.781818181818181
SRB,2016-01-01 00:00:00.000,5.4787234042553195
SRB,2017-01-01 00:00:00.000,5.075885328836425
SRB,2018-01-01 00:00:00.000,5.160202360876896
SRB,2019-01-01 00:00:00.000,5.134680134680135
SRB,2020-01-01 00:00:00.000,5.152542372881356
SRB,2021-01-01 00:00:00.000,5.152542372881356
SSD,2012-01-01 00:00:00.000,1.1553030303030303
SSD,2013-01-01 00:00:00.000,1.25
SSD,2014-01-01 00:00:00.000,1.4232902033271717
SSD,2015-01-01 00:00:00.000,1.5454545454545454
SSD,2016-01-01 00:00:00.000,1.6134751773049651
SSD,2017-01-01 00:00:00.000,1.602023608768971
SSD,2018-01-01 00:00:00.000,1.5851602023608768
SSD,2019-01-01 00:00:00.000,1.5824915824915822
SSD,2020-01-01 00:00:00.000,1.5932203389830506
SSD,2021-01-01 00:00:00.000,1.5932203389830506
STP,2012-01-01 00:00:00.000,0.0
STP,2013-01-01 00:00:00.000,0.1893939393939399
STP,2014-01-01 00:00:00.000,0.4436229205175599
STP,2015-01-01 00:00:00.000,0.6181818181818182
STP,2016-01-01 00:00:00.000,0.691489361702128
STP,2017-01-01 00:00:00.000,0.7419898819561552
STP,2018-01-01 00:00:00.000,0.7419898819561552
STP,2019-01-01 00:00:00.000,0.7407407407407409
STP,2020-01-01 00:00:00.000,0.7457627118644066
STP,2021-01-01 00:00:00.000,0.7457627118644066
SUR,2012-01-01 00:00:00.000,4.734848484848484
SUR,2013-01-01 00:00:00.000,4.8106060606060606
SUR,2014-01-01 00:00:00.000,5.120147874306839
SUR,2015-01-01 00:00:00.000,5.236363636363636
SUR,2016-01-01 00:00:00.000,5.301418439716313
SUR,2017-01-01 00:00:00.000,5.126475548060709
SUR,2018-01-01 00:00:00.000,5.109612141652614
SUR,2019-01-01 00:00:00.000,5.084175084175085
SUR,2020-01-01 00:00:00.000,5.11864406779661
SUR,2021-01-01 00:00:00.000,5.11864406779661
SVK,2012-01-01 00:00:00.000,7.689393939393939
SVK,2013-01-01 00:00:00.000,7.84090909090909
SVK,2014-01-01 00:00:00.000,7.800369685767097
SVK,2015-01-01 00:00:00.000,7.745454545454546
SVK,2016-01-01 00:00:00.000,7.606382978723405
SVK,2017-01-01 00:00:00.000,7.18381112984823
SVK,2018-01-01 00:00:00.000,7.133220910623946
SVK,2019-01-01 00:00:00.000,7.121212121212121
SVK,2020-01-01 00:00:00.000,7.11864406779661
SVK,2021-01-01 00:00:00.000,7.11864406779661
SVN,2012-01-01 00:00:00.000,7.40530303030303
SVN,2013-01-01 00:00:00.000,7.632575757575758
SVN,2014-01-01 00:00:00.000,7.89279112754159
SVN,2015-01-01 00:00:00.000,7.672727272727274
SVN,2016-01-01 00:00:00.000,7.641843971631208
SVN,2017-01-01 00:00:00.000,7.335581787521079
SVN,2018-01-01 00:00:00.000,7.419898819561551
SVN,2019-01-01 00:00:00.000,7.407407407407408
SVN,2020-01-01 00:00:00.000,7.457627118644068
SVN,2021-01-01 00:00:00.000,7.457627118644068
SWE,2012-01-01 00:00:00.000,9.185606060606059
SWE,2013-01-01 00:00:00.000,9.22348484848485
SWE,2014-01-01 00:00:00.000,9.186691312384472
SWE,2015-01-01 00:00:00.000,9.290909090909091
SWE,2016-01-01 00:00:00.000,9.042553191489361
SWE,2017-01-01 00:00:00.000,8.802698145025296
SWE,2018-01-01 00:00:00.000,8.853288364249579
SWE,2019-01-01 00:00:00.000,8.855218855218856
SWE,2020-01-01 00:00:00.000,8.881355932203391
SWE,2021-01-01 00:00:00.000,8.881355932203391
SWZ,2012-01-01 00:00:00.000,1.9886363636363633
SWZ,2013-01-01 00:00:00.000,2.045454545454546
SWZ,2014-01-01 00:00:00.000,2.1256931608133085
SWZ,2015-01-01 00:00:00.000,2.1636363636363636
SWZ,2016-01-01 00:00:00.000,2.1985815602836887
SWZ,2017-01-01 00:00:00.000,2.124789207419899
SWZ,2018-01-01 00:00:00.000,2.124789207419899
SWZ,2019-01-01 00:00:00.000,2.138047138047138
SWZ,2020-01-01 00:00:00.000,2.1525423728813555
SWZ,2021-01-01 00:00:00.000,2.1525423728813555
SYC,2012-01-01 00:00:00.000,2.5946969696969697
SYC,2013-01-01 00:00:00.000,2.632575757575758
SYC,2014-01-01 00:00:00.000,2.975970425138631
SYC,2015-01-01 00:00:00.000,3.1636363636363636
SYC,2016-01-01 00:00:00.000,3.049645390070923
SYC,2017-01-01 00:00:00.000,2.748735244519393
SYC,2018-01-01 00:00:00.000,2.765598650927487
SYC,2019-01-01 00:00:00.000,2.7777777777777772
SYC,2020-01-01 00:00:00.000,2.7796610169491522
SYC,2021-01-01 00:00:00.000,2.7796610169491522
SYR,2012-01-01 00:00:00.000,3.5984848484848486
SYR,2013-01-01 00:00:00.000,3.6553030303030303
SYR,2014-01-01 00:00:00.000,3.65988909426987
SYR,2015-01-01 00:00:00.000,3.7454545454545447
SYR,2016-01-01 00:00:00.000,3.8120567375886525
SYR,2017-01-01 00:00:00.000,3.6762225969645863
SYR,2018-01-01 00:00:00.000,3.7605396290050592
SYR,2019-01-01 00:00:00.000,3.754208754208754
SYR,2020-01-01 00:00:00.000,3.7796610169491522
SYR,2021-01-01 00:00:00.000,3.7796610169491522
TCD,2012-01-01 00:00:00.000,1.8750000000000009
TCD,2013-01-01 00:00:00.000,1.875
TCD,2014-01-01 00:00:00.000,1.9223659889094264
TCD,2015-01-01 00:00:00.000,2.5818181818181825
TCD,2016-01-01 00:00:00.000,2.588652482269504
TCD,2017-01-01 00:00:00.000,2.4451939291736924
TCD,2018-01-01 00:00:00.000,2.4451939291736924
TCD,2019-01-01 00:00:00.000,2.457912457912458
TCD,2020-01-01 00:00:00.000,2.4745762711864403
TCD,2021-01-01 00:00:00.000,2.4745762711864403
TGO,2012-01-01 00:00:00.000,2.632575757575758
TGO,2013-01-01 00:00:00.000,2.6515151515151514
TGO,2014-01-01 00:00:00.000,2.902033271719038
TGO,2015-01-01 00:00:00.000,2.727272727272728
TGO,2016-01-01 00:00:00.000,3.1560283687943267
TGO,2017-01-01 00:00:00.000,3.220910623946037
TGO,2018-01-01 00:00:00.000,3.3220910623946036
TGO,2019-01-01 00:00:00.000,3.316498316498317
TGO,2020-01-01 00:00:00.000,3.3389830508474576
TGO,2021-01-01 00:00:00.000,3.3389830508474576
THA,2012-01-01 00:00:00.000,3.371212121212122
THA,2013-01-01 00:00:00.000,3.4469696969696972
THA,2014-01-01 00:00:00.000,3.493530499075786
THA,2015-01-01 00:00:00.000,3.4909090909090907
THA,2016-01-01 00:00:00.000,3.6524822695035466
THA,2017-01-01 00:00:00.000,3.6256323777403034
THA,2018-01-01 00:00:00.000,3.693086003372681
THA,2019-01-01 00:00:00.000,3.7037037037037037
THA,2020-01-01 00:00:00.000,3.7288135593220337
THA,2021-01-01 00:00:00.000,3.7288135593220337
TJK,2012-01-01 00:00:00.000,5.037878787878788
TJK,2013-01-01 00:00:00.000,5.18939393939394
TJK,2014-01-01 00:00:00.000,4.953789279112754
TJK,2015-01-01 00:00:00.000,4.854545454545455
TJK,2016-01-01 00:00:00.000,4.680851063829788
TJK,2017-01-01 00:00:00.000,4.300168634064081
TJK,2018-01-01 00:00:00.000,4.266441821247892
TJK,2019-01-01 00:00:00.000,4.2592592592592595
TJK,2020-01-01 00:00:00.000,4.288135593220339
TJK,2021-01-01 00:00:00.000,4.288135593220339
TKM,2012-01-01 00:00:00.000,5.965909090909091
TKM,2013-01-01 00:00:00.000,6.079545454545455
TKM,2014-01-01 00:00:00.000,6.118299445471348
TKM,2015-01-01 00:00:00.000,6.090909090909092
TKM,2016-01-01 00:00:00.000,6.010638297872341
TKM,2017-01-01 00:00:00.000,5.733558178752108
TKM,2018-01-01 00:00:00.000,5.716694772344013
TKM,2019-01-01 00:00:00.000,5.707070707070708
TKM,2020-01-01 00:00:00.000,5.7457627118644075
TKM,2021-01-01 00:00:00.000,5.7457627118644075
TLS,2012-01-01 00:00:00.000,1.628787878787879
TLS,2013-01-01 00:00:00.000,1.7992424242424239
TLS,2014-01-01 00:00:00.000,1.3123844731977816
TLS,2015-01-01 00:00:00.000,1.3272727272727272
TLS,2016-01-01 00:00:00.000,1.3829787234042556
TLS,2017-01-01 00:00:00.000,1.4671163575042157
TLS,2018-01-01 00:00:00.000,1.4839797639123102
TLS,2019-01-01 00:00:00.000,1.4983164983164983
TLS,2020-01-01 00:00:00.000,1.4915254237288136
TLS,2021-01-01 00:00:00.000,1.4915254237288136
TON,2012-01-01 00:00:00.000,2.916666666666667
TON,2013-01-01 00:00:00.000,3.0492424242424248
TON,2014-01-01 00:00:00.000,3.142329020332716
TON,2015-01-01 00:00:00.000,3.1636363636363636
TON,2016-01-01 00:00:00.000,3.049645390070923
TON,2017-01-01 00:00:00.000,2.9005059021922426
TON,2018-01-01 00:00:00.000,2.9005059021922426
TON,2019-01-01 00:00:00.000,2.9292929292929295
TON,2020-01-01 00:00:00.000,2.9322033898305087
TON,2021-01-01 00:00:00.000,2.9322033898305087
TTO,2012-01-01 00:00:00.000,3.674242424242424
TTO,2013-01-01 00:00:00.000,3.9393939393939394
TTO,2014-01-01 00:00:00.000,4.177449168207024
TTO,2015-01-01 00:00:00.000,4.272727272727272
TTO,2016-01-01 00:00:00.000,4.326241134751774
TTO,2017-01-01 00:00:00.000,4.198988195615514
TTO,2018-01-01 00:00:00.000,4.198988195615514
TTO,2019-01-01 00:00:00.000,4.208754208754209
TTO,2020-01-01 00:00:00.000,4.237288135593221
TTO,2021-01-01 00:00:00.000,4.237288135593221
TUN,2012-01-01 00:00:00.000,4.450757575757576
TUN,2013-01-01 00:00:00.000,4.5643939393939394
TUN,2014-01-01 00:00:00.000,4.787430683918668
TUN,2015-01-01 00:00:00.000,4.854545454545455
TUN,2016-01-01 00:00:00.000,4.9645390070922
TUN,2017-01-01 00:00:00.000,4.907251264755481
TUN,2018-01-01 00:00:00.000,4.890387858347386
TUN,2019-01-01 00:00:00.000,4.898989898989898
TUN,2020-01-01 00:00:00.000,4.915254237288136
TUN,2021-01-01 00:00:00.000,4.915254237288136
TUR,2012-01-01 00:00:00.000,5.416666666666667
TUR,2013-01-01 00:00:00.000,5.700757575757576
TUR,2014-01-01 00:00:00.000,5.582255083179297
TUR,2015-01-01 00:00:00.000,5.854545454545455
TUR,2016-01-01 00:00:00.000,5.851063829787234
TUR,2017-01-01 00:00:00.000,5.51433389544688
TUR,2018-01-01 00:00:00.000,5.54806070826307
TUR,2019-01-01 00:00:00.000,5.53872053872054
TUR,2020-01-01 00:00:00.000,5.5423728813559325
TUR,2021-01-01 00:00:00.000,5.5423728813559325
TUV,2012-01-01 00:00:00.000,2.6136363636363633
TUV,2013-01-01 00:00:00.000,2.5
TUV,2014-01-01 00:00:00.000,2.43992606284658
TUV,2015-01-01 00:00:00.000,2.309090909090909
TUV,2016-01-01 00:00:00.000,2.677304964539008
TUV,2017-01-01 00:00:00.000,2.4283305227655987
TUV,2018-01-01 00:00:00.000,2.4283305227655987
TUV,2019-01-01 00:00:00.000,2.457912457912458
TUV,2020-01-01 00:00:00.000,2.4576271186440684
TUV,2021-01-01 00:00:00.000,2.4576271186440684
TZA,2012-01-01 00:00:00.000,1.231060606060606
TZA,2013-01-01 00:00:00.000,1.2689393939393945
TZA,2014-01-01 00:00:00.000,1.682070240295749
TZA,2015-01-01 00:00:00.000,1.6363636363636367
TZA,2016-01-01 00:00:00.000,1.7021276595744683
TZA,2017-01-01 00:00:00.000,1.7369308600337268
TZA,2018-01-01 00:00:00.000,1.7369308600337268
TZA,2019-01-01 00:00:00.000,1.734006734006734
TZA,2020-01-01 00:00:00.000,1.7288135593220337
TZA,2021-01-01 00:00:00.000,1.7288135593220337
UGA,2012-01-01 00:00:00.000,0.07575757575757613
UGA,2013-01-01 00:00:00.000,0.20833333333333348
UGA,2014-01-01 00:00:00.000,0.5175600739371533
UGA,2015-01-01 00:00:00.000,0.7818181818181817
UGA,2016-01-01 00:00:00.000,0.9751773049645394
UGA,2017-01-01 00:00:00.000,1.045531197301855
UGA,2018-01-01 00:00:00.000,1.0286677908937605
UGA,2019-01-01 00:00:00.000,1.127946127946128
UGA,2020-01-01 00:00:00.000,1.1186440677966103
UGA,2021-01-01 00:00:00.000,1.1186440677966103
UKR,2012-01-01 00:00:00.000,6.4772727272727275
UKR,2013-01-01 00:00:00.000,6.496212121212121
UKR,2014-01-01 00:00:00.000,6.247689463955639
UKR,2015-01-01 00:00:00.000,5.854545454545455
UKR,2016-01-01 00:00:00.000,5.833333333333334
UKR,2017-01-01 00:00:00.000,5.7841483979763915
UKR,2018-01-01 00:00:00.000,5.851602023608769
UKR,2019-01-01 00:00:00.000,6.026936026936028
UKR,2020-01-01 00:00:00.000,6.203389830508475
UKR,2021-01-01 00:00:00.000,6.203389830508475
URY,2012-01-01 00:00:00.000,4.9810606060606055
URY,2013-01-01 00:00:00.000,6.117424242424242
URY,2014-01-01 00:00:00.000,6.5619223659889085
URY,2015-01-01 00:00:00.000,6.6
URY,2016-01-01 00:00:00.000,6.613475177304966
URY,2017-01-01 00:00:00.000,6.4586846543001695
URY,2018-01-01 00:00:00.000,6.441821247892076
URY,2019-01-01 00:00:00.000,6.430976430976431
URY,2020-01-01 00:00:00.000,6.440677966101696
URY,2021-01-01 00:00:00.000,6.440677966101696
USA,2012-01-01 00:00:00.000,7.1401515151515165
USA,2013-01-01 00:00:00.000,7.291666666666666
USA,2014-01-01 00:00:00.000,7.190388170055452
USA,2015-01-01 00:00:00.000,7.181818181818183
USA,2016-01-01 00:00:00.000,7.21631205673759
USA,2017-01-01 00:00:00.000,6.930860033726814
USA,2018-01-01 00:00:00.000,6.998313659359191
USA,2019-01-01 00:00:00.000,6.986531986531986
USA,2020-01-01 00:00:00.000,7.084745762711864
USA,2021-01-01 00:00:00.000,7.084745762711864
UZB,2012-01-01 00:00:00.000,4.8106060606060606
UZB,2013-01-01 00:00:00.000,4.829545454545454
UZB,2014-01-01 00:00:00.000,4.861367837338261
UZB,2015-01-01 00:00:00.000,4.981818181818182
UZB,2016-01-01 00:00:00.000,4.9822695035460995
UZB,2017-01-01 00:00:00.000,4.755480607082631
UZB,2018-01-01 00:00:00.000,4.755480607082631
UZB,2019-01-01 00:00:00.000,4.747474747474747
UZB,2020-01-01 00:00:00.000,4.779661016949153
UZB,2021-01-01 00:00:00.000,4.779661016949153
VCT,2012-01-01 00:00:00.000,3.333333333333334
VCT,2013-01-01 00:00:00.000,3.5227272727272725
VCT,2014-01-01 00:00:00.000,3.696857670979667
VCT,2015-01-01 00:00:00.000,3.9636363636363634
VCT,2016-01-01 00:00:00.000,4.060283687943263
VCT,2017-01-01 00:00:00.000,3.9629005059021924
VCT,2018-01-01 00:00:00.000,3.9629005059021924
VCT,2019-01-01 00:00:00.000,3.9562289562289563
VCT,2020-01-01 00:00:00.000,3.983050847457627
VCT,2021-01-01 00:00:00.000,3.983050847457627
VEN,2012-01-01 00:00:00.000,5.378787878787878
VEN,2013-01-01 00:00:00.000,5.416666666666666
VEN,2014-01-01 00:00:00.000,5.378927911275415
VEN,2015-01-01 00:00:00.000,5.4
VEN,2016-01-01 00:00:00.000,5.407801418439717
VEN,2017-01-01 00:00:00.000,5.328836424957842
VEN,2018-01-01 00:00:00.000,5.328836424957842
VEN,2019-01-01 00:00:00.000,5.353535353535353
VEN,2020-01-01 00:00:00.000,5.372881355932204
VEN,2021-01-01 00:00:00.000,5.372881355932204
VNM,2012-01-01 00:00:00.000,2.8598484848484853
VNM,2013-01-01 00:00:00.000,3.0681818181818183
VNM,2014-01-01 00:00:00.000,3.308687615526802
VNM,2015-01-01 00:00:00.000,3.1636363636363636
VNM,2016-01-01 00:00:00.000,3.209219858156029
VNM,2017-01-01 00:00:00.000,3.355817875210792
VNM,2018-01-01 00:00:00.000,3.355817875210792
VNM,2019-01-01 00:00:00.000,3.451178451178451
VNM,2020-01-01 00:00:00.000,3.4576271186440675
VNM,2021-01-01 00:00:00.000,3.4576271186440675
VUT,2012-01-01 00:00:00.000,2.291666666666667
VUT,2013-01-01 00:00:00.000,2.2727272727272725
VUT,2014-01-01 00:00:00.000,2.421441774491682
VUT,2015-01-01 00:00:00.000,2.6181818181818186
VUT,2016-01-01 00:00:00.000,3.049645390070923
VUT,2017-01-01 00:00:00.000,3.001686340640809
VUT,2018-01-01 00:00:00.000,3.0185497470489038
VUT,2019-01-01 00:00:00.000,3.047138047138047
VUT,2020-01-01 00:00:00.000,3.0508474576271194
VUT,2021-01-01 00:00:00.000,3.0508474576271194
WSM,2012-01-01 00:00:00.000,3.295454545454546
WSM,2013-01-01 00:00:00.000,3.409090909090909
WSM,2014-01-01 00:00:00.000,3.54898336414048
WSM,2015-01-01 00:00:00.000,3.6
WSM,2016-01-01 00:00:00.000,3.581560283687944
WSM,2017-01-01 00:00:00.000,3.4569983136593594
WSM,2018-01-01 00:00:00.000,3.4569983136593594
WSM,2019-01-01 00:00:00.000,3.484848484848485
WSM,2020-01-01 00:00:00.000,3.491525423728814
WSM,2021-01-01 00:00:00.000,3.491525423728814
YEM,2012-01-01 00:00:00.000,3.1060606060606064
YEM,2013-01-01 00:00:00.000,3.3901515151515156
YEM,2014-01-01 00:00:00.000,3.5674676524953792
YEM,2015-01-01 00:00:00.000,3.7818181818181817
YEM,2016-01-01 00:00:00.000,4.042553191489363
YEM,2017-01-01 00:00:00.000,4.013490725126475
YEM,2018-01-01 00:00:00.000,4.013490725126475
YEM,2019-01-01 00:00:00.000,4.04040404040404
YEM,2020-01-01 00:00:00.000,4.0508474576271185
YEM,2021-01-01 00:00:00.000,4.0508474576271185
ZAF,2012-01-01 00:00:00.000,6.590909090909091
ZAF,2013-01-01 00:00:00.000,6.761363636363637
ZAF,2014-01-01 00:00:00.000,6.78373382624769
ZAF,2015-01-01 00:00:00.000,6.836363636363636
ZAF,2016-01-01 00:00:00.000,6.808510638297872
ZAF,2017-01-01 00:00:00.000,6.559865092748735
ZAF,2018-01-01 00:00:00.000,6.559865092748735
ZAF,2019-01-01 00:00:00.000,6.632996632996633
ZAF,2020-01-01 00:00:00.000,6.661016949152542
ZAF,2021-01-01 00:00:00.000,6.661016949152542
ZMB,2012-01-01 00:00:00.000,4.8106060606060606
ZMB,2013-01-01 00:00:00.000,4.678030303030303
ZMB,2014-01-01 00:00:00.000,4.417744916820702
ZMB,2015-01-01 00:00:00.000,4.363636363636363
ZMB,2016-01-01 00:00:00.000,4.379432624113476
ZMB,2017-01-01 00:00:00.000,4.064080944350758
ZMB,2018-01-01 00:00:00.000,4.064080944350758
ZMB,2019-01-01 00:00:00.000,4.074074074074074
ZMB,2020-01-01 00:00:00.000,4.067796610169491
ZMB,2021-01-01 00:00:00.000,4.067796610169491
ZWE,2012-01-01 00:00:00.000,4.696969696969697
ZWE,2013-01-01 00:00:00.000,4.375
ZWE,2014-01-01 00:00:00.000,4.251386321626617
ZWE,2015-01-01 00:00:00.000,3.8727272727272726
ZWE,2016-01-01 00:00:00.000,3.368794326241135
ZWE,2017-01-01 00:00:00.000,3.220910623946037
ZWE,2018-01-01 00:00:00.000,3.2040472175379424
ZWE,2019-01-01 00:00:00.000,3.1986531986531985
ZWE,2020-01-01 00:00:00.000,3.203389830508475
ZWE,2021-01-01 00:00:00.000,3.203389830508475
