,iso3,year,env_score
0,AFG,2012-01-01,0.49242424242424265
1,AFG,2013-01-01,0.6060606060606064
2,AFG,2014-01-01,0.8133086876155264
3,AFG,2015-01-01,1.0545454545454547
4,AFG,2016-01-01,1.1524822695035466
5,AFG,2017-01-01,1.1804384485666104
6,AFG,2018-01-01,1.197301854974705
7,AFG,2019-01-01,1.2121212121212124
8,AFG,2020-01-01,1.2033898305084745
9,AFG,2021-01-01,1.2033898305084745
10,AGO,2012-01-01,3.049242424242424
11,AGO,2013-01-01,3.4848484848484853
12,AGO,2014-01-01,3.54898336414048
13,AGO,2015-01-01,3.854545454545454
14,AGO,2016-01-01,4.007092198581561
15,AGO,2017-01-01,4.232715008431703
16,AGO,2018-01-01,4.249578414839798
17,AGO,2019-01-01,4.276094276094277
18,AGO,2020-01-01,4.305084745762712
19,AGO,2021-01-01,4.305084745762712
20,ALB,2012-01-01,3.6931818181818183
21,ALB,2013-01-01,3.825757575757576
22,ALB,2014-01-01,3.8262476894639548
23,ALB,2015-01-01,3.818181818181818
24,ALB,2016-01-01,3.918439716312057
25,ALB,2017-01-01,3.979763912310287
26,ALB,2018-01-01,3.979763912310287
27,ALB,2019-01-01,3.9730639730639736
28,ALB,2020-01-01,4.000000000000001
29,ALB,2021-01-01,4.000000000000001
30,AND,2012-01-01,4.6022727272727275
31,AND,2013-01-01,4.924242424242424
32,AND,2014-01-01,4.953789279112754
33,AND,2015-01-01,4.963636363636365
34,AND,2016-01-01,5.053191489361702
35,AND,2017-01-01,4.856661045531197
36,AND,2018-01-01,4.822934232715008
37,AND,2019-01-01,4.814814814814815
38,AND,2020-01-01,4.813559322033899
39,AND,2021-01-01,4.813559322033899
40,ARE,2012-01-01,7.007575757575757
41,ARE,2013-01-01,7.291666666666666
42,ARE,2014-01-01,7.227356746765248
43,ARE,2015-01-01,7.181818181818183
44,ARE,2016-01-01,7.127659574468086
45,ARE,2017-01-01,6.913996627318719
46,ARE,2018-01-01,6.897133220910623
47,ARE,2019-01-01,6.902356902356903
48,ARE,2020-01-01,6.9322033898305095
49,ARE,2021-01-01,6.9322033898305095
50,ARG,2012-01-01,5.303030303030302
51,ARG,2013-01-01,5.6060606060606055
52,ARG,2014-01-01,5.637707948243993
53,ARG,2015-01-01,5.672727272727274
54,ARG,2016-01-01,5.72695035460993
55,ARG,2017-01-01,5.682967959527825
56,ARG,2018-01-01,5.666104553119731
57,ARG,2019-01-01,5.757575757575758
58,ARG,2020-01-01,5.7457627118644075
59,ARG,2021-01-01,5.7457627118644075
60,ARM,2012-01-01,2.992424242424242
61,ARM,2013-01-01,3.1439393939393936
62,ARM,2014-01-01,3.290203327171903
63,ARM,2015-01-01,3.4181818181818184
64,ARM,2016-01-01,3.5638297872340434
65,ARM,2017-01-01,3.3220910623946036
66,ARM,2018-01-01,3.305227655986509
67,ARM,2019-01-01,3.2996632996632997
68,ARM,2020-01-01,3.305084745762712
69,ARM,2021-01-01,3.305084745762712
70,ATG,2012-01-01,3.409090909090909
71,ATG,2013-01-01,3.541666666666666
72,ATG,2014-01-01,3.678373382624768
73,ATG,2015-01-01,3.9999999999999996
74,ATG,2016-01-01,4.060283687943263
75,ATG,2017-01-01,3.946037099494098
76,ATG,2018-01-01,3.946037099494098
77,ATG,2019-01-01,3.93939393939394
78,ATG,2020-01-01,3.9661016949152543
79,ATG,2021-01-01,3.9661016949152543
80,AUS,2012-01-01,8.181818181818183
81,AUS,2013-01-01,8.428030303030303
82,AUS,2014-01-01,8.595194085027725
83,AUS,2015-01-01,8.581818181818182
84,AUS,2016-01-01,8.599290780141843
85,AUS,2017-01-01,8.381112984822934
86,AUS,2018-01-01,8.414839797639123
87,AUS,2019-01-01,8.417508417508419
88,AUS,2020-01-01,8.423728813559322
89,AUS,2021-01-01,8.423728813559322
90,AUT,2012-01-01,9.696969696969695
91,AUT,2013-01-01,9.867424242424242
92,AUT,2014-01-01,10.0
93,AUT,2015-01-01,9.709090909090909
94,AUT,2016-01-01,9.46808510638298
95,AUT,2017-01-01,8.887015177065766
96,AUT,2018-01-01,8.887015177065766
97,AUT,2019-01-01,8.956228956228957
98,AUT,2020-01-01,8.983050847457626
99,AUT,2021-01-01,8.983050847457626
100,AZE,2012-01-01,3.1818181818181825
101,AZE,2013-01-01,3.238636363636364
102,AZE,2014-01-01,3.345656192236599
103,AZE,2015-01-01,3.3454545454545452
104,AZE,2016-01-01,3.209219858156029
105,AZE,2017-01-01,3.1197301854974704
106,AZE,2018-01-01,3.102866779089376
107,AZE,2019-01-01,3.1144781144781146
108,AZE,2020-01-01,3.1355932203389827
109,AZE,2021-01-01,3.1355932203389827
110,BDI,2012-01-01,0.0568181818181821
111,BDI,2013-01-01,0.1325757575757578
112,BDI,2014-01-01,0.0
113,BDI,2015-01-01,0.0
114,BDI,2016-01-01,0.0
115,BDI,2017-01-01,0.0
116,BDI,2018-01-01,0.0
117,BDI,2019-01-01,0.0
118,BDI,2020-01-01,0.0
119,BDI,2021-01-01,0.0
120,BEL,2012-01-01,7.291666666666665
121,BEL,2013-01-01,7.443181818181818
122,BEL,2014-01-01,7.523105360443622
123,BEL,2015-01-01,7.490909090909092
124,BEL,2016-01-01,7.251773049645391
125,BEL,2017-01-01,6.964586846543002
126,BEL,2018-01-01,7.048903878583474
127,BEL,2019-01-01,7.138047138047138
128,BEL,2020-01-01,7.152542372881357
129,BEL,2021-01-01,7.152542372881357
130,BEN,2012-01-01,0.1325757575757578
131,BEN,2013-01-01,0.3409090909090913
132,BEN,2014-01-01,0.7208872458410349
133,BEN,2015-01-01,1.1999999999999997
134,BEN,2016-01-01,1.4007092198581566
135,BEN,2017-01-01,1.3490725126475545
136,BEN,2018-01-01,1.4502529510961215
137,BEN,2019-01-01,1.4646464646464645
138,BEN,2020-01-01,1.4745762711864407
139,BEN,2021-01-01,1.4745762711864407
140,BFA,2012-01-01,0.41666666666666696
141,BFA,2013-01-01,0.7575757575757578
142,BFA,2014-01-01,1.1460258780036963
143,BFA,2015-01-01,1.4909090909090912
144,BFA,2016-01-01,1.755319148936171
145,BFA,2017-01-01,1.8212478920741992
146,BFA,2018-01-01,1.8212478920741992
147,BFA,2019-01-01,1.8350168350168352
148,BFA,2020-01-01,1.8305084745762712
149,BFA,2021-01-01,1.8305084745762712
150,BGD,2012-01-01,1.193181818181818
151,BGD,2013-01-01,1.3257575757575757
152,BGD,2014-01-01,1.4787430683918665
153,BGD,2015-01-01,1.5454545454545454
154,BGD,2016-01-01,1.5957446808510638
155,BGD,2017-01-01,1.618887015177066
156,BGD,2018-01-01,1.618887015177066
157,BGD,2019-01-01,1.6329966329966332
158,BGD,2020-01-01,1.6271186440677963
159,BGD,2021-01-01,1.6271186440677963
160,BGR,2012-01-01,6.382575757575757
161,BGR,2013-01-01,6.647727272727272
162,BGR,2014-01-01,6.857670979667282
163,BGR,2015-01-01,6.854545454545454
164,BGR,2016-01-01,6.70212765957447
165,BGR,2017-01-01,6.256323777403036
166,BGR,2018-01-01,6.391231028667791
167,BGR,2019-01-01,6.380471380471382
168,BGR,2020-01-01,6.389830508474577
169,BGR,2021-01-01,6.389830508474577
170,BHR,2012-01-01,7.481060606060606
171,BHR,2013-01-01,7.670454545454545
172,BHR,2014-01-01,7.818853974121995
173,BHR,2015-01-01,8.10909090909091
174,BHR,2016-01-01,8.404255319148938
175,BHR,2017-01-01,8.279932546374368
176,BHR,2018-01-01,8.279932546374368
177,BHR,2019-01-01,8.282828282828284
178,BHR,2020-01-01,8.33898305084746
179,BHR,2021-01-01,8.33898305084746
180,BHS,2012-01-01,2.9734848484848486
181,BHS,2013-01-01,3.0113636363636367
182,BHS,2014-01-01,2.8835489833641406
183,BHS,2015-01-01,2.945454545454545
184,BHS,2016-01-01,2.9432624113475185
185,BHS,2017-01-01,2.8499156829679597
186,BHS,2018-01-01,2.8499156829679597
187,BHS,2019-01-01,2.861952861952862
188,BHS,2020-01-01,2.8644067796610164
189,BHS,2021-01-01,2.8644067796610164
190,BIH,2012-01-01,3.7310606060606064
191,BIH,2013-01-01,4.204545454545454
192,BIH,2014-01-01,4.306839186691312
193,BIH,2015-01-01,4.49090909090909
194,BIH,2016-01-01,4.556737588652483
195,BIH,2017-01-01,4.367622259696459
196,BIH,2018-01-01,4.569983136593592
197,BIH,2019-01-01,4.57912457912458
198,BIH,2020-01-01,4.593220338983051
199,BIH,2021-01-01,4.593220338983051
200,BLR,2012-01-01,5.984848484848485
201,BLR,2013-01-01,6.136363636363637
202,BLR,2014-01-01,6.118299445471348
203,BLR,2015-01-01,6.218181818181819
204,BLR,2016-01-01,6.187943262411349
205,BLR,2017-01-01,6.003372681281618
206,BLR,2018-01-01,5.986509274873525
207,BLR,2019-01-01,5.95959595959596
208,BLR,2020-01-01,5.983050847457627
209,BLR,2021-01-01,5.983050847457627
210,BLZ,2012-01-01,2.0265151515151514
211,BLZ,2013-01-01,2.253787878787879
212,BLZ,2014-01-01,2.5138632162661736
213,BLZ,2015-01-01,2.6545454545454548
214,BLZ,2016-01-01,2.6950354609929086
215,BLZ,2017-01-01,2.5969645868465427
216,BLZ,2018-01-01,2.5969645868465427
217,BLZ,2019-01-01,2.6094276094276094
218,BLZ,2020-01-01,2.6271186440677967
219,BLZ,2021-01-01,2.6271186440677967
220,BOL,2012-01-01,4.9810606060606055
221,BOL,2013-01-01,5.037878787878788
222,BOL,2014-01-01,5.157116451016635
223,BOL,2015-01-01,5.236363636363636
224,BOL,2016-01-01,4.9822695035460995
225,BOL,2017-01-01,5.025295109612141
226,BOL,2018-01-01,5.025295109612141
227,BOL,2019-01-01,5.033670033670033
228,BOL,2020-01-01,5.0508474576271185
229,BOL,2021-01-01,5.0508474576271185
230,BRA,2012-01-01,7.992424242424241
231,BRA,2013-01-01,7.973484848484848
232,BRA,2014-01-01,7.744916820702403
233,BRA,2015-01-01,7.854545454545454
234,BRA,2016-01-01,7.996453900709221
235,BRA,2017-01-01,7.858347386172008
236,BRA,2018-01-01,7.908937605396289
237,BRA,2019-01-01,7.912457912457912
238,BRA,2020-01-01,7.915254237288136
239,BRA,2021-01-01,7.915254237288136
240,BRB,2012-01-01,3.409090909090909
241,BRB,2013-01-01,3.5984848484848486
242,BRB,2014-01-01,3.900184842883548
243,BRB,2015-01-01,4.072727272727272
244,BRB,2016-01-01,4.166666666666667
245,BRB,2017-01-01,4.0472175379426645
246,BRB,2018-01-01,4.0472175379426645
247,BRB,2019-01-01,4.057239057239057
248,BRB,2020-01-01,4.084745762711865
249,BRB,2021-01-01,4.084745762711865
250,BRN,2012-01-01,3.0681818181818183
251,BRN,2013-01-01,3.503787878787879
252,BRN,2014-01-01,3.8077634011090566
253,BRN,2015-01-01,4.163636363636364
254,BRN,2016-01-01,4.450354609929079
255,BRN,2017-01-01,4.232715008431703
256,BRN,2018-01-01,4.2158516020236085
257,BRN,2019-01-01,4.208754208754209
258,BRN,2020-01-01,4.237288135593221
259,BRN,2021-01-01,4.237288135593221
260,BTN,2012-01-01,2.7651515151515147
261,BTN,2013-01-01,3.0113636363636367
262,BTN,2014-01-01,3.142329020332716
263,BTN,2015-01-01,3.2909090909090906
264,BTN,2016-01-01,3.3510638297872344
265,BTN,2017-01-01,3.2715008431703207
266,BTN,2018-01-01,3.2715008431703207
267,BTN,2019-01-01,3.265993265993266
268,BTN,2020-01-01,3.2711864406779663
269,BTN,2021-01-01,3.2711864406779663
270,BWA,2012-01-01,4.034090909090909
271,BWA,2013-01-01,3.996212121212121
272,BWA,2014-01-01,3.7707948243992604
273,BWA,2015-01-01,3.527272727272728
274,BWA,2016-01-01,3.3510638297872344
275,BWA,2017-01-01,3.338954468802698
276,BWA,2018-01-01,3.338954468802698
277,BWA,2019-01-01,3.3333333333333335
278,BWA,2020-01-01,3.3559322033898304
279,BWA,2021-01-01,3.3559322033898304
280,CAF,2012-01-01,2.954545454545455
281,CAF,2013-01-01,3.087121212121212
282,CAF,2014-01-01,3.1792975970425132
283,CAF,2015-01-01,3.2181818181818174
284,CAF,2016-01-01,3.2624113475177303
285,CAF,2017-01-01,3.136593591905565
286,CAF,2018-01-01,3.136593591905565
287,CAF,2019-01-01,3.131313131313132
288,CAF,2020-01-01,3.1525423728813564
289,CAF,2021-01-01,3.1525423728813564
290,CAN,2012-01-01,9.223484848484848
291,CAN,2013-01-01,9.337121212121211
292,CAN,2014-01-01,9.223659889094268
293,CAN,2015-01-01,9.127272727272727
294,CAN,2016-01-01,9.02482269503546
295,CAN,2017-01-01,8.650927487352446
296,CAN,2018-01-01,8.735244519392918
297,CAN,2019-01-01,8.821548821548822
298,CAN,2020-01-01,8.864406779661017
299,CAN,2021-01-01,8.864406779661017
300,CHE,2012-01-01,8.503787878787879
301,CHE,2013-01-01,8.674242424242424
302,CHE,2014-01-01,8.613678373382623
303,CHE,2015-01-01,8.672727272727272
304,CHE,2016-01-01,8.51063829787234
305,CHE,2017-01-01,8.24620573355818
306,CHE,2018-01-01,8.128161888701518
307,CHE,2019-01-01,8.097643097643099
308,CHE,2020-01-01,8.135593220338983
309,CHE,2021-01-01,8.135593220338983
310,CHL,2012-01-01,7.215909090909089
311,CHL,2013-01-01,7.443181818181818
312,CHL,2014-01-01,7.8373382624768935
313,CHL,2015-01-01,7.872727272727273
314,CHL,2016-01-01,7.836879432624115
315,CHL,2017-01-01,7.5210792580101185
316,CHL,2018-01-01,7.554806070826306
317,CHL,2019-01-01,7.542087542087543
318,CHL,2020-01-01,7.559322033898305
319,CHL,2021-01-01,7.559322033898305
320,CHN,2012-01-01,4.886363636363637
321,CHN,2013-01-01,5.151515151515151
322,CHN,2014-01-01,5.378927911275415
323,CHN,2015-01-01,5.563636363636363
324,CHN,2016-01-01,5.6914893617021285
325,CHN,2017-01-01,5.615514333895447
326,CHN,2018-01-01,5.615514333895447
327,CHN,2019-01-01,5.606060606060607
328,CHN,2020-01-01,5.627118644067797
329,CHN,2021-01-01,5.627118644067797
330,CIV,2012-01-01,2.007575757575758
331,CIV,2013-01-01,1.9696969696969706
332,CIV,2014-01-01,2.0887245841035114
333,CIV,2015-01-01,1.8909090909090902
334,CIV,2016-01-01,1.9503546099290787
335,CIV,2017-01-01,1.7369308600337268
336,CIV,2018-01-01,1.7200674536256326
337,CIV,2019-01-01,1.7171717171717171
338,CIV,2020-01-01,1.7118644067796613
339,CIV,2021-01-01,1.7118644067796613
340,CMR,2012-01-01,4.412878787878788
341,CMR,2013-01-01,4.431818181818182
342,CMR,2014-01-01,4.491682070240295
343,CMR,2015-01-01,4.363636363636363
344,CMR,2016-01-01,4.379432624113476
345,CMR,2017-01-01,4.165261382799325
346,CMR,2018-01-01,4.165261382799325
347,CMR,2019-01-01,4.175084175084175
348,CMR,2020-01-01,4.186440677966102
349,CMR,2021-01-01,4.186440677966102
350,COD,2012-01-01,3.75
351,COD,2013-01-01,3.6931818181818183
352,COD,2014-01-01,3.7892791127541585
353,COD,2015-01-01,3.9454545454545458
354,COD,2016-01-01,4.095744680851064
355,COD,2017-01-01,4.080944350758854
356,COD,2018-01-01,4.080944350758854
357,COD,2019-01-01,4.090909090909092
358,COD,2020-01-01,4.118644067796611
359,COD,2021-01-01,4.118644067796611
360,COG,2012-01-01,3.617424242424242
361,COG,2013-01-01,3.7689393939393936
362,COG,2014-01-01,3.7892791127541585
363,COG,2015-01-01,3.636363636363637
364,COG,2016-01-01,3.5992907801418452
365,COG,2017-01-01,3.5413153456998314
366,COG,2018-01-01,3.5413153456998314
367,COG,2019-01-01,3.5521885521885523
368,COG,2020-01-01,3.576271186440678
369,COG,2021-01-01,3.576271186440678
370,COL,2012-01-01,6.856060606060606
371,COL,2013-01-01,6.628787878787879
372,COL,2014-01-01,6.746765249537892
373,COL,2015-01-01,6.636363636363637
374,COL,2016-01-01,6.755319148936171
375,COL,2017-01-01,6.88026981450253
376,COL,2018-01-01,7.065767284991567
377,COL,2019-01-01,7.171717171717173
378,COL,2020-01-01,7.271186440677968
379,COL,2021-01-01,7.271186440677968
380,COM,2012-01-01,0.0568181818181821
381,COM,2013-01-01,0.0
382,COM,2014-01-01,0.09242144177449152
383,COM,2015-01-01,0.1454545454545455
384,COM,2016-01-01,0.0354609929078018
385,COM,2017-01-01,0.2529510961214163
386,COM,2018-01-01,0.2529510961214163
387,COM,2019-01-01,0.26936026936026947
388,COM,2020-01-01,0.2711864406779658
389,COM,2021-01-01,0.2711864406779658
390,CPV,2012-01-01,1.0416666666666665
391,CPV,2013-01-01,1.496212121212122
392,CPV,2014-01-01,2.033271719038817
393,CPV,2015-01-01,2.2545454545454544
394,CPV,2016-01-01,2.2340425531914905
395,CPV,2017-01-01,2.074198988195616
396,CPV,2018-01-01,2.0910623946037097
397,CPV,2019-01-01,2.1212121212121215
398,CPV,2020-01-01,2.1355932203389836
399,CPV,2021-01-01,2.1355932203389836
400,CRI,2012-01-01,5.284090909090909
401,CRI,2013-01-01,5.359848484848484
402,CRI,2014-01-01,5.471349353049906
403,CRI,2015-01-01,5.727272727272727
404,CRI,2016-01-01,5.762411347517731
405,CRI,2017-01-01,5.564924114671164
406,CRI,2018-01-01,5.54806070826307
407,CRI,2019-01-01,5.53872053872054
408,CRI,2020-01-01,5.5593220338983045
409,CRI,2021-01-01,5.5593220338983045
410,CUB,2012-01-01,2.5757575757575752
411,CUB,2013-01-01,2.708333333333333
412,CUB,2014-01-01,2.902033271719038
413,CUB,2015-01-01,3.0727272727272728
414,CUB,2016-01-01,3.1914893617021285
415,CUB,2017-01-01,3.3220910623946036
416,CUB,2018-01-01,3.305227655986509
417,CUB,2019-01-01,3.2996632996632997
418,CUB,2020-01-01,3.305084745762712
419,CUB,2021-01-01,3.305084745762712
420,CYP,2012-01-01,5.170454545454546
421,CYP,2013-01-01,5.284090909090909
422,CYP,2014-01-01,5.341959334565619
423,CYP,2015-01-01,5.381818181818183
424,CYP,2016-01-01,5.354609929078015
425,CYP,2017-01-01,5.160202360876896
426,CYP,2018-01-01,5.143338954468803
427,CYP,2019-01-01,5.134680134680135
428,CYP,2020-01-01,5.169491525423729
429,CYP,2021-01-01,5.169491525423729
430,CZE,2012-01-01,7.74621212121212
431,CZE,2013-01-01,7.897727272727273
432,CZE,2014-01-01,7.948243992606284
433,CZE,2015-01-01,7.945454545454547
434,CZE,2016-01-01,7.748226950354611
435,CZE,2017-01-01,7.318718381112985
436,CZE,2018-01-01,7.3018549747048915
437,CZE,2019-01-01,7.306397306397308
438,CZE,2020-01-01,7.322033898305084
439,CZE,2021-01-01,7.322033898305084
440,DEU,2012-01-01,8.977272727272727
441,DEU,2013-01-01,8.996212121212121
442,DEU,2014-01-01,8.8724584103512
443,DEU,2015-01-01,8.927272727272728
444,DEU,2016-01-01,9.042553191489361
445,DEU,2017-01-01,8.802698145025296
446,DEU,2018-01-01,8.81956155143339
447,DEU,2019-01-01,9.006734006734007
448,DEU,2020-01-01,9.084745762711865
449,DEU,2021-01-01,9.084745762711865
450,DJI,2012-01-01,2.4053030303030303
451,DJI,2013-01-01,2.405303030303031
452,DJI,2014-01-01,2.55083179297597
453,DJI,2015-01-01,2.6545454545454548
454,DJI,2016-01-01,2.7304964539007095
455,DJI,2017-01-01,2.6475548060708265
456,DJI,2018-01-01,2.6475548060708265
457,DJI,2019-01-01,2.6599326599326596
458,DJI,2020-01-01,2.6610169491525424
459,DJI,2021-01-01,2.6610169491525424
460,DMA,2012-01-01,2.992424242424242
461,DMA,2013-01-01,3.125
462,DMA,2014-01-01,3.308687615526802
463,DMA,2015-01-01,3.4545454545454546
464,DMA,2016-01-01,3.6879432624113484
465,DMA,2017-01-01,3.473861720067454
466,DMA,2018-01-01,3.558178752107926
467,DMA,2019-01-01,3.5690235690235688
468,DMA,2020-01-01,3.576271186440678
469,DMA,2021-01-01,3.576271186440678
470,DNK,2012-01-01,9.678030303030305
471,DNK,2013-01-01,9.526515151515152
472,DNK,2014-01-01,9.648798521256932
473,DNK,2015-01-01,10.0
474,DNK,2016-01-01,9.75177304964539
475,DNK,2017-01-01,9.527824620573355
476,DNK,2018-01-01,9.477234401349074
477,DNK,2019-01-01,9.461279461279464
478,DNK,2020-01-01,9.576271186440678
479,DNK,2021-01-01,9.576271186440678
480,DOM,2012-01-01,2.878787878787879
481,DOM,2013-01-01,3.0303030303030303
482,DOM,2014-01-01,3.2347504621072085
483,DOM,2015-01-01,3.309090909090909
484,DOM,2016-01-01,3.421985815602838
485,DOM,2017-01-01,3.389544688026981
486,DOM,2018-01-01,3.389544688026981
487,DOM,2019-01-01,3.3838383838383845
488,DOM,2020-01-01,3.474576271186441
489,DOM,2021-01-01,3.474576271186441
490,DZA,2012-01-01,6.704545454545454
491,DZA,2013-01-01,6.799242424242424
492,DZA,2014-01-01,6.857670979667282
493,DZA,2015-01-01,6.781818181818181
494,DZA,2016-01-01,6.737588652482271
495,DZA,2017-01-01,6.509274873524452
496,DZA,2018-01-01,6.509274873524452
497,DZA,2019-01-01,6.498316498316498
498,DZA,2020-01-01,6.52542372881356
499,DZA,2021-01-01,6.52542372881356
500,ECU,2012-01-01,4.090909090909091
501,ECU,2013-01-01,4.071969696969697
502,ECU,2014-01-01,4.10351201478743
503,ECU,2015-01-01,4.309090909090909
504,ECU,2016-01-01,4.609929078014185
505,ECU,2017-01-01,4.940978077571669
506,ECU,2018-01-01,4.907251264755481
507,ECU,2019-01-01,5.0
508,ECU,2020-01-01,5.016949152542374
509,ECU,2021-01-01,5.016949152542374
510,EGY,2012-01-01,5.094696969696971
511,EGY,2013-01-01,5.265151515151516
512,EGY,2014-01-01,5.582255083179297
513,EGY,2015-01-01,5.927272727272728
514,EGY,2016-01-01,5.95744680851064
515,EGY,2017-01-01,5.868465430016863
516,EGY,2018-01-01,5.868465430016863
517,EGY,2019-01-01,5.875420875420875
518,EGY,2020-01-01,5.898305084745763
519,EGY,2021-01-01,5.898305084745763
520,ERI,2012-01-01,2.1969696969696972
521,ERI,2013-01-01,2.045454545454546
522,ERI,2014-01-01,1.9223659889094264
523,ERI,2015-01-01,1.6727272727272728
524,ERI,2016-01-01,1.6843971631205679
525,ERI,2017-01-01,1.5851602023608768
526,ERI,2018-01-01,1.602023608768971
527,ERI,2019-01-01,1.6329966329966332
528,ERI,2020-01-01,1.6440677966101696
529,ERI,2021-01-01,1.6440677966101696
530,ESP,2012-01-01,7.253787878787878
531,ESP,2013-01-01,7.897727272727273
532,ESP,2014-01-01,7.689463955637707
533,ESP,2015-01-01,7.472727272727273
534,ESP,2016-01-01,7.482269503546099
535,ESP,2017-01-01,7.18381112984823
536,ESP,2018-01-01,7.284991568296796
537,ESP,2019-01-01,7.272727272727273
538,ESP,2020-01-01,7.372881355932203
539,ESP,2021-01-01,7.372881355932203
540,EST,2012-01-01,6.420454545454544
541,EST,2013-01-01,6.325757575757576
542,EST,2014-01-01,6.229205175600739
543,EST,2015-01-01,6.218181818181819
544,EST,2016-01-01,6.187943262411349
545,EST,2017-01-01,5.919055649241146
546,EST,2018-01-01,5.919055649241146
547,EST,2019-01-01,5.892255892255893
548,EST,2020-01-01,5.9322033898305095
549,EST,2021-01-01,5.9322033898305095
550,ETH,2012-01-01,2.8598484848484853
551,ETH,2013-01-01,2.8030303030303036
552,ETH,2014-01-01,2.754158964879851
553,ETH,2015-01-01,2.7454545454545456
554,ETH,2016-01-01,2.7836879432624126
555,ETH,2017-01-01,2.7318718381112985
556,ETH,2018-01-01,2.748735244519393
557,ETH,2019-01-01,2.760942760942761
558,ETH,2020-01-01,2.7796610169491522
559,ETH,2021-01-01,2.7796610169491522
560,FIN,2012-01-01,9.545454545454547
561,FIN,2013-01-01,9.678030303030303
562,FIN,2014-01-01,9.500924214417743
563,FIN,2015-01-01,9.727272727272727
564,FIN,2016-01-01,9.52127659574468
565,FIN,2017-01-01,9.376053962900507
566,FIN,2018-01-01,9.359190556492411
567,FIN,2019-01-01,9.360269360269362
568,FIN,2020-01-01,9.474576271186443
569,FIN,2021-01-01,9.474576271186443
570,FJI,2012-01-01,4.242424242424243
571,FJI,2013-01-01,4.337121212121213
572,FJI,2014-01-01,4.1404805914972265
573,FJI,2015-01-01,4.072727272727272
574,FJI,2016-01-01,3.829787234042554
575,FJI,2017-01-01,3.608768971332209
576,FJI,2018-01-01,3.608768971332209
577,FJI,2019-01-01,3.6363636363636362
578,FJI,2020-01-01,3.6440677966101696
579,FJI,2021-01-01,3.6440677966101696
580,FRA,2012-01-01,7.007575757575757
581,FRA,2013-01-01,7.121212121212121
582,FRA,2014-01-01,7.20887245841035
583,FRA,2015-01-01,7.309090909090909
584,FRA,2016-01-01,7.393617021276596
585,FRA,2017-01-01,7.234401349072513
586,FRA,2018-01-01,7.369308600337268
587,FRA,2019-01-01,7.542087542087543
588,FRA,2020-01-01,7.64406779661017
589,FRA,2021-01-01,7.64406779661017
590,FSM,2012-01-01,1.9886363636363633
591,FSM,2013-01-01,2.083333333333333
592,FSM,2014-01-01,2.0702402957486132
593,FSM,2015-01-01,2.2363636363636368
594,FSM,2016-01-01,2.25177304964539
595,FSM,2017-01-01,2.040472175379427
596,FSM,2018-01-01,2.040472175379427
597,FSM,2019-01-01,2.0370370370370368
598,FSM,2020-01-01,2.0508474576271185
599,FSM,2021-01-01,2.0508474576271185
600,GAB,2012-01-01,4.9810606060606055
601,GAB,2013-01-01,4.962121212121213
602,GAB,2014-01-01,4.861367837338261
603,GAB,2015-01-01,4.854545454545455
604,GAB,2016-01-01,4.804964539007092
605,GAB,2017-01-01,4.671163575042159
606,GAB,2018-01-01,4.654300168634064
607,GAB,2019-01-01,4.646464646464647
608,GAB,2020-01-01,4.677966101694916
609,GAB,2021-01-01,4.677966101694916
610,GBR,2012-01-01,8.295454545454543
611,GBR,2013-01-01,8.446969696969697
612,GBR,2014-01-01,8.484288354898336
613,GBR,2015-01-01,8.672727272727272
614,GBR,2016-01-01,8.812056737588652
615,GBR,2017-01-01,8.617200674536258
616,GBR,2018-01-01,8.684654300168633
617,GBR,2019-01-01,8.686868686868687
618,GBR,2020-01-01,8.864406779661017
619,GBR,2021-01-01,8.864406779661017
620,GEO,2012-01-01,4.090909090909091
621,GEO,2013-01-01,4.488636363636363
622,GEO,2014-01-01,4.621072088724584
623,GEO,2015-01-01,4.672727272727272
624,GEO,2016-01-01,4.804964539007092
625,GEO,2017-01-01,4.688026981450252
626,GEO,2018-01-01,4.721753794266442
627,GEO,2019-01-01,4.747474747474747
628,GEO,2020-01-01,4.779661016949153
629,GEO,2021-01-01,4.779661016949153
630,GHA,2012-01-01,3.0681818181818183
631,GHA,2013-01-01,2.9356060606060606
632,GHA,2014-01-01,2.975970425138631
633,GHA,2015-01-01,2.8363636363636364
634,GHA,2016-01-01,2.9078014184397167
635,GHA,2017-01-01,2.4283305227655987
636,GHA,2018-01-01,2.411467116357504
637,GHA,2019-01-01,2.4242424242424243
638,GHA,2020-01-01,2.423728813559322
639,GHA,2021-01-01,2.423728813559322
640,GIN,2012-01-01,1.1553030303030303
641,GIN,2013-01-01,1.3446969696969697
642,GIN,2014-01-01,1.55268022181146
643,GIN,2015-01-01,1.6181818181818182
644,GIN,2016-01-01,1.7198581560283692
645,GIN,2017-01-01,1.7537942664418213
646,GIN,2018-01-01,1.7537942664418213
647,GIN,2019-01-01,1.7676767676767677
648,GIN,2020-01-01,1.7627118644067794
649,GIN,2021-01-01,1.7627118644067794
650,GMB,2012-01-01,0.49242424242424265
651,GMB,2013-01-01,0.7954545454545459
652,GMB,2014-01-01,0.9611829944547132
653,GMB,2015-01-01,1.0727272727272728
654,GMB,2016-01-01,1.187943262411348
655,GMB,2017-01-01,1.197301854974705
656,GMB,2018-01-01,1.2141652613827996
657,GMB,2019-01-01,1.2289562289562292
658,GMB,2020-01-01,1.2372881355932206
659,GMB,2021-01-01,1.2372881355932206
660,GNB,2012-01-01,1.4015151515151523
661,GNB,2013-01-01,1.5151515151515156
662,GNB,2014-01-01,1.645101663585952
663,GNB,2015-01-01,1.6545454545454543
664,GNB,2016-01-01,1.5780141843971638
665,GNB,2017-01-01,1.4502529510961215
666,GNB,2018-01-01,1.4502529510961215
667,GNB,2019-01-01,1.4646464646464645
668,GNB,2020-01-01,1.4745762711864407
669,GNB,2021-01-01,1.4745762711864407
670,GNQ,2012-01-01,3.75
671,GNQ,2013-01-01,3.787878787878788
672,GNQ,2014-01-01,3.7892791127541585
673,GNQ,2015-01-01,3.8000000000000003
674,GNQ,2016-01-01,3.7411347517730498
675,GNQ,2017-01-01,3.5750421585160206
676,GNQ,2018-01-01,3.5750421585160206
677,GNQ,2019-01-01,3.585858585858586
678,GNQ,2020-01-01,3.610169491525424
679,GNQ,2021-01-01,3.610169491525424
680,GRC,2012-01-01,7.651515151515151
681,GRC,2013-01-01,7.803030303030303
682,GRC,2014-01-01,7.763401109057301
683,GRC,2015-01-01,7.763636363636364
684,GRC,2016-01-01,7.748226950354611
685,GRC,2017-01-01,7.436762225969646
686,GRC,2018-01-01,7.537942664418212
687,GRC,2019-01-01,7.609427609427611
688,GRC,2020-01-01,7.796610169491525
689,GRC,2021-01-01,7.796610169491525
690,GRD,2012-01-01,3.409090909090909
691,GRD,2013-01-01,3.4848484848484853
692,GRD,2014-01-01,3.6414048059149717
693,GRD,2015-01-01,3.854545454545454
694,GRD,2016-01-01,3.9716312056737593
695,GRD,2017-01-01,3.9291736930860033
696,GRD,2018-01-01,3.9291736930860033
697,GRD,2019-01-01,3.93939393939394
698,GRD,2020-01-01,3.9661016949152543
699,GRD,2021-01-01,3.9661016949152543
700,GTM,2012-01-01,3.712121212121212
701,GTM,2013-01-01,3.9772727272727266
702,GTM,2014-01-01,3.900184842883548
703,GTM,2015-01-01,3.563636363636364
704,GTM,2016-01-01,3.4751773049645394
705,GTM,2017-01-01,3.507588532883643
706,GTM,2018-01-01,3.3220910623946036
707,GTM,2019-01-01,3.316498316498317
708,GTM,2020-01-01,3.3389830508474576
709,GTM,2021-01-01,3.3389830508474576
710,GUY,2012-01-01,4.450757575757576
711,GUY,2013-01-01,4.431818181818182
712,GUY,2014-01-01,4.380776340110906
713,GUY,2015-01-01,4.418181818181818
714,GUY,2016-01-01,4.4858156028368805
715,GUY,2017-01-01,4.367622259696459
716,GUY,2018-01-01,4.350758853288364
717,GUY,2019-01-01,4.326599326599327
718,GUY,2020-01-01,4.355932203389831
719,GUY,2021-01-01,4.355932203389831
720,HND,2012-01-01,3.7689393939393945
721,HND,2013-01-01,3.9015151515151523
722,HND,2014-01-01,3.9556377079482434
723,HND,2015-01-01,4.054545454545455
724,HND,2016-01-01,4.2730496453900715
725,HND,2017-01-01,4.2158516020236085
726,HND,2018-01-01,4.2158516020236085
727,HND,2019-01-01,4.208754208754209
728,HND,2020-01-01,4.203389830508475
729,HND,2021-01-01,4.203389830508475
730,HRV,2012-01-01,7.386363636363638
731,HRV,2013-01-01,7.9356060606060606
732,HRV,2014-01-01,8.07763401109057
733,HRV,2015-01-01,8.01818181818182
734,HRV,2016-01-01,8.01418439716312
735,HRV,2017-01-01,7.6053962900505905
736,HRV,2018-01-01,7.841483979763911
737,HRV,2019-01-01,7.811447811447811
738,HRV,2020-01-01,7.8305084745762725
739,HRV,2021-01-01,7.8305084745762725
740,HTI,2012-01-01,0.9280303030303032
741,HTI,2013-01-01,1.022727272727273
742,HTI,2014-01-01,1.0351201478743066
743,HTI,2015-01-01,1.0727272727272728
744,HTI,2016-01-01,1.0815602836879439
745,HTI,2017-01-01,1.1467116357504217
746,HTI,2018-01-01,1.281618887015177
747,HTI,2019-01-01,1.2962962962962958
748,HTI,2020-01-01,1.3050847457627115
749,HTI,2021-01-01,1.3050847457627115
750,HUN,2012-01-01,6.893939393939394
751,HUN,2013-01-01,6.931818181818182
752,HUN,2014-01-01,6.987060998151571
753,HUN,2015-01-01,7.072727272727272
754,HUN,2016-01-01,6.950354609929078
755,HUN,2017-01-01,6.593591905564924
756,HUN,2018-01-01,6.593591905564924
757,HUN,2019-01-01,6.582491582491583
758,HUN,2020-01-01,6.677966101694916
759,HUN,2021-01-01,6.677966101694916
760,IDN,2012-01-01,4.053030303030303
761,IDN,2013-01-01,4.28030303030303
762,IDN,2014-01-01,4.565619223659888
763,IDN,2015-01-01,4.745454545454546
764,IDN,2016-01-01,5.000000000000001
765,IDN,2017-01-01,5.008431703204047
766,IDN,2018-01-01,5.109612141652614
767,IDN,2019-01-01,5.117845117845119
768,IDN,2020-01-01,5.11864406779661
769,IDN,2021-01-01,5.11864406779661
770,IND,2012-01-01,2.6515151515151514
771,IND,2013-01-01,2.8409090909090917
772,IND,2014-01-01,2.975970425138631
773,IND,2015-01-01,3.0909090909090904
774,IND,2016-01-01,3.3510638297872344
775,IND,2017-01-01,3.355817875210792
776,IND,2018-01-01,3.3726812816188874
777,IND,2019-01-01,3.3838383838383845
778,IND,2020-01-01,3.389830508474576
779,IND,2021-01-01,3.389830508474576
780,IRL,2012-01-01,7.613636363636364
781,IRL,2013-01-01,7.878787878787879
782,IRL,2014-01-01,7.89279112754159
783,IRL,2015-01-01,8.0
784,IRL,2016-01-01,7.854609929078014
785,IRL,2017-01-01,7.504215851602025
786,IRL,2018-01-01,7.655986509274873
787,IRL,2019-01-01,7.643097643097644
788,IRL,2020-01-01,7.64406779661017
789,IRL,2021-01-01,7.64406779661017
790,IRN,2012-01-01,4.659090909090909
791,IRN,2013-01-01,4.9431818181818175
792,IRN,2014-01-01,5.009242144177448
793,IRN,2015-01-01,5.036363636363635
794,IRN,2016-01-01,5.070921985815604
795,IRN,2017-01-01,4.907251264755481
796,IRN,2018-01-01,4.873524451939291
797,IRN,2019-01-01,4.865319865319865
798,IRN,2020-01-01,4.88135593220339
799,IRN,2021-01-01,4.88135593220339
800,IRQ,2012-01-01,4.545454545454545
801,IRQ,2013-01-01,4.356060606060606
802,IRQ,2014-01-01,3.9741219963031416
803,IRQ,2015-01-01,3.690909090909091
804,IRQ,2016-01-01,3.7765957446808516
805,IRQ,2017-01-01,3.777403035413153
806,IRQ,2018-01-01,3.7605396290050592
807,IRQ,2019-01-01,3.754208754208754
808,IRQ,2020-01-01,3.7796610169491522
809,IRQ,2021-01-01,3.7796610169491522
810,ISL,2012-01-01,7.878787878787878
811,ISL,2013-01-01,8.143939393939394
812,ISL,2014-01-01,8.151571164510166
813,ISL,2015-01-01,8.163636363636364
814,ISL,2016-01-01,8.102836879432626
815,ISL,2017-01-01,7.757166947723441
816,ISL,2018-01-01,7.757166947723441
817,ISL,2019-01-01,7.760942760942761
818,ISL,2020-01-01,7.796610169491525
819,ISL,2021-01-01,7.796610169491525
820,ISR,2012-01-01,6.420454545454544
821,ISR,2013-01-01,6.439393939393938
822,ISR,2014-01-01,6.487985212569316
823,ISR,2015-01-01,6.6
824,ISR,2016-01-01,6.578014184397163
825,ISR,2017-01-01,6.357504215851602
826,ISR,2018-01-01,6.340640809443508
827,ISR,2019-01-01,6.3299663299663305
828,ISR,2020-01-01,6.355932203389831
829,ISR,2021-01-01,6.355932203389831
830,ITA,2012-01-01,6.912878787878788
831,ITA,2013-01-01,7.045454545454545
832,ITA,2014-01-01,7.227356746765248
833,ITA,2015-01-01,7.163636363636364
834,ITA,2016-01-01,7.074468085106385
835,ITA,2017-01-01,6.779089376053962
836,ITA,2018-01-01,6.863406408094436
837,ITA,2019-01-01,7.037037037037038
838,ITA,2020-01-01,7.11864406779661
839,ITA,2021-01-01,7.11864406779661
840,JAM,2012-01-01,3.0303030303030303
841,JAM,2013-01-01,3.0303030303030303
842,JAM,2014-01-01,3.0499075785582246
843,JAM,2015-01-01,3.10909090909091
844,JAM,2016-01-01,3.173758865248227
845,JAM,2017-01-01,3.2040472175379424
846,JAM,2018-01-01,3.2040472175379424
847,JAM,2019-01-01,3.215488215488216
848,JAM,2020-01-01,3.3389830508474576
849,JAM,2021-01-01,3.3389830508474576
850,JOR,2012-01-01,4.526515151515151
851,JOR,2013-01-01,4.621212121212121
852,JOR,2014-01-01,4.65804066543438
853,JOR,2015-01-01,4.654545454545454
854,JOR,2016-01-01,4.822695035460994
855,JOR,2017-01-01,4.772344013490725
856,JOR,2018-01-01,4.755480607082631
857,JOR,2019-01-01,4.747474747474747
858,JOR,2020-01-01,4.762711864406779
859,JOR,2021-01-01,4.762711864406779
860,JPN,2012-01-01,7.821969696969696
861,JPN,2013-01-01,8.049242424242424
862,JPN,2014-01-01,8.096118299445472
863,JPN,2015-01-01,8.254545454545456
864,JPN,2016-01-01,8.173758865248228
865,JPN,2017-01-01,7.892074198988196
866,JPN,2018-01-01,8.094435075885329
867,JPN,2019-01-01,8.097643097643099
868,JPN,2020-01-01,8.084745762711865
869,JPN,2021-01-01,8.084745762711865
870,KAZ,2012-01-01,5.3977272727272725
871,KAZ,2013-01-01,5.625
872,KAZ,2014-01-01,5.674676524953788
873,KAZ,2015-01-01,5.836363636363638
874,KAZ,2016-01-01,6.152482269503547
875,KAZ,2017-01-01,5.96964586846543
876,KAZ,2018-01-01,5.952782462057336
877,KAZ,2019-01-01,5.942760942760943
878,KAZ,2020-01-01,5.9491525423728815
879,KAZ,2021-01-01,5.9491525423728815
880,KEN,2012-01-01,2.8030303030303028
881,KEN,2013-01-01,2.916666666666667
882,KEN,2014-01-01,3.4195933456561924
883,KEN,2015-01-01,3.6727272727272724
884,KEN,2016-01-01,3.7411347517730498
885,KEN,2017-01-01,3.642495784148398
886,KEN,2018-01-01,3.608768971332209
887,KEN,2019-01-01,3.585858585858586
888,KEN,2020-01-01,3.593220338983051
889,KEN,2021-01-01,3.593220338983051
890,KGZ,2012-01-01,4.6022727272727275
891,KGZ,2013-01-01,4.545454545454546
892,KGZ,2014-01-01,4.473197781885397
893,KGZ,2015-01-01,4.418181818181818
894,KGZ,2016-01-01,4.609929078014185
895,KGZ,2017-01-01,4.63743676222597
896,KGZ,2018-01-01,4.620573355817875
897,KGZ,2019-01-01,4.6127946127946124
898,KGZ,2020-01-01,4.627118644067797
899,KGZ,2021-01-01,4.627118644067797
900,KHM,2012-01-01,1.193181818181818
901,KHM,2013-01-01,1.7613636363636367
902,KHM,2014-01-01,2.014787430683918
903,KHM,2015-01-01,1.9090909090909087
904,KHM,2016-01-01,2.074468085106383
905,KHM,2017-01-01,1.9561551433389541
906,KHM,2018-01-01,1.9561551433389541
907,KHM,2019-01-01,2.0707070707070705
908,KHM,2020-01-01,2.067796610169492
909,KHM,2021-01-01,2.067796610169492
910,KIR,2012-01-01,0.8333333333333335
911,KIR,2013-01-01,1.0795454545454546
912,KIR,2014-01-01,1.3308687615526797
913,KIR,2015-01-01,1.2363636363636363
914,KIR,2016-01-01,1.046099290780142
915,KIR,2017-01-01,1.0286677908937605
916,KIR,2018-01-01,1.0623946037099492
917,KIR,2019-01-01,1.0942760942760943
918,KIR,2020-01-01,1.1016949152542375
919,KIR,2021-01-01,1.1016949152542375
920,KNA,2012-01-01,2.8030303030303028
921,KNA,2013-01-01,2.9356060606060606
922,KNA,2014-01-01,3.0129390018484283
923,KNA,2015-01-01,3.1272727272727274
924,KNA,2016-01-01,3.2269503546099303
925,KNA,2017-01-01,3.136593591905565
926,KNA,2018-01-01,3.1534569983136596
927,KNA,2019-01-01,3.1649831649831657
928,KNA,2020-01-01,3.186440677966102
929,KNA,2021-01-01,3.186440677966102
930,KOR,2012-01-01,9.053030303030305
931,KOR,2013-01-01,9.128787878787879
932,KOR,2014-01-01,9.057301293900185
933,KOR,2015-01-01,9.090909090909092
934,KOR,2016-01-01,9.060283687943265
935,KOR,2017-01-01,8.752107925801011
936,KOR,2018-01-01,8.768971332209107
937,KOR,2019-01-01,8.771043771043772
938,KOR,2020-01-01,8.830508474576273
939,KOR,2021-01-01,8.830508474576273
940,KWT,2012-01-01,4.962121212121212
941,KWT,2013-01-01,5.113636363636364
942,KWT,2014-01-01,5.341959334565619
943,KWT,2015-01-01,5.436363636363637
944,KWT,2016-01-01,5.514184397163121
945,KWT,2017-01-01,5.430016863406408
946,KWT,2018-01-01,5.413153456998314
947,KWT,2019-01-01,5.42087542087542
948,KWT,2020-01-01,5.457627118644068
949,KWT,2021-01-01,5.457627118644068
950,LAO,2012-01-01,2.083333333333334
951,LAO,2013-01-01,2.3106060606060606
952,LAO,2014-01-01,2.1626617375231048
953,LAO,2015-01-01,1.981818181818182
954,LAO,2016-01-01,1.8262411347517737
955,LAO,2017-01-01,1.9898819561551429
956,LAO,2018-01-01,1.9898819561551429
957,LAO,2019-01-01,2.0202020202020203
958,LAO,2020-01-01,2.0169491525423724
959,LAO,2021-01-01,2.0169491525423724
960,LBN,2012-01-01,4.166666666666667
961,LBN,2013-01-01,4.015151515151515
962,LBN,2014-01-01,3.8262476894639548
963,LBN,2015-01-01,3.8727272727272726
964,LBN,2016-01-01,4.131205673758866
965,LBN,2017-01-01,4.33389544688027
966,LBN,2018-01-01,4.317032040472176
967,LBN,2019-01-01,4.30976430976431
968,LBN,2020-01-01,4.338983050847458
969,LBN,2021-01-01,4.338983050847458
970,LBR,2012-01-01,0.7765151515151518
971,LBR,2013-01-01,0.9090909090909092
972,LBR,2014-01-01,1.1090573012938996
973,LBR,2015-01-01,1.018181818181818
974,LBR,2016-01-01,0.9042553191489366
975,LBR,2017-01-01,0.860033726812816
976,LBR,2018-01-01,0.8431703204047218
977,LBR,2019-01-01,0.8585858585858586
978,LBR,2020-01-01,0.847457627118644
979,LBR,2021-01-01,0.847457627118644
980,LBY,2012-01-01,5.094696969696971
981,LBY,2013-01-01,5.208333333333334
982,LBY,2014-01-01,5.21256931608133
983,LBY,2015-01-01,5.218181818181819
984,LBY,2016-01-01,5.21276595744681
985,LBY,2017-01-01,5.059021922428331
986,LBY,2018-01-01,5.059021922428331
987,LBY,2019-01-01,5.0673400673400675
988,LBY,2020-01-01,5.101694915254238
989,LBY,2021-01-01,5.101694915254238
990,LCA,2012-01-01,3.5606060606060606
991,LCA,2013-01-01,3.6742424242424248
992,LCA,2014-01-01,3.8077634011090566
993,LCA,2015-01-01,3.9090909090909096
994,LCA,2016-01-01,4.060283687943263
995,LCA,2017-01-01,3.9291736930860033
996,LCA,2018-01-01,3.946037099494098
997,LCA,2019-01-01,3.9562289562289563
998,LCA,2020-01-01,3.9661016949152543
999,LCA,2021-01-01,3.9661016949152543
1000,LIE,2012-01-01,1.8181818181818183
1001,LIE,2013-01-01,2.1022727272727275
1002,LIE,2014-01-01,2.0702402957486132
1003,LIE,2015-01-01,2.109090909090909
1004,LIE,2016-01-01,2.127659574468086
1005,LIE,2017-01-01,2.1416526138279934
1006,LIE,2018-01-01,2.1416526138279934
1007,LIE,2019-01-01,2.1548821548821553
1008,LIE,2020-01-01,2.1525423728813555
1009,LIE,2021-01-01,2.1525423728813555
1010,LKA,2012-01-01,1.9507575757575761
1011,LKA,2013-01-01,2.7272727272727275
1012,LKA,2014-01-01,2.199630314232902
1013,LKA,2015-01-01,2.2909090909090906
1014,LKA,2016-01-01,1.8262411347517737
1015,LKA,2017-01-01,1.618887015177066
1016,LKA,2018-01-01,1.618887015177066
1017,LKA,2019-01-01,1.6329966329966332
1018,LKA,2020-01-01,1.6271186440677963
1019,LKA,2021-01-01,1.6271186440677963
1020,LSO,2012-01-01,1.7992424242424248
1021,LSO,2013-01-01,1.875
1022,LSO,2014-01-01,2.033271719038817
1023,LSO,2015-01-01,2.1272727272727274
1024,LSO,2016-01-01,2.1985815602836887
1025,LSO,2017-01-01,2.1922428330522763
1026,LSO,2018-01-01,2.1753794266441826
1027,LSO,2019-01-01,2.1717171717171717
1028,LSO,2020-01-01,2.186440677966101
1029,LSO,2021-01-01,2.186440677966101
1030,LTU,2012-01-01,6.609848484848485
1031,LTU,2013-01-01,6.931818181818182
1032,LTU,2014-01-01,7.079482439926061
1033,LTU,2015-01-01,7.054545454545455
1034,LTU,2016-01-01,7.375886524822696
1035,LTU,2017-01-01,7.268128161888701
1036,LTU,2018-01-01,7.284991568296796
1037,LTU,2019-01-01,7.2390572390572405
1038,LTU,2020-01-01,7.28813559322034
1039,LTU,2021-01-01,7.28813559322034
1040,LUX,2012-01-01,7.916666666666665
1041,LUX,2013-01-01,8.390151515151514
1042,LUX,2014-01-01,8.373382624768944
1043,LUX,2015-01-01,8.763636363636364
1044,LUX,2016-01-01,9.432624113475178
1045,LUX,2017-01-01,9.308600337268128
1046,LUX,2018-01-01,9.494097807757168
1047,LUX,2019-01-01,9.47811447811448
1048,LUX,2020-01-01,9.508474576271187
1049,LUX,2021-01-01,9.508474576271187
1050,LVA,2012-01-01,8.087121212121211
1051,LVA,2013-01-01,7.954545454545455
1052,LVA,2014-01-01,7.929759704251384
1053,LVA,2015-01-01,7.872727272727273
1054,LVA,2016-01-01,7.872340425531916
1055,LVA,2017-01-01,7.942664418212479
1056,LVA,2018-01-01,7.470489038785836
1057,LVA,2019-01-01,7.441077441077443
1058,LVA,2020-01-01,7.491525423728814
1059,LVA,2021-01-01,7.491525423728814
1060,MAR,2012-01-01,3.617424242424242
1061,MAR,2013-01-01,4.090909090909091
1062,MAR,2014-01-01,4.177449168207024
1063,MAR,2015-01-01,4.327272727272728
1064,MAR,2016-01-01,4.627659574468085
1065,MAR,2017-01-01,4.536256323777403
1066,MAR,2018-01-01,4.63743676222597
1067,MAR,2019-01-01,4.646464646464647
1068,MAR,2020-01-01,4.6440677966101696
1069,MAR,2021-01-01,4.6440677966101696
1070,MCO,2012-01-01,3.825757575757576
1071,MCO,2013-01-01,3.9015151515151523
1072,MCO,2014-01-01,3.918669131238447
1073,MCO,2015-01-01,3.9999999999999996
1074,MCO,2016-01-01,3.9893617021276597
1075,MCO,2017-01-01,3.9291736930860033
1076,MCO,2018-01-01,3.9123102866779087
1077,MCO,2019-01-01,3.888888888888889
1078,MCO,2020-01-01,3.915254237288136
1079,MCO,2021-01-01,3.915254237288136
1080,MDA,2012-01-01,2.329545454545454
1081,MDA,2013-01-01,2.5189393939393945
1082,MDA,2014-01-01,2.77264325323475
1083,MDA,2015-01-01,2.7090909090909094
1084,MDA,2016-01-01,2.588652482269504
1085,MDA,2017-01-01,2.4451939291736924
1086,MDA,2018-01-01,2.580101180438448
1087,MDA,2019-01-01,2.542087542087542
1088,MDA,2020-01-01,2.5423728813559316
1089,MDA,2021-01-01,2.5423728813559316
1090,MDG,2012-01-01,0.4545454545454546
1091,MDG,2013-01-01,0.37878787878787934
1092,MDG,2014-01-01,0.35120147874306795
1093,MDG,2015-01-01,0.4545454545454546
1094,MDG,2016-01-01,0.6028368794326244
1095,MDG,2017-01-01,0.7588532883642494
1096,MDG,2018-01-01,0.7419898819561552
1097,MDG,2019-01-01,0.7575757575757578
1098,MDG,2020-01-01,0.7457627118644066
1099,MDG,2021-01-01,0.7457627118644066
1100,MDV,2012-01-01,0.2651515151515156
1101,MDV,2013-01-01,0.43560606060606055
1102,MDV,2014-01-01,0.5175600739371533
1103,MDV,2015-01-01,0.6363636363636367
1104,MDV,2016-01-01,0.7801418439716317
1105,MDV,2017-01-01,0.9949409780775713
1106,MDV,2018-01-01,1.011804384485666
1107,MDV,2019-01-01,1.0437710437710437
1108,MDV,2020-01-01,1.0338983050847457
1109,MDV,2021-01-01,1.0338983050847457
1110,MEX,2012-01-01,6.117424242424243
1111,MEX,2013-01-01,6.382575757575758
1112,MEX,2014-01-01,6.654343807763401
1113,MEX,2015-01-01,6.763636363636364
1114,MEX,2016-01-01,6.7730496453900715
1115,MEX,2017-01-01,6.509274873524452
1116,MEX,2018-01-01,6.610455311973018
1117,MEX,2019-01-01,6.616161616161618
1118,MEX,2020-01-01,6.610169491525423
1119,MEX,2021-01-01,6.610169491525423
1120,MHL,2012-01-01,2.045454545454546
1121,MHL,2013-01-01,2.1969696969696972
1122,MHL,2014-01-01,2.365988909426987
1123,MHL,2015-01-01,2.4909090909090907
1124,MHL,2016-01-01,2.535460992907802
1125,MHL,2017-01-01,2.411467116357504
1126,MHL,2018-01-01,2.4283305227655987
1127,MHL,2019-01-01,2.4410774410774416
1128,MHL,2020-01-01,2.4576271186440684
1129,MHL,2021-01-01,2.4576271186440684
1130,MKD,2012-01-01,5.87121212121212
1131,MKD,2013-01-01,6.193181818181818
1132,MKD,2014-01-01,6.1922365988909425
1133,MKD,2015-01-01,6.436363636363637
1134,MKD,2016-01-01,6.294326241134752
1135,MKD,2017-01-01,5.682967959527825
1136,MKD,2018-01-01,6.020236087689714
1137,MKD,2019-01-01,6.01010101010101
1138,MKD,2020-01-01,6.0508474576271185
1139,MKD,2021-01-01,6.0508474576271185
1140,MLI,2012-01-01,1.9886363636363633
1141,MLI,2013-01-01,2.1401515151515156
1142,MLI,2014-01-01,2.199630314232902
1143,MLI,2015-01-01,2.1636363636363636
1144,MLI,2016-01-01,2.2340425531914905
1145,MLI,2017-01-01,2.040472175379427
1146,MLI,2018-01-01,2.040472175379427
1147,MLI,2019-01-01,2.053872053872054
1148,MLI,2020-01-01,2.067796610169492
1149,MLI,2021-01-01,2.067796610169492
1150,MLT,2012-01-01,3.8636363636363633
1151,MLT,2013-01-01,3.9393939393939394
1152,MLT,2014-01-01,4.232902033271719
1153,MLT,2015-01-01,4.345454545454546
1154,MLT,2016-01-01,4.468085106382979
1155,MLT,2017-01-01,4.097807757166947
1156,MLT,2018-01-01,4.080944350758854
1157,MLT,2019-01-01,4.074074074074074
1158,MLT,2020-01-01,4.101694915254237
1159,MLT,2021-01-01,4.101694915254237
1160,MMR,2012-01-01,4.015151515151516
1161,MMR,2013-01-01,4.299242424242425
1162,MMR,2014-01-01,3.844731977818854
1163,MMR,2015-01-01,3.472727272727272
1164,MMR,2016-01-01,3.0141843971631213
1165,MMR,2017-01-01,2.96795952782462
1166,MMR,2018-01-01,2.9510961214165263
1167,MMR,2019-01-01,2.9629629629629632
1168,MMR,2020-01-01,2.9661016949152543
1169,MMR,2021-01-01,2.9661016949152543
1170,MNE,2012-01-01,4.450757575757576
1171,MNE,2013-01-01,4.886363636363637
1172,MNE,2014-01-01,4.768946395563771
1173,MNE,2015-01-01,4.763636363636364
1174,MNE,2016-01-01,4.911347517730497
1175,MNE,2017-01-01,4.451939291736931
1176,MNE,2018-01-01,4.721753794266442
1177,MNE,2019-01-01,4.7138047138047146
1178,MNE,2020-01-01,4.7457627118644075
1179,MNE,2021-01-01,4.7457627118644075
1180,MNG,2012-01-01,4.166666666666667
1181,MNG,2013-01-01,4.375
1182,MNG,2014-01-01,4.306839186691312
1183,MNG,2015-01-01,4.6
1184,MNG,2016-01-01,4.663120567375887
1185,MNG,2017-01-01,4.755480607082631
1186,MNG,2018-01-01,4.755480607082631
1187,MNG,2019-01-01,4.781144781144782
1188,MNG,2020-01-01,4.779661016949153
1189,MNG,2021-01-01,4.779661016949153
1190,MOZ,2012-01-01,2.7272727272727275
1191,MOZ,2013-01-01,2.632575757575758
1192,MOZ,2014-01-01,2.1811460258780038
1193,MOZ,2015-01-01,2.0909090909090913
1194,MOZ,2016-01-01,1.9858156028368796
1195,MOZ,2017-01-01,2.209106239460371
1196,MOZ,2018-01-01,2.209106239460371
1197,MOZ,2019-01-01,2.2053872053872055
1198,MOZ,2020-01-01,2.2203389830508478
1199,MOZ,2021-01-01,2.2203389830508478
1200,MRT,2012-01-01,3.011363636363636
1201,MRT,2013-01-01,3.162878787878788
1202,MRT,2014-01-01,3.3271719038817
1203,MRT,2015-01-01,3.472727272727272
1204,MRT,2016-01-01,3.5283687943262416
1205,MRT,2017-01-01,3.4064080944350756
1206,MRT,2018-01-01,3.4064080944350756
1207,MRT,2019-01-01,3.400673400673401
1208,MRT,2020-01-01,3.423728813559322
1209,MRT,2021-01-01,3.423728813559322
1210,MUS,2012-01-01,4.090909090909091
1211,MUS,2013-01-01,4.223484848484849
1212,MUS,2014-01-01,4.380776340110906
1213,MUS,2015-01-01,4.618181818181817
1214,MUS,2016-01-01,4.698581560283689
1215,MUS,2017-01-01,4.502529510961215
1216,MUS,2018-01-01,4.519392917369308
1217,MUS,2019-01-01,4.511784511784512
1218,MUS,2020-01-01,4.5423728813559325
1219,MUS,2021-01-01,4.5423728813559325
1220,MWI,2012-01-01,0.6818181818181821
1221,MWI,2013-01-01,0.7007575757575761
1222,MWI,2014-01-01,0.7763401109057297
1223,MWI,2015-01-01,0.8545454545454545
1224,MWI,2016-01-01,0.939716312056738
1225,MWI,2017-01-01,1.1129848229342325
1226,MWI,2018-01-01,1.0961214165261384
1227,MWI,2019-01-01,1.0774410774410774
1228,MWI,2020-01-01,1.0677966101694913
1229,MWI,2021-01-01,1.0677966101694913
1230,MYS,2012-01-01,5.700757575757575
1231,MYS,2013-01-01,5.8143939393939394
1232,MYS,2014-01-01,5.859519408502773
1233,MYS,2015-01-01,5.836363636363638
1234,MYS,2016-01-01,5.939716312056738
1235,MYS,2017-01-01,5.851602023608769
1236,MYS,2018-01-01,5.834738617200675
1237,MYS,2019-01-01,5.824915824915825
1238,MYS,2020-01-01,5.847457627118644
1239,MYS,2021-01-01,5.847457627118644
1240,NAM,2012-01-01,5.776515151515151
1241,NAM,2013-01-01,5.738636363636365
1242,NAM,2014-01-01,5.914972273567467
1243,NAM,2015-01-01,5.872727272727273
1244,NAM,2016-01-01,5.797872340425533
1245,NAM,2017-01-01,5.801011804384485
1246,NAM,2018-01-01,5.7841483979763915
1247,NAM,2019-01-01,5.791245791245791
1248,NAM,2020-01-01,5.813559322033899
1249,NAM,2021-01-01,5.813559322033899
1250,NER,2012-01-01,1.0984848484848486
1251,NER,2013-01-01,1.1553030303030307
1252,NER,2014-01-01,1.3308687615526797
1253,NER,2015-01-01,1.436363636363636
1254,NER,2016-01-01,1.524822695035461
1255,NER,2017-01-01,1.5682967959527823
1256,NER,2018-01-01,1.5682967959527823
1257,NER,2019-01-01,1.5656565656565657
1258,NER,2020-01-01,1.5762711864406782
1259,NER,2021-01-01,1.5762711864406782
1260,NGA,2012-01-01,2.954545454545455
1261,NGA,2013-01-01,2.878787878787879
1262,NGA,2014-01-01,2.8280961182994444
1263,NGA,2015-01-01,2.854545454545455
1264,NGA,2016-01-01,2.7304964539007095
1265,NGA,2017-01-01,2.5295109612141653
1266,NGA,2018-01-01,2.5295109612141653
1267,NGA,2019-01-01,2.5252525252525246
1268,NGA,2020-01-01,2.5423728813559316
1269,NGA,2021-01-01,2.5423728813559316
1270,NIC,2012-01-01,3.257575757575758
1271,NIC,2013-01-01,3.579545454545454
1272,NIC,2014-01-01,3.696857670979667
1273,NIC,2015-01-01,3.5818181818181816
1274,NIC,2016-01-01,3.546099290780142
1275,NIC,2017-01-01,3.524451939291737
1276,NIC,2018-01-01,3.524451939291737
1277,NIC,2019-01-01,3.535353535353535
1278,NIC,2020-01-01,3.5254237288135597
1279,NIC,2021-01-01,3.5254237288135597
1280,NLD,2012-01-01,7.784090909090909
1281,NLD,2013-01-01,7.821969696969697
1282,NLD,2014-01-01,7.689463955637707
1283,NLD,2015-01-01,7.618181818181817
1284,NLD,2016-01-01,7.517730496453901
1285,NLD,2017-01-01,7.251264755480607
1286,NLD,2018-01-01,7.268128161888701
1287,NLD,2019-01-01,7.542087542087543
1288,NLD,2020-01-01,7.559322033898305
1289,NLD,2021-01-01,7.559322033898305
1290,NOR,2012-01-01,10.0
1291,NOR,2013-01-01,10.0
1292,NOR,2014-01-01,9.963031423290204
1293,NOR,2015-01-01,9.981818181818182
1294,NOR,2016-01-01,10.0
1295,NOR,2017-01-01,10.0
1296,NOR,2018-01-01,10.0
1297,NOR,2019-01-01,10.0
1298,NOR,2020-01-01,10.0
1299,NOR,2021-01-01,10.0
1300,NPL,2012-01-01,1.1742424242424248
1301,NPL,2013-01-01,1.212121212121212
1302,NPL,2014-01-01,1.4417744916820698
1303,NPL,2015-01-01,1.563636363636364
1304,NPL,2016-01-01,1.666666666666667
1305,NPL,2017-01-01,1.7706576728499155
1306,NPL,2018-01-01,1.7706576728499155
1307,NPL,2019-01-01,1.9865319865319866
1308,NPL,2020-01-01,1.9830508474576267
1309,NPL,2021-01-01,1.9830508474576267
1310,NRU,2012-01-01,2.253787878787879
1311,NRU,2013-01-01,2.3484848484848486
1312,NRU,2014-01-01,2.4584103512014783
1313,NRU,2015-01-01,2.527272727272727
1314,NRU,2016-01-01,2.624113475177305
1315,NRU,2017-01-01,2.462057335581788
1316,NRU,2018-01-01,2.462057335581788
1317,NRU,2019-01-01,2.4747474747474745
1318,NRU,2020-01-01,2.491525423728814
1319,NRU,2021-01-01,2.491525423728814
1320,NZL,2012-01-01,8.200757575757574
1321,NZL,2013-01-01,8.295454545454545
1322,NZL,2014-01-01,8.299445471349351
1323,NZL,2015-01-01,8.218181818181819
1324,NZL,2016-01-01,8.209219858156029
1325,NZL,2017-01-01,7.79089376053963
1326,NZL,2018-01-01,7.841483979763911
1327,NZL,2019-01-01,7.946127946127946
1328,NZL,2020-01-01,8.050847457627121
1329,NZL,2021-01-01,8.050847457627121
1330,OMN,2012-01-01,4.753787878787879
1331,OMN,2013-01-01,4.753787878787879
1332,OMN,2014-01-01,4.953789279112754
1333,OMN,2015-01-01,5.181818181818182
1334,OMN,2016-01-01,5.177304964539007
1335,OMN,2017-01-01,5.008431703204047
1336,OMN,2018-01-01,4.991568296795953
1337,OMN,2019-01-01,4.9831649831649845
1338,OMN,2020-01-01,5.0
1339,OMN,2021-01-01,5.0
1340,PAK,2012-01-01,3.9772727272727275
1341,PAK,2013-01-01,4.204545454545454
1342,PAK,2014-01-01,4.362292051756007
1343,PAK,2015-01-01,4.50909090909091
1344,PAK,2016-01-01,4.521276595744681
1345,PAK,2017-01-01,4.317032040472176
1346,PAK,2018-01-01,4.401349072512647
1347,PAK,2019-01-01,4.41077441077441
1348,PAK,2020-01-01,4.423728813559323
1349,PAK,2021-01-01,4.423728813559323
1350,PAN,2012-01-01,4.375
1351,PAN,2013-01-01,4.450757575757575
1352,PAN,2014-01-01,4.584103512014787
1353,PAN,2015-01-01,5.018181818181818
1354,PAN,2016-01-01,5.017730496453901
1355,PAN,2017-01-01,5.109612141652614
1356,PAN,2018-01-01,5.075885328836425
1357,PAN,2019-01-01,5.050505050505052
1358,PAN,2020-01-01,5.0508474576271185
1359,PAN,2021-01-01,5.0508474576271185
1360,PER,2012-01-01,4.848484848484848
1361,PER,2013-01-01,5.075757575757575
1362,PER,2014-01-01,5.249537892791127
1363,PER,2015-01-01,5.272727272727272
1364,PER,2016-01-01,5.301418439716313
1365,PER,2017-01-01,5.345699831365936
1366,PER,2018-01-01,5.430016863406408
1367,PER,2019-01-01,5.437710437710438
1368,PER,2020-01-01,5.4406779661016955
1369,PER,2021-01-01,5.4406779661016955
1370,PHL,2012-01-01,3.1439393939393945
1371,PHL,2013-01-01,3.1060606060606055
1372,PHL,2014-01-01,3.0314232902033273
1373,PHL,2015-01-01,3.0545454545454542
1374,PHL,2016-01-01,3.049645390070923
1375,PHL,2017-01-01,2.96795952782462
1376,PHL,2018-01-01,2.96795952782462
1377,PHL,2019-01-01,2.9797979797979797
1378,PHL,2020-01-01,3.0508474576271194
1379,PHL,2021-01-01,3.0508474576271194
1380,PLW,2012-01-01,4.46969696969697
1381,PLW,2013-01-01,4.696969696969697
1382,PLW,2014-01-01,4.87985212569316
1383,PLW,2015-01-01,5.018181818181818
1384,PLW,2016-01-01,4.9645390070922
1385,PLW,2017-01-01,4.620573355817875
1386,PLW,2018-01-01,4.5531197301854975
1387,PLW,2019-01-01,4.4781144781144775
1388,PLW,2020-01-01,4.491525423728813
1389,PLW,2021-01-01,4.491525423728813
1390,PNG,2012-01-01,3.257575757575758
1391,PNG,2013-01-01,3.4848484848484853
1392,PNG,2014-01-01,3.54898336414048
1393,PNG,2015-01-01,3.6727272727272724
1394,PNG,2016-01-01,3.7234042553191493
1395,PNG,2017-01-01,3.355817875210792
1396,PNG,2018-01-01,3.3726812816188874
1397,PNG,2019-01-01,3.3838383838383845
1398,PNG,2020-01-01,3.389830508474576
1399,PNG,2021-01-01,3.389830508474576
1400,POL,2012-01-01,7.424242424242423
1401,POL,2013-01-01,7.518939393939393
1402,POL,2014-01-01,7.56007393715342
1403,POL,2015-01-01,7.781818181818181
1404,POL,2016-01-01,7.783687943262412
1405,POL,2017-01-01,7.504215851602025
1406,POL,2018-01-01,7.672849915682969
1407,POL,2019-01-01,7.760942760942761
1408,POL,2020-01-01,7.762711864406781
1409,POL,2021-01-01,7.762711864406781
1410,PRK,2012-01-01,1.7234848484848486
1411,PRK,2013-01-01,1.8181818181818183
1412,PRK,2014-01-01,1.9963031423290198
1413,PRK,2015-01-01,2.0909090909090913
1414,PRK,2016-01-01,2.216312056737589
1415,PRK,2017-01-01,2.1922428330522763
1416,PRK,2018-01-01,2.1922428330522763
1417,PRK,2019-01-01,2.188552188552189
1418,PRK,2020-01-01,2.186440677966101
1419,PRK,2021-01-01,2.186440677966101
1420,PRT,2012-01-01,6.43939393939394
1421,PRT,2013-01-01,6.761363636363637
1422,PRT,2014-01-01,6.802218114602588
1423,PRT,2015-01-01,6.363636363636365
1424,PRT,2016-01-01,6.4361702127659575
1425,PRT,2017-01-01,5.885328836424959
1426,PRT,2018-01-01,6.104553119730186
1427,PRT,2019-01-01,6.094276094276095
1428,PRT,2020-01-01,6.11864406779661
1429,PRT,2021-01-01,6.11864406779661
1430,PRY,2012-01-01,5.71969696969697
1431,PRY,2013-01-01,5.757575757575758
1432,PRY,2014-01-01,5.841035120147873
1433,PRY,2015-01-01,5.854545454545455
1434,PRY,2016-01-01,5.868794326241137
1435,PRY,2017-01-01,5.834738617200675
1436,PRY,2018-01-01,5.851602023608769
1437,PRY,2019-01-01,5.875420875420875
1438,PRY,2020-01-01,5.898305084745763
1439,PRY,2021-01-01,5.898305084745763
1440,QAT,2012-01-01,7.291666666666665
1441,QAT,2013-01-01,7.518939393939393
1442,QAT,2014-01-01,7.56007393715342
1443,QAT,2015-01-01,7.50909090909091
1444,QAT,2016-01-01,7.340425531914893
1445,QAT,2017-01-01,7.065767284991567
1446,QAT,2018-01-01,7.048903878583474
1447,QAT,2019-01-01,7.020202020202021
1448,QAT,2020-01-01,7.067796610169492
1449,QAT,2021-01-01,7.067796610169492
1450,ROU,2012-01-01,6.534090909090909
1451,ROU,2013-01-01,7.140151515151514
1452,ROU,2014-01-01,7.504621072088724
1453,ROU,2015-01-01,7.41818181818182
1454,ROU,2016-01-01,7.287234042553192
1455,ROU,2017-01-01,6.7116357504215856
1456,ROU,2018-01-01,6.762225969645868
1457,ROU,2019-01-01,6.851851851851853
1458,ROU,2020-01-01,6.8474576271186445
1459,ROU,2021-01-01,6.8474576271186445
1460,RUS,2012-01-01,5.473484848484847
1461,RUS,2013-01-01,5.530303030303031
1462,RUS,2014-01-01,5.489833641404806
1463,RUS,2015-01-01,5.49090909090909
1464,RUS,2016-01-01,5.514184397163121
1465,RUS,2017-01-01,5.328836424957842
1466,RUS,2018-01-01,5.295109612141652
1467,RUS,2019-01-01,5.26936026936027
1468,RUS,2020-01-01,5.305084745762713
1469,RUS,2021-01-01,5.305084745762713
1470,RWA,2012-01-01,0.7196969696969702
1471,RWA,2013-01-01,0.7765151515151518
1472,RWA,2014-01-01,0.7948243992606283
1473,RWA,2015-01-01,0.7818181818181817
1474,RWA,2016-01-01,0.7978723404255326
1475,RWA,2017-01-01,0.7925801011804385
1476,RWA,2018-01-01,0.8937605396290047
1477,RWA,2019-01-01,0.9090909090909087
1478,RWA,2020-01-01,0.8983050847457625
1479,RWA,2021-01-01,0.8983050847457625
1480,SAU,2012-01-01,6.249999999999999
1481,SAU,2013-01-01,6.439393939393938
1482,SAU,2014-01-01,6.395563770794824
1483,SAU,2015-01-01,6.381818181818183
1484,SAU,2016-01-01,6.312056737588654
1485,SAU,2017-01-01,6.205733558178752
1486,SAU,2018-01-01,6.188870151770658
1487,SAU,2019-01-01,6.17845117845118
1488,SAU,2020-01-01,6.220338983050849
1489,SAU,2021-01-01,6.220338983050849
1490,SDN,2012-01-01,5.113636363636364
1491,SDN,2013-01-01,5.662878787878789
1492,SDN,2014-01-01,5.730129390018484
1493,SDN,2015-01-01,5.58181818181818
1494,SDN,2016-01-01,5.49645390070922
1495,SDN,2017-01-01,5.430016863406408
1496,SDN,2018-01-01,5.4468802698145025
1497,SDN,2019-01-01,5.488215488215488
1498,SDN,2020-01-01,5.52542372881356
1499,SDN,2021-01-01,5.52542372881356
1500,SEN,2012-01-01,1.6477272727272734
1501,SEN,2013-01-01,1.6477272727272725
1502,SEN,2014-01-01,1.6266173752310529
1503,SEN,2015-01-01,1.5454545454545454
1504,SEN,2016-01-01,1.7198581560283692
1505,SEN,2017-01-01,1.8212478920741992
1506,SEN,2018-01-01,1.8043844856661047
1507,SEN,2019-01-01,1.818181818181818
1508,SEN,2020-01-01,1.8135593220338988
1509,SEN,2021-01-01,1.8135593220338988
1510,SGP,2012-01-01,6.8181818181818175
1511,SGP,2013-01-01,6.950757575757576
1512,SGP,2014-01-01,6.894639556377078
1513,SGP,2015-01-01,6.872727272727273
1514,SGP,2016-01-01,6.8617021276595755
1515,SGP,2017-01-01,6.998313659359191
1516,SGP,2018-01-01,7.082630691399663
1517,SGP,2019-01-01,7.070707070707071
1518,SGP,2020-01-01,7.101694915254238
1519,SGP,2021-01-01,7.101694915254238
1520,SLB,2012-01-01,1.8371212121212128
1521,SLB,2013-01-01,1.9696969696969706
1522,SLB,2014-01-01,2.1626617375231048
1523,SLB,2015-01-01,2.309090909090909
1524,SLB,2016-01-01,2.375886524822695
1525,SLB,2017-01-01,2.3102866779089375
1526,SLB,2018-01-01,2.327150084317032
1527,SLB,2019-01-01,2.356902356902357
1528,SLB,2020-01-01,2.3559322033898304
1529,SLB,2021-01-01,2.3559322033898304
1530,SLE,2012-01-01,0.5681818181818183
1531,SLE,2013-01-01,0.37878787878787934
1532,SLE,2014-01-01,0.29574861367837313
1533,SLE,2015-01-01,0.4909090909090912
1534,SLE,2016-01-01,0.5496453900709222
1535,SLE,2017-01-01,0.623946037099494
1536,SLE,2018-01-01,0.623946037099494
1537,SLE,2019-01-01,0.6228956228956228
1538,SLE,2020-01-01,0.6271186440677963
1539,SLE,2021-01-01,0.6271186440677963
1540,SLV,2012-01-01,4.318181818181818
1541,SLV,2013-01-01,4.431818181818182
1542,SLV,2014-01-01,4.584103512014787
1543,SLV,2015-01-01,4.581818181818182
1544,SLV,2016-01-01,4.450354609929079
1545,SLV,2017-01-01,4.519392917369308
1546,SLV,2018-01-01,4.502529510961215
1547,SLV,2019-01-01,4.511784511784512
1548,SLV,2020-01-01,4.694915254237288
1549,SLV,2021-01-01,4.694915254237288
1550,SMR,2012-01-01,2.4810606060606064
1551,SMR,2013-01-01,2.632575757575758
1552,SMR,2014-01-01,2.6987060998151566
1553,SMR,2015-01-01,2.854545454545455
1554,SMR,2016-01-01,2.872340425531916
1555,SMR,2017-01-01,2.8161888701517706
1556,SMR,2018-01-01,2.799325463743676
1557,SMR,2019-01-01,2.811447811447811
1558,SMR,2020-01-01,2.8305084745762707
1559,SMR,2021-01-01,2.8305084745762707
1560,SOM,2012-01-01,0.11363636363636376
1561,SOM,2013-01-01,0.1893939393939399
1562,SOM,2014-01-01,0.35120147874306795
1563,SOM,2015-01-01,0.4545454545454546
1564,SOM,2016-01-01,0.5496453900709222
1565,SOM,2017-01-01,0.5902192242833049
1566,SOM,2018-01-01,0.5902192242833049
1567,SOM,2019-01-01,0.6228956228956228
1568,SOM,2020-01-01,0.6271186440677963
1569,SOM,2021-01-01,0.6271186440677963
1570,SRB,2012-01-01,5.037878787878788
1571,SRB,2013-01-01,5.549242424242424
1572,SRB,2014-01-01,5.896487985212569
1573,SRB,2015-01-01,5.781818181818181
1574,SRB,2016-01-01,5.4787234042553195
1575,SRB,2017-01-01,5.075885328836425
1576,SRB,2018-01-01,5.160202360876896
1577,SRB,2019-01-01,5.134680134680135
1578,SRB,2020-01-01,5.152542372881356
1579,SRB,2021-01-01,5.152542372881356
1580,SSD,2012-01-01,1.1553030303030303
1581,SSD,2013-01-01,1.25
1582,SSD,2014-01-01,1.4232902033271717
1583,SSD,2015-01-01,1.5454545454545454
1584,SSD,2016-01-01,1.6134751773049651
1585,SSD,2017-01-01,1.602023608768971
1586,SSD,2018-01-01,1.5851602023608768
1587,SSD,2019-01-01,1.5824915824915822
1588,SSD,2020-01-01,1.5932203389830506
1589,SSD,2021-01-01,1.5932203389830506
1590,STP,2012-01-01,0.0
1591,STP,2013-01-01,0.1893939393939399
1592,STP,2014-01-01,0.4436229205175599
1593,STP,2015-01-01,0.6181818181818182
1594,STP,2016-01-01,0.691489361702128
1595,STP,2017-01-01,0.7419898819561552
1596,STP,2018-01-01,0.7419898819561552
1597,STP,2019-01-01,0.7407407407407409
1598,STP,2020-01-01,0.7457627118644066
1599,STP,2021-01-01,0.7457627118644066
1600,SUR,2012-01-01,4.734848484848484
1601,SUR,2013-01-01,4.8106060606060606
1602,SUR,2014-01-01,5.120147874306839
1603,SUR,2015-01-01,5.236363636363636
1604,SUR,2016-01-01,5.301418439716313
1605,SUR,2017-01-01,5.126475548060709
1606,SUR,2018-01-01,5.109612141652614
1607,SUR,2019-01-01,5.084175084175085
1608,SUR,2020-01-01,5.11864406779661
1609,SUR,2021-01-01,5.11864406779661
1610,SVK,2012-01-01,7.689393939393939
1611,SVK,2013-01-01,7.84090909090909
1612,SVK,2014-01-01,7.800369685767097
1613,SVK,2015-01-01,7.745454545454546
1614,SVK,2016-01-01,7.606382978723405
1615,SVK,2017-01-01,7.18381112984823
1616,SVK,2018-01-01,7.133220910623946
1617,SVK,2019-01-01,7.121212121212121
1618,SVK,2020-01-01,7.11864406779661
1619,SVK,2021-01-01,7.11864406779661
1620,SVN,2012-01-01,7.40530303030303
1621,SVN,2013-01-01,7.632575757575758
1622,SVN,2014-01-01,7.89279112754159
1623,SVN,2015-01-01,7.672727272727274
1624,SVN,2016-01-01,7.641843971631208
1625,SVN,2017-01-01,7.335581787521079
1626,SVN,2018-01-01,7.419898819561551
1627,SVN,2019-01-01,7.407407407407408
1628,SVN,2020-01-01,7.457627118644068
1629,SVN,2021-01-01,7.457627118644068
1630,SWE,2012-01-01,9.185606060606059
1631,SWE,2013-01-01,9.22348484848485
1632,SWE,2014-01-01,9.186691312384472
1633,SWE,2015-01-01,9.290909090909091
1634,SWE,2016-01-01,9.042553191489361
1635,SWE,2017-01-01,8.802698145025296
1636,SWE,2018-01-01,8.853288364249579
1637,SWE,2019-01-01,8.855218855218856
1638,SWE,2020-01-01,8.881355932203391
1639,SWE,2021-01-01,8.881355932203391
1640,SWZ,2012-01-01,1.9886363636363633
1641,SWZ,2013-01-01,2.045454545454546
1642,SWZ,2014-01-01,2.1256931608133085
1643,SWZ,2015-01-01,2.1636363636363636
1644,SWZ,2016-01-01,2.1985815602836887
1645,SWZ,2017-01-01,2.124789207419899
1646,SWZ,2018-01-01,2.124789207419899
1647,SWZ,2019-01-01,2.138047138047138
1648,SWZ,2020-01-01,2.1525423728813555
1649,SWZ,2021-01-01,2.1525423728813555
1650,SYC,2012-01-01,2.5946969696969697
1651,SYC,2013-01-01,2.632575757575758
1652,SYC,2014-01-01,2.975970425138631
1653,SYC,2015-01-01,3.1636363636363636
1654,SYC,2016-01-01,3.049645390070923
1655,SYC,2017-01-01,2.748735244519393
1656,SYC,2018-01-01,2.765598650927487
1657,SYC,2019-01-01,2.7777777777777772
1658,SYC,2020-01-01,2.7796610169491522
1659,SYC,2021-01-01,2.7796610169491522
1660,SYR,2012-01-01,3.5984848484848486
1661,SYR,2013-01-01,3.6553030303030303
1662,SYR,2014-01-01,3.65988909426987
1663,SYR,2015-01-01,3.7454545454545447
1664,SYR,2016-01-01,3.8120567375886525
1665,SYR,2017-01-01,3.6762225969645863
1666,SYR,2018-01-01,3.7605396290050592
1667,SYR,2019-01-01,3.754208754208754
1668,SYR,2020-01-01,3.7796610169491522
1669,SYR,2021-01-01,3.7796610169491522
1670,TCD,2012-01-01,1.8750000000000009
1671,TCD,2013-01-01,1.875
1672,TCD,2014-01-01,1.9223659889094264
1673,TCD,2015-01-01,2.5818181818181825
1674,TCD,2016-01-01,2.588652482269504
1675,TCD,2017-01-01,2.4451939291736924
1676,TCD,2018-01-01,2.4451939291736924
1677,TCD,2019-01-01,2.457912457912458
1678,TCD,2020-01-01,2.4745762711864403
1679,TCD,2021-01-01,2.4745762711864403
1680,TGO,2012-01-01,2.632575757575758
1681,TGO,2013-01-01,2.6515151515151514
1682,TGO,2014-01-01,2.902033271719038
1683,TGO,2015-01-01,2.727272727272728
1684,TGO,2016-01-01,3.1560283687943267
1685,TGO,2017-01-01,3.220910623946037
1686,TGO,2018-01-01,3.3220910623946036
1687,TGO,2019-01-01,3.316498316498317
1688,TGO,2020-01-01,3.3389830508474576
1689,TGO,2021-01-01,3.3389830508474576
1690,THA,2012-01-01,3.371212121212122
1691,THA,2013-01-01,3.4469696969696972
1692,THA,2014-01-01,3.493530499075786
1693,THA,2015-01-01,3.4909090909090907
1694,THA,2016-01-01,3.6524822695035466
1695,THA,2017-01-01,3.6256323777403034
1696,THA,2018-01-01,3.693086003372681
1697,THA,2019-01-01,3.7037037037037037
1698,THA,2020-01-01,3.7288135593220337
1699,THA,2021-01-01,3.7288135593220337
1700,TJK,2012-01-01,5.037878787878788
1701,TJK,2013-01-01,5.18939393939394
1702,TJK,2014-01-01,4.953789279112754
1703,TJK,2015-01-01,4.854545454545455
1704,TJK,2016-01-01,4.680851063829788
1705,TJK,2017-01-01,4.300168634064081
1706,TJK,2018-01-01,4.266441821247892
1707,TJK,2019-01-01,4.2592592592592595
1708,TJK,2020-01-01,4.288135593220339
1709,TJK,2021-01-01,4.288135593220339
1710,TKM,2012-01-01,5.965909090909091
1711,TKM,2013-01-01,6.079545454545455
1712,TKM,2014-01-01,6.118299445471348
1713,TKM,2015-01-01,6.090909090909092
1714,TKM,2016-01-01,6.010638297872341
1715,TKM,2017-01-01,5.733558178752108
1716,TKM,2018-01-01,5.716694772344013
1717,TKM,2019-01-01,5.707070707070708
1718,TKM,2020-01-01,5.7457627118644075
1719,TKM,2021-01-01,5.7457627118644075
1720,TLS,2012-01-01,1.628787878787879
1721,TLS,2013-01-01,1.7992424242424239
1722,TLS,2014-01-01,1.3123844731977816
1723,TLS,2015-01-01,1.3272727272727272
1724,TLS,2016-01-01,1.3829787234042556
1725,TLS,2017-01-01,1.4671163575042157
1726,TLS,2018-01-01,1.4839797639123102
1727,TLS,2019-01-01,1.4983164983164983
1728,TLS,2020-01-01,1.4915254237288136
1729,TLS,2021-01-01,1.4915254237288136
1730,TON,2012-01-01,2.916666666666667
1731,TON,2013-01-01,3.0492424242424248
1732,TON,2014-01-01,3.142329020332716
1733,TON,2015-01-01,3.1636363636363636
1734,TON,2016-01-01,3.049645390070923
1735,TON,2017-01-01,2.9005059021922426
1736,TON,2018-01-01,2.9005059021922426
1737,TON,2019-01-01,2.9292929292929295
1738,TON,2020-01-01,2.9322033898305087
1739,TON,2021-01-01,2.9322033898305087
1740,TTO,2012-01-01,3.674242424242424
1741,TTO,2013-01-01,3.9393939393939394
1742,TTO,2014-01-01,4.177449168207024
1743,TTO,2015-01-01,4.272727272727272
1744,TTO,2016-01-01,4.326241134751774
1745,TTO,2017-01-01,4.198988195615514
1746,TTO,2018-01-01,4.198988195615514
1747,TTO,2019-01-01,4.208754208754209
1748,TTO,2020-01-01,4.237288135593221
1749,TTO,2021-01-01,4.237288135593221
1750,TUN,2012-01-01,4.450757575757576
1751,TUN,2013-01-01,4.5643939393939394
1752,TUN,2014-01-01,4.787430683918668
1753,TUN,2015-01-01,4.854545454545455
1754,TUN,2016-01-01,4.9645390070922
1755,TUN,2017-01-01,4.907251264755481
1756,TUN,2018-01-01,4.890387858347386
1757,TUN,2019-01-01,4.898989898989898
1758,TUN,2020-01-01,4.915254237288136
1759,TUN,2021-01-01,4.915254237288136
1760,TUR,2012-01-01,5.416666666666667
1761,TUR,2013-01-01,5.700757575757576
1762,TUR,2014-01-01,5.582255083179297
1763,TUR,2015-01-01,5.854545454545455
1764,TUR,2016-01-01,5.851063829787234
1765,TUR,2017-01-01,5.51433389544688
1766,TUR,2018-01-01,5.54806070826307
1767,TUR,2019-01-01,5.53872053872054
1768,TUR,2020-01-01,5.5423728813559325
1769,TUR,2021-01-01,5.5423728813559325
1770,TUV,2012-01-01,2.6136363636363633
1771,TUV,2013-01-01,2.5
1772,TUV,2014-01-01,2.43992606284658
1773,TUV,2015-01-01,2.309090909090909
1774,TUV,2016-01-01,2.677304964539008
1775,TUV,2017-01-01,2.4283305227655987
1776,TUV,2018-01-01,2.4283305227655987
1777,TUV,2019-01-01,2.457912457912458
1778,TUV,2020-01-01,2.4576271186440684
1779,TUV,2021-01-01,2.4576271186440684
1780,TZA,2012-01-01,1.231060606060606
1781,TZA,2013-01-01,1.2689393939393945
1782,TZA,2014-01-01,1.682070240295749
1783,TZA,2015-01-01,1.6363636363636367
1784,TZA,2016-01-01,1.7021276595744683
1785,TZA,2017-01-01,1.7369308600337268
1786,TZA,2018-01-01,1.7369308600337268
1787,TZA,2019-01-01,1.734006734006734
1788,TZA,2020-01-01,1.7288135593220337
1789,TZA,2021-01-01,1.7288135593220337
1790,UGA,2012-01-01,0.07575757575757613
1791,UGA,2013-01-01,0.20833333333333348
1792,UGA,2014-01-01,0.5175600739371533
1793,UGA,2015-01-01,0.7818181818181817
1794,UGA,2016-01-01,0.9751773049645394
1795,UGA,2017-01-01,1.045531197301855
1796,UGA,2018-01-01,1.0286677908937605
1797,UGA,2019-01-01,1.127946127946128
1798,UGA,2020-01-01,1.1186440677966103
1799,UGA,2021-01-01,1.1186440677966103
1800,UKR,2012-01-01,6.4772727272727275
1801,UKR,2013-01-01,6.496212121212121
1802,UKR,2014-01-01,6.247689463955639
1803,UKR,2015-01-01,5.854545454545455
1804,UKR,2016-01-01,5.833333333333334
1805,UKR,2017-01-01,5.7841483979763915
1806,UKR,2018-01-01,5.851602023608769
1807,UKR,2019-01-01,6.026936026936028
1808,UKR,2020-01-01,6.203389830508475
1809,UKR,2021-01-01,6.203389830508475
1810,URY,2012-01-01,4.9810606060606055
1811,URY,2013-01-01,6.117424242424242
1812,URY,2014-01-01,6.5619223659889085
1813,URY,2015-01-01,6.6
1814,URY,2016-01-01,6.613475177304966
1815,URY,2017-01-01,6.4586846543001695
1816,URY,2018-01-01,6.441821247892076
1817,URY,2019-01-01,6.430976430976431
1818,URY,2020-01-01,6.440677966101696
1819,URY,2021-01-01,6.440677966101696
1820,USA,2012-01-01,7.1401515151515165
1821,USA,2013-01-01,7.291666666666666
1822,USA,2014-01-01,7.190388170055452
1823,USA,2015-01-01,7.181818181818183
1824,USA,2016-01-01,7.21631205673759
1825,USA,2017-01-01,6.930860033726814
1826,USA,2018-01-01,6.998313659359191
1827,USA,2019-01-01,6.986531986531986
1828,USA,2020-01-01,7.084745762711864
1829,USA,2021-01-01,7.084745762711864
1830,UZB,2012-01-01,4.8106060606060606
1831,UZB,2013-01-01,4.829545454545454
1832,UZB,2014-01-01,4.861367837338261
1833,UZB,2015-01-01,4.981818181818182
1834,UZB,2016-01-01,4.9822695035460995
1835,UZB,2017-01-01,4.755480607082631
1836,UZB,2018-01-01,4.755480607082631
1837,UZB,2019-01-01,4.747474747474747
1838,UZB,2020-01-01,4.779661016949153
1839,UZB,2021-01-01,4.779661016949153
1840,VCT,2012-01-01,3.333333333333334
1841,VCT,2013-01-01,3.5227272727272725
1842,VCT,2014-01-01,3.696857670979667
1843,VCT,2015-01-01,3.9636363636363634
1844,VCT,2016-01-01,4.060283687943263
1845,VCT,2017-01-01,3.9629005059021924
1846,VCT,2018-01-01,3.9629005059021924
1847,VCT,2019-01-01,3.9562289562289563
1848,VCT,2020-01-01,3.983050847457627
1849,VCT,2021-01-01,3.983050847457627
1850,VEN,2012-01-01,5.378787878787878
1851,VEN,2013-01-01,5.416666666666666
1852,VEN,2014-01-01,5.378927911275415
1853,VEN,2015-01-01,5.4
1854,VEN,2016-01-01,5.407801418439717
1855,VEN,2017-01-01,5.328836424957842
1856,VEN,2018-01-01,5.328836424957842
1857,VEN,2019-01-01,5.353535353535353
1858,VEN,2020-01-01,5.372881355932204
1859,VEN,2021-01-01,5.372881355932204
1860,VNM,2012-01-01,2.8598484848484853
1861,VNM,2013-01-01,3.0681818181818183
1862,VNM,2014-01-01,3.308687615526802
1863,VNM,2015-01-01,3.1636363636363636
1864,VNM,2016-01-01,3.209219858156029
1865,VNM,2017-01-01,3.355817875210792
1866,VNM,2018-01-01,3.355817875210792
1867,VNM,2019-01-01,3.451178451178451
1868,VNM,2020-01-01,3.4576271186440675
1869,VNM,2021-01-01,3.4576271186440675
1870,VUT,2012-01-01,2.291666666666667
1871,VUT,2013-01-01,2.2727272727272725
1872,VUT,2014-01-01,2.421441774491682
1873,VUT,2015-01-01,2.6181818181818186
1874,VUT,2016-01-01,3.049645390070923
1875,VUT,2017-01-01,3.001686340640809
1876,VUT,2018-01-01,3.0185497470489038
1877,VUT,2019-01-01,3.047138047138047
1878,VUT,2020-01-01,3.0508474576271194
1879,VUT,2021-01-01,3.0508474576271194
1880,WSM,2012-01-01,3.295454545454546
1881,WSM,2013-01-01,3.409090909090909
1882,WSM,2014-01-01,3.54898336414048
1883,WSM,2015-01-01,3.6
1884,WSM,2016-01-01,3.581560283687944
1885,WSM,2017-01-01,3.4569983136593594
1886,WSM,2018-01-01,3.4569983136593594
1887,WSM,2019-01-01,3.484848484848485
1888,WSM,2020-01-01,3.491525423728814
1889,WSM,2021-01-01,3.491525423728814
1890,YEM,2012-01-01,3.1060606060606064
1891,YEM,2013-01-01,3.3901515151515156
1892,YEM,2014-01-01,3.5674676524953792
1893,YEM,2015-01-01,3.7818181818181817
1894,YEM,2016-01-01,4.042553191489363
1895,YEM,2017-01-01,4.013490725126475
1896,YEM,2018-01-01,4.013490725126475
1897,YEM,2019-01-01,4.04040404040404
1898,YEM,2020-01-01,4.0508474576271185
1899,YEM,2021-01-01,4.0508474576271185
1900,ZAF,2012-01-01,6.590909090909091
1901,ZAF,2013-01-01,6.761363636363637
1902,ZAF,2014-01-01,6.78373382624769
1903,ZAF,2015-01-01,6.836363636363636
1904,ZAF,2016-01-01,6.808510638297872
1905,ZAF,2017-01-01,6.559865092748735
1906,ZAF,2018-01-01,6.559865092748735
1907,ZAF,2019-01-01,6.632996632996633
1908,ZAF,2020-01-01,6.661016949152542
1909,ZAF,2021-01-01,6.661016949152542
1910,ZMB,2012-01-01,4.8106060606060606
1911,ZMB,2013-01-01,4.678030303030303
1912,ZMB,2014-01-01,4.417744916820702
1913,ZMB,2015-01-01,4.363636363636363
1914,ZMB,2016-01-01,4.379432624113476
1915,ZMB,2017-01-01,4.064080944350758
1916,ZMB,2018-01-01,4.064080944350758
1917,ZMB,2019-01-01,4.074074074074074
1918,ZMB,2020-01-01,4.067796610169491
1919,ZMB,2021-01-01,4.067796610169491
1920,ZWE,2012-01-01,4.696969696969697
1921,ZWE,2013-01-01,4.375
1922,ZWE,2014-01-01,4.251386321626617
1923,ZWE,2015-01-01,3.8727272727272726
1924,ZWE,2016-01-01,3.368794326241135
1925,ZWE,2017-01-01,3.220910623946037
1926,ZWE,2018-01-01,3.2040472175379424
1927,ZWE,2019-01-01,3.1986531986531985
1928,ZWE,2020-01-01,3.203389830508475
1929,ZWE,2021-01-01,3.203389830508475
