,iso3,year,gov_score
0,AFG,2012-01-01,1.2244897959183674
1,AFG,2013-01-01,1.1349693251533741
2,AFG,2014-01-01,1.2777191129883843
3,AFG,2015-01-01,1.0787486515641858
4,AFG,2016-01-01,1.0418904403866813
5,AFG,2017-01-01,0.9120879120879118
6,AFG,2018-01-01,1.0584343991179714
7,AFG,2019-01-01,1.1688311688311688
8,AFG,2020-01-01,0.9945355191256833
9,AFG,2021-01-01,0.9945355191256833
10,AGO,2012-01-01,2.5816326530612246
11,AGO,2013-01-01,2.597137014314929
12,AGO,2014-01-01,2.734952481520591
13,AGO,2015-01-01,2.5242718446601944
14,AGO,2016-01-01,2.642320085929109
15,AGO,2017-01-01,2.582417582417582
16,AGO,2018-01-01,3.0429988974641677
17,AGO,2019-01-01,3.246753246753247
18,AGO,2020-01-01,3.3333333333333335
19,AGO,2021-01-01,3.3333333333333335
20,ALB,2012-01-01,4.775510204081633
21,ALB,2013-01-01,4.918200408997955
22,ALB,2014-01-01,5.385427666314678
23,ALB,2015-01-01,5.285868392664509
24,ALB,2016-01-01,5.402792696025779
25,ALB,2017-01-01,5.373626373626372
26,ALB,2018-01-01,5.490628445424477
27,ALB,2019-01-01,5.3896103896103895
28,ALB,2020-01-01,5.420765027322405
29,ALB,2021-01-01,5.420765027322405
30,AND,2012-01-01,8.816326530612244
31,AND,2013-01-01,8.78323108384458
32,AND,2014-01-01,8.880675818373811
33,AND,2015-01-01,8.878101402373249
34,AND,2016-01-01,8.925886143931258
35,AND,2017-01-01,8.967032967032965
36,AND,2018-01-01,9.007717750826904
37,AND,2019-01-01,9.112554112554111
38,AND,2020-01-01,9.158469945355192
39,AND,2021-01-01,9.158469945355192
40,ARE,2012-01-01,6.948979591836735
41,ARE,2013-01-01,7.065439672801636
42,ARE,2014-01-01,7.043294614572334
43,ARE,2015-01-01,6.828478964401295
44,ARE,2016-01-01,6.906552094522021
45,ARE,2017-01-01,6.9120879120879115
46,ARE,2018-01-01,7.144432194046308
47,ARE,2019-01-01,7.132034632034631
48,ARE,2020-01-01,7.081967213114755
49,ARE,2021-01-01,7.081967213114755
50,ARG,2012-01-01,5.244897959183674
51,ARG,2013-01-01,5.23517382413088
52,ARG,2014-01-01,5.216473072861668
53,ARG,2015-01-01,5.253505933117584
54,ARG,2016-01-01,5.800214822771214
55,ARG,2017-01-01,5.879120879120878
56,ARG,2018-01-01,6.097023153252481
57,ARG,2019-01-01,6.017316017316017
58,ARG,2020-01-01,6.142076502732241
59,ARG,2021-01-01,6.142076502732241
60,ARM,2012-01-01,4.479591836734694
61,ARM,2013-01-01,4.550102249488753
62,ARM,2014-01-01,4.614572333685322
63,ARM,2015-01-01,4.606256742179072
64,ARM,2016-01-01,4.618689581095597
65,ARM,2017-01-01,4.549450549450548
66,ARM,2018-01-01,5.181918412348402
67,ARM,2019-01-01,5.367965367965367
68,ARM,2020-01-01,5.60655737704918
69,ARM,2021-01-01,5.60655737704918
70,ATG,2012-01-01,7.520408163265306
71,ATG,2013-01-01,7.505112474437628
72,ATG,2014-01-01,6.842661034846885
73,ATG,2015-01-01,7.206040992448759
74,ATG,2016-01-01,7.196562835660581
75,ATG,2017-01-01,6.79120879120879
76,ATG,2018-01-01,6.923925027563396
77,ATG,2019-01-01,7.077922077922078
78,ATG,2020-01-01,7.060109289617486
79,ATG,2021-01-01,7.060109289617486
80,AUS,2012-01-01,9.163265306122447
81,AUS,2013-01-01,9.08997955010225
82,AUS,2014-01-01,9.271383315733896
83,AUS,2015-01-01,9.12621359223301
84,AUS,2016-01-01,9.172932330827068
85,AUS,2017-01-01,9.065934065934064
86,AUS,2018-01-01,9.272326350606397
87,AUS,2019-01-01,9.188311688311687
88,AUS,2020-01-01,9.016393442622952
89,AUS,2021-01-01,9.016393442622952
90,AUT,2012-01-01,9.081632653061225
91,AUT,2013-01-01,9.110429447852761
92,AUT,2014-01-01,9.15522703273495
93,AUT,2015-01-01,9.0722761596548
94,AUT,2016-01-01,8.925886143931258
95,AUT,2017-01-01,9.10989010989011
96,AUT,2018-01-01,9.217199558985667
97,AUT,2019-01-01,9.155844155844155
98,AUT,2020-01-01,9.016393442622952
99,AUT,2021-01-01,9.016393442622952
100,AZE,2012-01-01,3.5816326530612246
101,AZE,2013-01-01,4.141104294478528
102,AZE,2014-01-01,4.033790918690602
103,AZE,2015-01-01,3.8619201725997847
104,AZE,2016-01-01,3.963480128893664
105,AZE,2017-01-01,3.8681318681318673
106,AZE,2018-01-01,4.046306504961411
107,AZE,2019-01-01,4.08008658008658
108,AZE,2020-01-01,3.9453551912568314
109,AZE,2021-01-01,3.9453551912568314
110,BDI,2012-01-01,1.9081632653061225
111,BDI,2013-01-01,2.014314928425358
112,BDI,2014-01-01,2.3020063357972544
113,BDI,2015-01-01,1.3700107874865157
114,BDI,2016-01-01,1.0633727175080558
115,BDI,2017-01-01,0.934065934065934
116,BDI,2018-01-01,1.0804851157662625
117,BDI,2019-01-01,1.1363636363636362
118,BDI,2020-01-01,1.4098360655737705
119,BDI,2021-01-01,1.4098360655737705
120,BEL,2012-01-01,8.724489795918366
121,BEL,2013-01-01,8.752556237218814
122,BEL,2014-01-01,8.77507919746568
123,BEL,2015-01-01,8.651564185544768
124,BEL,2016-01-01,8.614393125671322
125,BEL,2017-01-01,8.494505494505495
126,BEL,2018-01-01,8.621830209481809
127,BEL,2019-01-01,8.67965367965368
128,BEL,2020-01-01,8.677595628415302
129,BEL,2021-01-01,8.677595628415302
130,BEN,2012-01-01,4.020408163265306
131,BEN,2013-01-01,4.028629856850715
132,BEN,2014-01-01,4.044350580781415
133,BEN,2015-01-01,4.045307443365696
134,BEN,2016-01-01,4.189044038668099
135,BEN,2017-01-01,4.153846153846152
136,BEN,2018-01-01,4.167585446527012
137,BEN,2019-01-01,4.06926406926407
138,BEN,2020-01-01,4.142076502732241
139,BEN,2021-01-01,4.142076502732241
140,BFA,2012-01-01,3.6020408163265305
141,BFA,2013-01-01,3.4355828220858897
142,BFA,2014-01-01,3.37909186906019
143,BFA,2015-01-01,3.6138079827400214
144,BFA,2016-01-01,3.7701396348012906
145,BFA,2017-01-01,3.8241758241758235
146,BFA,2018-01-01,3.7816979051819186
147,BFA,2019-01-01,3.5822510822510822
148,BFA,2020-01-01,3.573770491803279
149,BFA,2021-01-01,3.573770491803279
150,BGD,2012-01-01,2.7755102040816326
151,BGD,2013-01-01,2.6278118609406955
152,BGD,2014-01-01,3.062302006335797
153,BGD,2015-01-01,2.8155339805825244
154,BGD,2016-01-01,2.8893662728249203
155,BGD,2017-01-01,2.824175824175824
156,BGD,2018-01-01,2.9988974641675856
157,BGD,2019-01-01,3.0411255411255413
158,BGD,2020-01-01,3.081967213114754
159,BGD,2021-01-01,3.081967213114754
160,BGR,2012-01-01,5.704081632653061
161,BGR,2013-01-01,5.511247443762781
162,BGR,2014-01-01,5.586061246040126
163,BGR,2015-01-01,5.46925566343042
164,BGR,2016-01-01,5.617615467239529
165,BGR,2017-01-01,5.802197802197801
166,BGR,2018-01-01,5.964718853362735
167,BGR,2019-01-01,6.136363636363636
168,BGR,2020-01-01,5.945355191256832
169,BGR,2021-01-01,5.945355191256832
170,BHR,2012-01-01,5.36734693877551
171,BHR,2013-01-01,5.306748466257669
172,BHR,2014-01-01,5.4699049630411825
173,BHR,2015-01-01,5.296655879180151
174,BHR,2016-01-01,5.413533834586467
175,BHR,2017-01-01,5.153846153846152
176,BHR,2018-01-01,5.325248070562294
177,BHR,2019-01-01,5.5519480519480515
178,BHR,2020-01-01,5.486338797814209
179,BHR,2021-01-01,5.486338797814209
180,BHS,2012-01-01,7.938775510204081
181,BHS,2013-01-01,7.883435582822086
182,BHS,2014-01-01,8.035902851108764
183,BHS,2015-01-01,7.766990291262136
184,BHS,2016-01-01,7.615467239527392
185,BHS,2017-01-01,7.593406593406592
186,BHS,2018-01-01,7.585446527012129
187,BHS,2019-01-01,7.673160173160172
188,BHS,2020-01-01,7.6830601092896185
189,BHS,2021-01-01,7.6830601092896185
190,BIH,2012-01-01,4.795918367346938
191,BIH,2013-01-01,4.928425357873211
192,BIH,2014-01-01,5.110876451953538
193,BIH,2015-01-01,4.757281553398059
194,BIH,2016-01-01,4.919441460794845
195,BIH,2017-01-01,4.890109890109889
196,BIH,2018-01-01,5.016538037486217
197,BIH,2019-01-01,4.9891774891774885
198,BIH,2020-01-01,4.918032786885247
199,BIH,2021-01-01,4.918032786885247
200,BLR,2012-01-01,3.928571428571429
201,BLR,2013-01-01,4.049079754601228
202,BLR,2014-01-01,4.371700105596621
203,BLR,2015-01-01,4.239482200647249
204,BLR,2016-01-01,4.597207303974222
205,BLR,2017-01-01,4.428571428571427
206,BLR,2018-01-01,4.862183020948182
207,BLR,2019-01-01,5.021645021645021
208,BLR,2020-01-01,4.316939890710383
209,BLR,2021-01-01,4.316939890710383
210,BLZ,2012-01-01,5.214285714285714
211,BLZ,2013-01-01,5.245398773006135
212,BLZ,2014-01-01,5.01583949313622
213,BLZ,2015-01-01,4.983818770226538
214,BLZ,2016-01-01,4.98388829215897
215,BLZ,2017-01-01,4.901098901098901
216,BLZ,2018-01-01,5.082690187431092
217,BLZ,2019-01-01,5.183982683982683
218,BLZ,2020-01-01,5.398907103825138
219,BLZ,2021-01-01,5.398907103825138
220,BOL,2012-01-01,4.040816326530612
221,BOL,2013-01-01,4.151329243353783
222,BOL,2014-01-01,4.076029567053855
223,BOL,2015-01-01,3.9590075512405614
224,BOL,2016-01-01,3.9742212674543507
225,BOL,2017-01-01,3.9780219780219785
226,BOL,2018-01-01,4.12348401323043
227,BOL,2019-01-01,3.906926406926407
228,BOL,2020-01-01,4.295081967213115
229,BOL,2021-01-01,4.295081967213115
230,BRA,2012-01-01,5.642857142857142
231,BRA,2013-01-01,5.439672801635992
232,BRA,2014-01-01,5.533262935586061
233,BRA,2015-01-01,5.285868392664509
234,BRA,2016-01-01,5.3383458646616555
235,BRA,2017-01-01,5.252747252747252
236,BRA,2018-01-01,5.435501653803749
237,BRA,2019-01-01,5.411255411255411
238,BRA,2020-01-01,5.672131147540984
239,BRA,2021-01-01,5.672131147540984
240,BRB,2012-01-01,8.387755102040815
241,BRB,2013-01-01,8.38445807770961
242,BRB,2014-01-01,8.321013727560718
243,BRB,2015-01-01,8.349514563106796
244,BRB,2016-01-01,8.077336197636951
245,BRB,2017-01-01,8.131868131868131
246,BRB,2018-01-01,8.070562293274532
247,BRB,2019-01-01,7.9978354978354975
248,BRB,2020-01-01,8.010928961748634
249,BRB,2021-01-01,8.010928961748634
250,BRN,2012-01-01,6.5
251,BRN,2013-01-01,6.584867075664621
252,BRN,2014-01-01,6.62090813093981
253,BRN,2015-01-01,6.4509169363538295
254,BRN,2016-01-01,6.809881847475834
255,BRN,2017-01-01,6.956043956043955
256,BRN,2018-01-01,7.18853362734289
257,BRN,2019-01-01,7.067099567099567
258,BRN,2020-01-01,7.453551912568306
259,BRN,2021-01-01,7.453551912568306
260,BTN,2012-01-01,5.551020408163265
261,BTN,2013-01-01,5.715746421267894
262,BTN,2014-01-01,6.325237592397043
263,BTN,2015-01-01,6.321467098166127
264,BTN,2016-01-01,6.48764769065521
265,BTN,2017-01-01,6.835164835164834
266,BTN,2018-01-01,7.045203969128998
267,BTN,2019-01-01,7.175324675324674
268,BTN,2020-01-01,7.136612021857925
269,BTN,2021-01-01,7.136612021857925
270,BWA,2012-01-01,6.326530612244897
271,BWA,2013-01-01,6.523517382413088
272,BWA,2014-01-01,6.62090813093981
273,BWA,2015-01-01,6.504854368932039
274,BWA,2016-01-01,6.5198711063372725
275,BWA,2017-01-01,6.428571428571427
276,BWA,2018-01-01,6.868798235942668
277,BWA,2019-01-01,7.034632034632034
278,BWA,2020-01-01,6.972677595628415
279,BWA,2021-01-01,6.972677595628415
280,CAF,2012-01-01,1.7551020408163265
281,CAF,2013-01-01,1.2065439672801637
282,CAF,2014-01-01,0.8870116156283
283,CAF,2015-01-01,1.1542610571736787
284,CAF,2016-01-01,1.2459720730397423
285,CAF,2017-01-01,1.1208791208791204
286,CAF,2018-01-01,1.1025358324145536
287,CAF,2019-01-01,1.1796536796536796
288,CAF,2020-01-01,1.1366120218579234
289,CAF,2021-01-01,1.1366120218579234
290,CAN,2012-01-01,9.23469387755102
291,CAN,2013-01-01,9.212678936605316
292,CAN,2014-01-01,9.408658922914466
293,CAN,2015-01-01,9.503775620280475
294,CAN,2016-01-01,9.559613319011818
295,CAN,2017-01-01,9.483516483516484
296,CAN,2018-01-01,9.514884233737597
297,CAN,2019-01-01,9.49134199134199
298,CAN,2020-01-01,9.366120218579235
299,CAN,2021-01-01,9.366120218579235
300,CHE,2012-01-01,9.673469387755102
301,CHE,2013-01-01,9.621676891615541
302,CHE,2014-01-01,9.820485744456176
303,CHE,2015-01-01,9.719525350593312
304,CHE,2016-01-01,9.645542427497318
305,CHE,2017-01-01,9.637362637362637
306,CHE,2018-01-01,9.867695700110255
307,CHE,2019-01-01,9.794372294372295
308,CHE,2020-01-01,9.726775956284154
309,CHE,2021-01-01,9.726775956284154
310,CHL,2012-01-01,7.73469387755102
311,CHL,2013-01-01,7.750511247443764
312,CHL,2014-01-01,7.8986272439281935
313,CHL,2015-01-01,7.982740021574973
314,CHL,2016-01-01,7.948442534908702
315,CHL,2017-01-01,7.89010989010989
316,CHL,2018-01-01,8.00441014332966
317,CHL,2019-01-01,7.803030303030303
318,CHL,2020-01-01,7.879781420765028
319,CHL,2021-01-01,7.879781420765028
320,CHN,2012-01-01,3.7244897959183674
321,CHN,2013-01-01,3.7934560327198366
322,CHN,2014-01-01,3.8648363252375924
323,CHN,2015-01-01,3.7756202804746497
324,CHN,2016-01-01,3.963480128893664
325,CHN,2017-01-01,4.087912087912087
326,CHN,2018-01-01,4.321940463065049
327,CHN,2019-01-01,4.3181818181818175
328,CHN,2020-01-01,4.622950819672132
329,CHN,2021-01-01,4.622950819672132
330,CIV,2012-01-01,2.561224489795918
331,CIV,2013-01-01,2.7914110429447856
332,CIV,2014-01-01,3.2629355860612455
333,CIV,2015-01-01,3.3980582524271847
334,CIV,2016-01-01,3.555316863587541
335,CIV,2017-01-01,3.6043956043956045
336,CIV,2018-01-01,3.9250275633958105
337,CIV,2019-01-01,3.831168831168832
338,CIV,2020-01-01,3.683060109289618
339,CIV,2021-01-01,3.683060109289618
340,CMR,2012-01-01,2.622448979591837
341,CMR,2013-01-01,2.6584867075664627
342,CMR,2014-01-01,2.6187961985216472
343,CMR,2015-01-01,2.545846817691478
344,CMR,2016-01-01,2.459720730397423
345,CMR,2017-01-01,2.3516483516483513
346,CMR,2018-01-01,2.4035281146637266
347,CMR,2019-01-01,2.326839826839827
348,CMR,2020-01-01,2.4480874316939896
349,CMR,2021-01-01,2.4480874316939896
350,COD,2012-01-01,1.2346938775510203
351,COD,2013-01-01,1.1758691206543967
352,COD,2014-01-01,1.2671594508975712
353,COD,2015-01-01,1.0787486515641858
354,COD,2016-01-01,0.9774436090225566
355,COD,2017-01-01,0.7692307692307693
356,COD,2018-01-01,0.9151047409040793
357,COD,2019-01-01,1.2878787878787878
358,COD,2020-01-01,1.2459016393442623
359,COD,2021-01-01,1.2459016393442623
360,COG,2012-01-01,2.5510204081632657
361,COG,2013-01-01,2.5766871165644174
362,COG,2014-01-01,2.5765575501583946
363,COG,2015-01-01,2.3840345199568502
364,COG,2016-01-01,2.3308270676691736
365,COG,2017-01-01,2.1538461538461533
366,COG,2018-01-01,2.282249173098126
367,COG,2019-01-01,1.9480519480519478
368,COG,2020-01-01,1.9344262295081966
369,COG,2021-01-01,1.9344262295081966
370,COL,2012-01-01,4.377551020408163
371,COL,2013-01-01,4.376278118609408
372,COL,2014-01-01,4.561774023231257
373,COL,2015-01-01,4.627831715210356
374,COL,2016-01-01,4.8120300751879705
375,COL,2017-01-01,4.813186813186812
376,COL,2018-01-01,4.994487320837928
377,COL,2019-01-01,4.9891774891774885
378,COL,2020-01-01,5.158469945355192
379,COL,2021-01-01,5.158469945355192
380,COM,2012-01-01,3.2040816326530615
381,COM,2013-01-01,3.312883435582822
382,COM,2014-01-01,3.495248152059134
383,COM,2015-01-01,3.3117583603020497
384,COM,2016-01-01,3.404940923737917
385,COM,2017-01-01,3.2417582417582413
386,COM,2018-01-01,2.9878721058434397
387,COM,2019-01-01,2.878787878787879
388,COM,2020-01-01,2.6120218579234975
389,COM,2021-01-01,2.6120218579234975
390,CPV,2012-01-01,6.6938775510204085
391,CPV,2013-01-01,6.666666666666667
392,CPV,2014-01-01,6.684266103484688
393,CPV,2015-01-01,6.871628910463862
394,CPV,2016-01-01,6.917293233082708
395,CPV,2017-01-01,6.956043956043955
396,CPV,2018-01-01,7.133406835722161
397,CPV,2019-01-01,7.2727272727272725
398,CPV,2020-01-01,7.256830601092897
399,CPV,2021-01-01,7.256830601092897
400,CRI,2012-01-01,6.826530612244897
401,CRI,2013-01-01,6.779141104294479
402,CRI,2014-01-01,7.043294614572334
403,CRI,2015-01-01,7.119741100323624
404,CRI,2016-01-01,7.218045112781956
405,CRI,2017-01-01,7.142857142857142
406,CRI,2018-01-01,7.2546857772877615
407,CRI,2019-01-01,7.510822510822511
408,CRI,2020-01-01,7.6830601092896185
409,CRI,2021-01-01,7.6830601092896185
410,CUB,2012-01-01,4.010204081632653
411,CUB,2013-01-01,4.100204498977505
412,CUB,2014-01-01,4.139387539598733
413,CUB,2015-01-01,4.163969795037756
414,CUB,2016-01-01,4.479054779806661
415,CUB,2017-01-01,4.747252747252746
416,CUB,2018-01-01,4.972436604189635
417,CUB,2019-01-01,5.086580086580086
418,CUB,2020-01-01,5.12568306010929
419,CUB,2021-01-01,5.12568306010929
420,CYP,2012-01-01,7.673469387755102
421,CYP,2013-01-01,7.627811860940696
422,CYP,2014-01-01,7.729672650475185
423,CYP,2015-01-01,7.659115426105718
424,CYP,2016-01-01,7.5295381310418925
425,CYP,2017-01-01,7.637362637362636
426,CYP,2018-01-01,7.629547960308711
427,CYP,2019-01-01,7.705627705627705
428,CYP,2020-01-01,7.344262295081968
429,CYP,2021-01-01,7.344262295081968
430,CZE,2012-01-01,7.6020408163265305
431,CZE,2013-01-01,7.586912065439673
432,CZE,2014-01-01,7.750791974656811
433,CZE,2015-01-01,7.73462783171521
434,CZE,2016-01-01,7.7336197636949535
435,CZE,2017-01-01,7.7362637362637345
436,CZE,2018-01-01,7.794928335170894
437,CZE,2019-01-01,7.770562770562771
438,CZE,2020-01-01,7.836065573770492
439,CZE,2021-01-01,7.836065573770492
440,DEU,2012-01-01,8.948979591836734
441,DEU,2013-01-01,8.997955010224949
442,DEU,2014-01-01,9.250263991552268
443,DEU,2015-01-01,9.093851132686083
444,DEU,2016-01-01,8.893662728249195
445,DEU,2017-01-01,8.890109890109889
446,DEU,2018-01-01,9.128996692392503
447,DEU,2019-01-01,9.058441558441558
448,DEU,2020-01-01,9.027322404371587
449,DEU,2021-01-01,9.027322404371587
450,DJI,2012-01-01,3.3367346938775513
451,DJI,2013-01-01,3.179959100204499
452,DJI,2014-01-01,2.829989440337909
453,DJI,2015-01-01,2.912621359223301
454,DJI,2016-01-01,2.9967776584317947
455,DJI,2017-01-01,3.4065934065934065
456,DJI,2018-01-01,3.8257993384785
457,DJI,2019-01-01,3.647186147186147
458,DJI,2020-01-01,3.6612021857923502
459,DJI,2021-01-01,3.6612021857923502
460,DMA,2012-01-01,7.051020408163265
461,DMA,2013-01-01,7.106339468302659
462,DMA,2014-01-01,7.23336853220697
463,DMA,2015-01-01,7.292340884573894
464,DMA,2016-01-01,7.2932330827067675
465,DMA,2017-01-01,7.384615384615384
466,DMA,2018-01-01,7.364939360529219
467,DMA,2019-01-01,7.402597402597402
468,DMA,2020-01-01,7.551912568306012
469,DMA,2021-01-01,7.551912568306012
470,DNK,2012-01-01,9.755102040816325
471,DNK,2013-01-01,9.795501022494888
472,DNK,2014-01-01,9.873284054910242
473,DNK,2015-01-01,9.795037756202806
474,DNK,2016-01-01,9.731471535982815
475,DNK,2017-01-01,9.68131868131868
476,DNK,2018-01-01,9.834619625137819
477,DNK,2019-01-01,9.848484848484848
478,DNK,2020-01-01,9.759562841530057
479,DNK,2021-01-01,9.759562841530057
480,DOM,2012-01-01,4.724489795918368
481,DOM,2013-01-01,4.785276073619632
482,DOM,2014-01-01,4.963041182682154
483,DOM,2015-01-01,4.897518878101403
484,DOM,2016-01-01,5.241675617615469
485,DOM,2017-01-01,5.175824175824175
486,DOM,2018-01-01,5.358324145534731
487,DOM,2019-01-01,5.411255411255411
488,DOM,2020-01-01,5.617486338797814
489,DOM,2021-01-01,5.617486338797814
490,DZA,2012-01-01,3.0714285714285716
491,DZA,2013-01-01,3.2208588957055215
492,DZA,2014-01-01,3.2629355860612455
493,DZA,2015-01-01,3.279395900755124
494,DZA,2016-01-01,3.361976369495167
495,DZA,2017-01-01,3.472527472527472
496,DZA,2018-01-01,3.6163175303197357
497,DZA,2019-01-01,3.668831168831169
498,DZA,2020-01-01,3.825136612021858
499,DZA,2021-01-01,3.825136612021858
500,ECU,2012-01-01,3.8979591836734695
501,ECU,2013-01-01,4.243353783231084
502,ECU,2014-01-01,4.308342133051742
503,ECU,2015-01-01,4.228694714131608
504,ECU,2016-01-01,4.479054779806661
505,ECU,2017-01-01,4.483516483516483
506,ECU,2018-01-01,4.829106945975743
507,ECU,2019-01-01,4.956709956709956
508,ECU,2020-01-01,4.907103825136613
509,ECU,2021-01-01,4.907103825136613
510,EGY,2012-01-01,3.3571428571428577
511,EGY,2013-01-01,3.016359918200409
512,EGY,2014-01-01,2.9778247096092922
513,EGY,2015-01-01,3.0204962243797198
514,EGY,2016-01-01,3.147153598281419
515,EGY,2017-01-01,3.1648351648351647
516,EGY,2018-01-01,3.4399117971334072
517,EGY,2019-01-01,3.5714285714285716
518,EGY,2020-01-01,3.7486338797814214
519,EGY,2021-01-01,3.7486338797814214
520,ERI,2012-01-01,1.9081632653061225
521,ERI,2013-01-01,1.7484662576687118
522,ERI,2014-01-01,1.6367476240760297
523,ERI,2015-01-01,1.21898597626753
524,ERI,2016-01-01,1.2244897959183678
525,ERI,2017-01-01,1.1538461538461537
526,ERI,2018-01-01,1.2238147739801544
527,ERI,2019-01-01,1.158008658008658
528,ERI,2020-01-01,1.169398907103825
529,ERI,2021-01-01,1.169398907103825
530,ESP,2012-01-01,7.5
531,ESP,2013-01-01,7.341513292433538
532,ESP,2014-01-01,7.4551214361140445
533,ESP,2015-01-01,7.432578209277239
534,ESP,2016-01-01,7.561761546723954
535,ESP,2017-01-01,7.538461538461537
536,ESP,2018-01-01,7.70672546857773
537,ESP,2019-01-01,7.846320346320345
538,ESP,2020-01-01,7.846994535519126
539,ESP,2021-01-01,7.846994535519126
540,EST,2012-01-01,8.040816326530612
541,EST,2013-01-01,8.149284253578733
542,EST,2014-01-01,8.50052798310454
543,EST,2015-01-01,8.435814455231931
544,EST,2016-01-01,8.388829215896886
545,EST,2017-01-01,8.384615384615385
546,EST,2018-01-01,8.599779492833518
547,EST,2019-01-01,8.67965367965368
548,EST,2020-01-01,8.699453551912569
549,EST,2021-01-01,8.699453551912569
550,ETH,2012-01-01,2.418367346938776
551,ETH,2013-01-01,2.535787321063395
552,ETH,2014-01-01,2.6927138331573386
553,ETH,2015-01-01,2.5782092772384035
554,ETH,2016-01-01,2.5134264232008596
555,ETH,2017-01-01,2.384615384615384
556,ETH,2018-01-01,2.921719955898567
557,ETH,2019-01-01,3.0411255411255413
558,ETH,2020-01-01,2.92896174863388
559,ETH,2021-01-01,2.92896174863388
560,FIN,2012-01-01,9.846938775510205
561,FIN,2013-01-01,9.805725971370142
562,FIN,2014-01-01,9.809926082365363
563,FIN,2015-01-01,9.676375404530745
564,FIN,2016-01-01,9.645542427497318
565,FIN,2017-01-01,9.692307692307692
566,FIN,2018-01-01,9.77949283351709
567,FIN,2019-01-01,9.686147186147187
568,FIN,2020-01-01,9.781420765027324
569,FIN,2021-01-01,9.781420765027324
570,FJI,2012-01-01,4.163265306122448
571,FJI,2013-01-01,4.1615541922290396
572,FJI,2014-01-01,5.174234424498416
573,FJI,2015-01-01,5.3182308522114345
574,FJI,2016-01-01,5.682062298603652
575,FJI,2017-01-01,5.999999999999999
576,FJI,2018-01-01,6.39470782800441
577,FJI,2019-01-01,6.439393939393939
578,FJI,2020-01-01,6.50273224043716
579,FJI,2021-01-01,6.50273224043716
580,FRA,2012-01-01,8.459183673469388
581,FRA,2013-01-01,8.251533742331288
582,FRA,2014-01-01,8.310454065469905
583,FRA,2015-01-01,8.004314994606258
584,FRA,2016-01-01,7.926960257787327
585,FRA,2017-01-01,8.098901098901099
586,FRA,2018-01-01,8.147739801543551
587,FRA,2019-01-01,8.235930735930735
588,FRA,2020-01-01,8.087431693989073
589,FRA,2021-01-01,8.087431693989073
590,FSM,2012-01-01,5.918367346938775
591,FSM,2013-01-01,5.910020449897751
592,FSM,2014-01-01,6.335797254487856
593,FSM,2015-01-01,6.235167206040992
594,FSM,2016-01-01,6.412459720730399
595,FSM,2017-01-01,6.494505494505493
596,FSM,2018-01-01,6.571113561190739
597,FSM,2019-01-01,6.634199134199133
598,FSM,2020-01-01,6.6557377049180335
599,FSM,2021-01-01,6.6557377049180335
600,GAB,2012-01-01,4.030612244897958
601,GAB,2013-01-01,4.120654396728017
602,GAB,2014-01-01,4.171066525871172
603,GAB,2015-01-01,4.077669902912621
604,GAB,2016-01-01,3.9742212674543507
605,GAB,2017-01-01,3.8021978021978025
606,GAB,2018-01-01,4.057331863285558
607,GAB,2019-01-01,4.090909090909091
608,GAB,2020-01-01,4.163934426229508
609,GAB,2021-01-01,4.163934426229508
610,GBR,2012-01-01,8.806122448979592
611,GBR,2013-01-01,8.844580777096114
612,GBR,2014-01-01,9.007391763463568
613,GBR,2015-01-01,9.0722761596548
614,GBR,2016-01-01,9.00107411385607
615,GBR,2017-01-01,8.934065934065934
616,GBR,2018-01-01,8.886438809261302
617,GBR,2019-01-01,9.004329004329003
618,GBR,2020-01-01,8.852459016393444
619,GBR,2021-01-01,8.852459016393444
620,GEO,2012-01-01,5.071428571428571
621,GEO,2013-01-01,5.357873210633947
622,GEO,2014-01-01,5.776135163674763
623,GEO,2015-01-01,5.674217907227616
624,GEO,2016-01-01,6.047261009667026
625,GEO,2017-01-01,5.978021978021976
626,GEO,2018-01-01,6.0859977949283355
627,GEO,2019-01-01,6.147186147186147
628,GEO,2020-01-01,6.076502732240437
629,GEO,2021-01-01,6.076502732240437
630,GHA,2012-01-01,4.846938775510203
631,GHA,2013-01-01,4.938650306748467
632,GHA,2014-01-01,4.868004223864836
633,GHA,2015-01-01,4.929881337648328
634,GHA,2016-01-01,5.026852846401719
635,GHA,2017-01-01,5.274725274725274
636,GHA,2018-01-01,5.446527012127895
637,GHA,2019-01-01,5.757575757575757
638,GHA,2020-01-01,5.7923497267759565
639,GHA,2021-01-01,5.7923497267759565
640,GIN,2012-01-01,2.1428571428571432
641,GIN,2013-01-01,2.1472392638036815
642,GIN,2014-01-01,2.3442449841605066
643,GIN,2015-01-01,2.642934196332255
644,GIN,2016-01-01,2.8034371643394205
645,GIN,2017-01-01,2.6153846153846154
646,GIN,2018-01-01,2.679162072767365
647,GIN,2019-01-01,2.824675324675325
648,GIN,2020-01-01,2.819672131147541
649,GIN,2021-01-01,2.819672131147541
650,GMB,2012-01-01,3.4081632653061225
651,GMB,2013-01-01,3.323108384458078
652,GMB,2014-01-01,3.2312565997888063
653,GMB,2015-01-01,3.0420711974110035
654,GMB,2016-01-01,2.9538131041890447
655,GMB,2017-01-01,3.725274725274725
656,GMB,2018-01-01,4.321940463065049
657,GMB,2019-01-01,4.642857142857142
658,GMB,2020-01-01,4.666666666666668
659,GMB,2021-01-01,4.666666666666668
660,GNB,2012-01-01,1.959183673469388
661,GNB,2013-01-01,1.871165644171779
662,GNB,2014-01-01,2.164730728616684
663,GNB,2015-01-01,2.254584681769148
664,GNB,2016-01-01,2.3415682062298613
665,GNB,2017-01-01,2.208791208791209
666,GNB,2018-01-01,2.4035281146637266
667,GNB,2019-01-01,2.7164502164502164
668,GNB,2020-01-01,2.7868852459016393
669,GNB,2021-01-01,2.7868852459016393
670,GNQ,2012-01-01,2.4489795918367347
671,GNQ,2013-01-01,2.300613496932516
672,GNQ,2014-01-01,1.8901795142555438
673,GNQ,2015-01-01,1.812297734627832
674,GNQ,2016-01-01,1.8796992481203012
675,GNQ,2017-01-01,1.7802197802197801
676,GNQ,2018-01-01,2.0066152149944876
677,GNQ,2019-01-01,2.0562770562770565
678,GNQ,2020-01-01,2.1639344262295084
679,GNQ,2021-01-01,2.1639344262295084
680,GRC,2012-01-01,5.918367346938775
681,GRC,2013-01-01,6.07361963190184
682,GRC,2014-01-01,6.071805702217529
683,GRC,2015-01-01,6.008629989212513
684,GRC,2016-01-01,6.047261009667026
685,GRC,2017-01-01,5.999999999999999
686,GRC,2018-01-01,6.372657111356119
687,GRC,2019-01-01,6.558441558441558
688,GRC,2020-01-01,6.721311475409838
689,GRC,2021-01-01,6.721311475409838
690,GRD,2012-01-01,5.969387755102041
691,GRD,2013-01-01,5.971370143149285
692,GRD,2014-01-01,6.367476240760295
693,GRD,2015-01-01,6.548004314994606
694,GRD,2016-01-01,6.895810955961333
695,GRD,2017-01-01,6.681318681318681
696,GRD,2018-01-01,6.515986769570011
697,GRD,2019-01-01,6.6017316017316015
698,GRD,2020-01-01,6.688524590163935
699,GRD,2021-01-01,6.688524590163935
700,GTM,2012-01-01,3.418367346938776
701,GTM,2013-01-01,3.4253578732106345
702,GTM,2014-01-01,3.495248152059134
703,GTM,2015-01-01,3.473570658036677
704,GTM,2016-01-01,3.6519871106337276
705,GTM,2017-01-01,3.56043956043956
706,GTM,2018-01-01,3.7155457552370454
707,GTM,2019-01-01,3.744588744588745
708,GTM,2020-01-01,3.7814207650273226
709,GTM,2021-01-01,3.7814207650273226
710,GUY,2012-01-01,4.183673469387755
711,GUY,2013-01-01,4.212678936605317
712,GUY,2014-01-01,4.361140443505808
713,GUY,2015-01-01,4.379719525350593
714,GUY,2016-01-01,4.801288936627284
715,GUY,2017-01-01,4.659340659340658
716,GUY,2018-01-01,4.7739801543550175
717,GUY,2019-01-01,4.816017316017316
718,GUY,2020-01-01,4.797814207650273
719,GUY,2021-01-01,4.797814207650273
720,HND,2012-01-01,3.3571428571428577
721,HND,2013-01-01,3.241308793456033
722,HND,2014-01-01,3.4846884899683204
723,HND,2015-01-01,3.5814455231930964
724,HND,2016-01-01,3.512352309344792
725,HND,2017-01-01,3.3956043956043955
726,HND,2018-01-01,3.6163175303197357
727,HND,2019-01-01,3.5714285714285716
728,HND,2020-01-01,3.6065573770491803
729,HND,2021-01-01,3.6065573770491803
730,HRV,2012-01-01,6.3979591836734695
731,HRV,2013-01-01,6.533742331288344
732,HRV,2014-01-01,6.663146779303062
733,HRV,2015-01-01,6.548004314994606
734,HRV,2016-01-01,6.713211600429648
735,HRV,2017-01-01,6.45054945054945
736,HRV,2018-01-01,6.747519294377067
737,HRV,2019-01-01,6.807359307359307
738,HRV,2020-01-01,6.808743169398909
739,HRV,2021-01-01,6.808743169398909
740,HTI,2012-01-01,2.591836734693878
741,HTI,2013-01-01,2.699386503067485
742,HTI,2014-01-01,2.62935586061246
743,HTI,2015-01-01,2.5134843581445523
744,HTI,2016-01-01,2.738990332975296
745,HTI,2017-01-01,2.7692307692307687
746,HTI,2018-01-01,2.9878721058434397
747,HTI,2019-01-01,2.9112554112554117
748,HTI,2020-01-01,2.7759562841530054
749,HTI,2021-01-01,2.7759562841530054
750,HUN,2012-01-01,7.051020408163265
751,HUN,2013-01-01,7.075664621676892
752,HUN,2014-01-01,6.927138331573389
753,HUN,2015-01-01,6.74217907227616
754,HUN,2016-01-01,6.756176154672396
755,HUN,2017-01-01,6.868131868131868
756,HUN,2018-01-01,6.879823594266814
757,HUN,2019-01-01,6.872294372294372
758,HUN,2020-01-01,7.016393442622951
759,HUN,2021-01-01,7.016393442622951
760,IDN,2012-01-01,3.8673469387755106
761,IDN,2013-01-01,3.865030674846626
762,IDN,2014-01-01,4.12882787750792
763,IDN,2015-01-01,4.034519956850055
764,IDN,2016-01-01,4.296455424274974
765,IDN,2017-01-01,4.362637362637362
766,IDN,2018-01-01,4.641675854465269
767,IDN,2019-01-01,4.729437229437229
768,IDN,2020-01-01,4.8196721311475414
769,IDN,2021-01-01,4.8196721311475414
770,IND,2012-01-01,3.928571428571429
771,IND,2013-01-01,3.9468302658486714
772,IND,2014-01-01,4.097148891235481
773,IND,2015-01-01,4.0992448759439055
774,IND,2016-01-01,4.189044038668099
775,IND,2017-01-01,4.241758241758241
776,IND,2018-01-01,4.310915104740904
777,IND,2019-01-01,4.512987012987012
778,IND,2020-01-01,4.6775956284153
779,IND,2021-01-01,4.6775956284153
780,IRL,2012-01-01,8.714285714285714
781,IRL,2013-01-01,8.762781186094069
782,IRL,2014-01-01,9.091869060190074
783,IRL,2015-01-01,8.985976267529667
784,IRL,2016-01-01,8.786251342642322
785,IRL,2017-01-01,8.758241758241757
786,IRL,2018-01-01,8.96361631753032
787,IRL,2019-01-01,8.852813852813853
788,IRL,2020-01-01,9.049180327868854
789,IRL,2021-01-01,9.049180327868854
790,IRN,2012-01-01,2.6020408163265305
791,IRN,2013-01-01,2.740286298568507
792,IRN,2014-01-01,3.07286166842661
793,IRN,2015-01-01,3.1391585760517797
794,IRN,2016-01-01,3.5230934479054787
795,IRN,2017-01-01,3.5714285714285707
796,IRN,2018-01-01,3.5060639470782804
797,IRN,2019-01-01,3.3874458874458875
798,IRN,2020-01-01,3.398907103825137
799,IRN,2021-01-01,3.398907103825137
800,IRQ,2012-01-01,1.7755102040816326
801,IRQ,2013-01-01,1.6973415132924334
802,IRQ,2014-01-01,1.4361140443505804
803,IRQ,2015-01-01,1.434735706580367
804,IRQ,2016-01-01,1.8259935553168645
805,IRQ,2017-01-01,1.7912087912087915
806,IRQ,2018-01-01,1.7640573318632855
807,IRQ,2019-01-01,2.164502164502165
808,IRQ,2020-01-01,2.1748633879781423
809,IRQ,2021-01-01,2.1748633879781423
810,ISL,2012-01-01,9.53061224489796
811,ISL,2013-01-01,9.509202453987731
812,ISL,2014-01-01,9.567053854276661
813,ISL,2015-01-01,9.600862998921253
814,ISL,2016-01-01,9.538131041890441
815,ISL,2017-01-01,9.527472527472526
816,ISL,2018-01-01,9.746416758544655
817,ISL,2019-01-01,9.75108225108225
818,ISL,2020-01-01,9.628415300546449
819,ISL,2021-01-01,9.628415300546449
820,ISR,2012-01-01,6.622448979591836
821,ISR,2013-01-01,6.554192229038855
822,ISR,2014-01-01,6.800422386483633
823,ISR,2015-01-01,6.860841423948219
824,ISR,2016-01-01,7.153598281417831
825,ISR,2017-01-01,6.857142857142856
826,ISR,2018-01-01,6.923925027563396
827,ISR,2019-01-01,7.077922077922078
828,ISR,2020-01-01,6.939890710382514
829,ISR,2021-01-01,6.939890710382514
830,ITA,2012-01-01,6.591836734693877
831,ITA,2013-01-01,6.564417177914111
832,ITA,2014-01-01,6.504751847940866
833,ITA,2015-01-01,6.407766990291262
834,ITA,2016-01-01,6.562835660580022
835,ITA,2017-01-01,6.5164835164835155
836,ITA,2018-01-01,6.846747519294377
837,ITA,2019-01-01,6.915584415584416
838,ITA,2020-01-01,6.972677595628415
839,ITA,2021-01-01,6.972677595628415
840,JAM,2012-01-01,5.122448979591836
841,JAM,2013-01-01,5.194274028629858
842,JAM,2014-01-01,5.227032734952481
843,JAM,2015-01-01,5.275080906148867
844,JAM,2016-01-01,5.531686358754029
845,JAM,2017-01-01,5.703296703296702
846,JAM,2018-01-01,6.063947078280044
847,JAM,2019-01-01,6.082251082251082
848,JAM,2020-01-01,6.076502732240437
849,JAM,2021-01-01,6.076502732240437
850,JOR,2012-01-01,4.76530612244898
851,JOR,2013-01-01,4.734151329243354
852,JOR,2014-01-01,4.952481520591341
853,JOR,2015-01-01,5.037756202804747
854,JOR,2016-01-01,5.091299677765844
855,JOR,2017-01-01,5.208791208791207
856,JOR,2018-01-01,5.292171995589857
857,JOR,2019-01-01,5.303030303030303
858,JOR,2020-01-01,5.224043715846996
859,JOR,2021-01-01,5.224043715846996
860,JPN,2012-01-01,8.571428571428573
861,JPN,2013-01-01,8.803680981595091
862,JPN,2014-01-01,8.94403379091869
863,JPN,2015-01-01,8.83495145631068
864,JPN,2016-01-01,8.764769065520948
865,JPN,2017-01-01,8.868131868131867
866,JPN,2018-01-01,8.86438809261301
867,JPN,2019-01-01,8.863636363636362
868,JPN,2020-01-01,8.797814207650275
869,JPN,2021-01-01,8.797814207650275
870,KAZ,2012-01-01,4.122448979591836
871,KAZ,2013-01-01,4.059304703476482
872,KAZ,2014-01-01,4.424498416050686
873,KAZ,2015-01-01,4.433656957928802
874,KAZ,2016-01-01,4.532760472610097
875,KAZ,2017-01-01,4.472527472527472
876,KAZ,2018-01-01,4.785005512679161
877,KAZ,2019-01-01,4.880952380952381
878,KAZ,2020-01-01,4.896174863387978
879,KAZ,2021-01-01,4.896174863387978
880,KEN,2012-01-01,2.8979591836734695
881,KEN,2013-01-01,3.0879345603271986
882,KEN,2014-01-01,3.284054910242872
883,KEN,2015-01-01,3.1067961165048548
884,KEN,2016-01-01,3.168635875402794
885,KEN,2017-01-01,3.142857142857143
886,KEN,2018-01-01,3.2083792723263507
887,KEN,2019-01-01,3.3766233766233764
888,KEN,2020-01-01,3.4535519125683063
889,KEN,2021-01-01,3.4535519125683063
890,KGZ,2012-01-01,2.959183673469388
891,KGZ,2013-01-01,3.006134969325154
892,KGZ,2014-01-01,3.273495248152059
893,KGZ,2015-01-01,3.1175836030204964
894,KGZ,2016-01-01,3.35123523093448
895,KGZ,2017-01-01,3.505494505494505
896,KGZ,2018-01-01,3.7375964718853365
897,KGZ,2019-01-01,4.036796536796537
898,KGZ,2020-01-01,3.7486338797814214
899,KGZ,2021-01-01,3.7486338797814214
900,KHM,2012-01-01,2.959183673469388
901,KHM,2013-01-01,2.903885480572597
902,KHM,2014-01-01,3.0095036958817314
903,KHM,2015-01-01,2.9341963322545848
904,KHM,2016-01-01,3.2116004296455434
905,KHM,2017-01-01,3.0219780219780215
906,KHM,2018-01-01,3.031973539140022
907,KHM,2019-01-01,3.0844155844155843
908,KHM,2020-01-01,2.939890710382514
909,KHM,2021-01-01,2.939890710382514
910,KIR,2012-01-01,5.714285714285714
911,KIR,2013-01-01,5.695296523517383
912,KIR,2014-01-01,5.575501583949314
913,KIR,2015-01-01,5.512405609492988
914,KIR,2016-01-01,5.853920515574652
915,KIR,2017-01-01,6.087912087912088
916,KIR,2018-01-01,6.427783902976847
917,KIR,2019-01-01,6.774891774891775
918,KIR,2020-01-01,6.885245901639344
919,KIR,2021-01-01,6.885245901639344
920,KNA,2012-01-01,7.612244897959183
921,KNA,2013-01-01,7.576687116564417
922,KNA,2014-01-01,6.853220696937698
923,KNA,2015-01-01,7.108953613807983
924,KNA,2016-01-01,7.271750805585393
925,KNA,2017-01-01,7.34065934065934
926,KNA,2018-01-01,7.364939360529219
927,KNA,2019-01-01,7.2727272727272725
928,KNA,2020-01-01,7.355191256830603
929,KNA,2021-01-01,7.355191256830603
930,KOR,2012-01-01,7.418367346938775
931,KOR,2013-01-01,7.402862985685072
932,KOR,2014-01-01,7.391763463569165
933,KOR,2015-01-01,7.2599784250269686
934,KOR,2016-01-01,7.486573576799142
935,KOR,2017-01-01,7.68131868131868
936,KOR,2018-01-01,8.059536934950387
937,KOR,2019-01-01,8.03030303030303
938,KOR,2020-01-01,8.021857923497269
939,KOR,2021-01-01,8.021857923497269
940,KWT,2012-01-01,5.73469387755102
941,KWT,2013-01-01,5.766871165644172
942,KWT,2014-01-01,5.638859556494192
943,KWT,2015-01-01,5.415318230852211
944,KWT,2016-01-01,5.574650912996779
945,KWT,2017-01-01,5.802197802197801
946,KWT,2018-01-01,6.0859977949283355
947,KWT,2019-01-01,6.179653679653679
948,KWT,2020-01-01,6.251366120218579
949,KWT,2021-01-01,6.251366120218579
950,LAO,2012-01-01,2.8877551020408165
951,LAO,2013-01-01,2.94478527607362
952,LAO,2014-01-01,3.167898627243928
953,LAO,2015-01-01,3.0204962243797198
954,LAO,2016-01-01,3.0719656283566064
955,LAO,2017-01-01,2.945054945054945
956,LAO,2018-01-01,3.1201764057331864
957,LAO,2019-01-01,3.116883116883117
958,LAO,2020-01-01,3.300546448087432
959,LAO,2021-01-01,3.300546448087432
960,LBN,2012-01-01,3.918367346938776
961,LBN,2013-01-01,3.9775051124744385
962,LBN,2014-01-01,3.9281942977824706
963,LBN,2015-01-01,3.8727076591154264
964,LBN,2016-01-01,3.8882921589688517
965,LBN,2017-01-01,3.7912087912087906
966,LBN,2018-01-01,3.9470782800441016
967,LBN,2019-01-01,3.8636363636363638
968,LBN,2020-01-01,3.879781420765027
969,LBN,2021-01-01,3.879781420765027
970,LBR,2012-01-01,3.3469387755102042
971,LBR,2013-01-01,3.2106339468302663
972,LBR,2014-01-01,3.21013727560718
973,LBR,2015-01-01,3.1391585760517797
974,LBR,2016-01-01,3.43716433941998
975,LBR,2017-01-01,3.516483516483516
976,LBR,2018-01-01,3.5722160970231536
977,LBR,2019-01-01,3.560606060606061
978,LBR,2020-01-01,3.5846994535519134
979,LBR,2021-01-01,3.5846994535519134
980,LBY,2012-01-01,2.275510204081633
981,LBY,2013-01-01,1.9222903885480573
982,LBY,2014-01-01,1.4149947201689548
983,LBY,2015-01-01,1.132686084142395
984,LBY,2016-01-01,0.9559613319011818
985,LBY,2017-01-01,0.8131868131868131
986,LBY,2018-01-01,0.8379272326350606
987,LBY,2019-01-01,0.7683982683982682
988,LBY,2020-01-01,0.7868852459016393
989,LBY,2021-01-01,0.7868852459016393
990,LCA,2012-01-01,6.959183673469387
991,LCA,2013-01-01,6.952965235173824
992,LCA,2014-01-01,6.6948257655755015
993,LCA,2015-01-01,6.752966558791802
994,LCA,2016-01-01,6.809881847475834
995,LCA,2017-01-01,6.758241758241756
996,LCA,2018-01-01,6.835722160970231
997,LCA,2019-01-01,6.883116883116883
998,LCA,2020-01-01,6.885245901639344
999,LCA,2021-01-01,6.885245901639344
1000,LIE,2012-01-01,9.39795918367347
1001,LIE,2013-01-01,9.458077709611452
1002,LIE,2014-01-01,9.778247096092922
1003,LIE,2015-01-01,9.719525350593312
1004,LIE,2016-01-01,9.667024704618692
1005,LIE,2017-01-01,9.714285714285714
1006,LIE,2018-01-01,9.812568908489526
1007,LIE,2019-01-01,9.805194805194805
1008,LIE,2020-01-01,9.85792349726776
1009,LIE,2021-01-01,9.85792349726776
1010,LKA,2012-01-01,3.806122448979592
1011,LKA,2013-01-01,3.7321063394683027
1012,LKA,2014-01-01,3.780359028511087
1013,LKA,2015-01-01,4.1855447680690405
1014,LKA,2016-01-01,4.382384532760473
1015,LKA,2017-01-01,4.3076923076923075
1016,LKA,2018-01-01,4.553472987872105
1017,LKA,2019-01-01,4.567099567099567
1018,LKA,2020-01-01,4.743169398907105
1019,LKA,2021-01-01,4.743169398907105
1020,LSO,2012-01-01,4.73469387755102
1021,LSO,2013-01-01,4.938650306748467
1022,LSO,2014-01-01,4.730728616684266
1023,LSO,2015-01-01,4.617044228694714
1024,LSO,2016-01-01,4.704618689581097
1025,LSO,2017-01-01,4.736263736263735
1026,LSO,2018-01-01,4.829106945975743
1027,LSO,2019-01-01,4.761904761904762
1028,LSO,2020-01-01,4.721311475409836
1029,LSO,2021-01-01,4.721311475409836
1030,LTU,2012-01-01,7.275510204081633
1031,LTU,2013-01-01,7.3517382413087935
1032,LTU,2014-01-01,7.50791974656811
1033,LTU,2015-01-01,7.49730312837109
1034,LTU,2016-01-01,7.669172932330829
1035,LTU,2017-01-01,7.57142857142857
1036,LTU,2018-01-01,7.60749724366042
1037,LTU,2019-01-01,7.857142857142858
1038,LTU,2020-01-01,7.945355191256832
1039,LTU,2021-01-01,7.945355191256832
1040,LUX,2012-01-01,9.755102040816325
1041,LUX,2013-01-01,9.754601226993863
1042,LUX,2014-01-01,9.883843717001056
1043,LUX,2015-01-01,9.902912621359222
1044,LUX,2016-01-01,9.838882921589692
1045,LUX,2017-01-01,9.725274725274726
1046,LUX,2018-01-01,9.944873208379274
1047,LUX,2019-01-01,9.902597402597403
1048,LUX,2020-01-01,9.792349726775958
1049,LUX,2021-01-01,9.792349726775958
1050,LVA,2012-01-01,7.061224489795919
1051,LVA,2013-01-01,7.147239263803682
1052,LVA,2014-01-01,7.296726504751848
1053,LVA,2015-01-01,7.2599784250269686
1054,LVA,2016-01-01,7.357679914070893
1055,LVA,2017-01-01,7.3296703296703285
1056,LVA,2018-01-01,7.375964718853364
1057,LVA,2019-01-01,7.608225108225108
1058,LVA,2020-01-01,7.726775956284154
1059,LVA,2021-01-01,7.726775956284154
1060,MAR,2012-01-01,4.724489795918368
1061,MAR,2013-01-01,4.631901840490798
1062,MAR,2014-01-01,4.804646251319958
1063,MAR,2015-01-01,4.778856526429342
1064,MAR,2016-01-01,4.844253490870034
1065,MAR,2017-01-01,4.769230769230768
1066,MAR,2018-01-01,4.928335170893053
1067,MAR,2019-01-01,5.119047619047619
1068,MAR,2020-01-01,5.3224043715847
1069,MAR,2021-01-01,5.3224043715847
1070,MCO,2012-01-01,6.775510204081633
1071,MCO,2013-01-01,6.820040899795502
1072,MCO,2014-01-01,6.884899683210137
1073,MCO,2015-01-01,6.80690399137001
1074,MCO,2016-01-01,6.756176154672396
1075,MCO,2017-01-01,7.01098901098901
1076,MCO,2018-01-01,6.979051819184123
1077,MCO,2019-01-01,6.991341991341991
1078,MCO,2020-01-01,6.612021857923498
1079,MCO,2021-01-01,6.612021857923498
1080,MDA,2012-01-01,4.857142857142858
1081,MDA,2013-01-01,5.020449897750511
1082,MDA,2014-01-01,5.142555438225976
1083,MDA,2015-01-01,4.919093851132686
1084,MDA,2016-01-01,4.865735767991407
1085,MDA,2017-01-01,4.999999999999999
1086,MDA,2018-01-01,5.049614112458656
1087,MDA,2019-01-01,5.129870129870129
1088,MDA,2020-01-01,5.147540983606557
1089,MDA,2021-01-01,5.147540983606557
1090,MDG,2012-01-01,2.979591836734694
1091,MDG,2013-01-01,2.883435582822086
1092,MDG,2014-01-01,3.083421330517423
1093,MDG,2015-01-01,3.085221143473571
1094,MDG,2016-01-01,3.125671321160044
1095,MDG,2017-01-01,2.9999999999999996
1096,MDG,2018-01-01,3.1422271223814775
1097,MDG,2019-01-01,3.235930735930736
1098,MDG,2020-01-01,3.224043715846995
1099,MDG,2021-01-01,3.224043715846995
1100,MDV,2012-01-01,4.204081632653061
1101,MDV,2013-01-01,4.376278118609408
1102,MDV,2014-01-01,5.089757127771911
1103,MDV,2015-01-01,4.778856526429342
1104,MDV,2016-01-01,4.747583243823846
1105,MDV,2017-01-01,4.428571428571427
1106,MDV,2018-01-01,4.509371554575523
1107,MDV,2019-01-01,5.021645021645021
1108,MDV,2020-01-01,5.2677595628415315
1109,MDV,2021-01-01,5.2677595628415315
1110,MEX,2012-01-01,4.530612244897959
1111,MEX,2013-01-01,4.4580777096114526
1112,MEX,2014-01-01,4.2661034846884895
1113,MEX,2015-01-01,4.412081984897519
1114,MEX,2016-01-01,4.522019334049411
1115,MEX,2017-01-01,4.373626373626372
1116,MEX,2018-01-01,4.575523704520398
1117,MEX,2019-01-01,4.599567099567099
1118,MEX,2020-01-01,4.579234972677597
1119,MEX,2021-01-01,4.579234972677597
1120,MHL,2012-01-01,5.6020408163265305
1121,MHL,2013-01-01,5.807770961145194
1122,MHL,2014-01-01,5.649419218585005
1123,MHL,2015-01-01,5.544768069039914
1124,MHL,2016-01-01,5.553168635875404
1125,MHL,2017-01-01,6.087912087912088
1126,MHL,2018-01-01,5.887541345093716
1127,MHL,2019-01-01,6.0606060606060606
1128,MHL,2020-01-01,5.978142076502733
1129,MHL,2021-01-01,5.978142076502733
1130,MKD,2012-01-01,5.244897959183674
1131,MKD,2013-01-01,5.378323108384458
1132,MKD,2014-01-01,5.818373812038015
1133,MKD,2015-01-01,5.275080906148867
1134,MKD,2016-01-01,5.198711063372719
1135,MKD,2017-01-01,5.274725274725274
1136,MKD,2018-01-01,5.534729878721059
1137,MKD,2019-01-01,5.681818181818181
1138,MKD,2020-01-01,5.825136612021858
1139,MKD,2021-01-01,5.825136612021858
1140,MLI,2012-01-01,2.5
1141,MLI,2013-01-01,2.6891615541922294
1142,MLI,2014-01-01,2.851108764519535
1143,MLI,2015-01-01,2.7831715210355985
1144,MLI,2016-01-01,2.878625134264233
1145,MLI,2017-01-01,2.747252747252747
1146,MLI,2018-01-01,2.7342888643880925
1147,MLI,2019-01-01,2.6623376623376624
1148,MLI,2020-01-01,2.480874316939891
1149,MLI,2021-01-01,2.480874316939891
1150,MLT,2012-01-01,8.061224489795919
1151,MLT,2013-01-01,8.026584867075664
1152,MLT,2014-01-01,8.120380147835268
1153,MLT,2015-01-01,8.07982740021575
1154,MLT,2016-01-01,7.980665950590764
1155,MLT,2017-01-01,8.153846153846153
1156,MLT,2018-01-01,8.114663726571115
1157,MLT,2019-01-01,7.824675324675324
1158,MLT,2020-01-01,7.857923497267761
1159,MLT,2021-01-01,7.857923497267761
1160,MMR,2012-01-01,1.9795918367346939
1161,MMR,2013-01-01,1.9938650306748464
1162,MMR,2014-01-01,2.206969376979936
1163,MMR,2015-01-01,2.1574973031283715
1164,MMR,2016-01-01,2.9645542427497324
1165,MMR,2017-01-01,2.8571428571428568
1166,MMR,2018-01-01,2.9106945975744214
1167,MMR,2019-01-01,3.0303030303030303
1168,MMR,2020-01-01,2.7759562841530054
1169,MMR,2021-01-01,2.7759562841530054
1170,MNE,2012-01-01,5.959183673469388
1171,MNE,2013-01-01,5.858895705521472
1172,MNE,2014-01-01,5.850052798310454
1173,MNE,2015-01-01,5.803667745415319
1174,MNE,2016-01-01,5.86466165413534
1175,MNE,2017-01-01,5.692307692307692
1176,MNE,2018-01-01,5.931642778390298
1177,MNE,2019-01-01,5.952380952380952
1178,MNE,2020-01-01,5.967213114754099
1179,MNE,2021-01-01,5.967213114754099
1180,MNG,2012-01-01,4.561224489795919
1181,MNG,2013-01-01,4.601226993865031
1182,MNG,2014-01-01,4.878563885955649
1183,MNG,2015-01-01,4.735706580366775
1184,MNG,2016-01-01,4.908700322234157
1185,MNG,2017-01-01,4.79120879120879
1186,MNG,2018-01-01,5.435501653803749
1187,MNG,2019-01-01,5.4978354978354975
1188,MNG,2020-01-01,5.814207650273225
1189,MNG,2021-01-01,5.814207650273225
1190,MOZ,2012-01-01,4.030612244897958
1191,MOZ,2013-01-01,3.537832310838446
1192,MOZ,2014-01-01,3.431890179514255
1193,MOZ,2015-01-01,3.1283710895361385
1194,MOZ,2016-01-01,2.631578947368422
1195,MOZ,2017-01-01,2.67032967032967
1196,MOZ,2018-01-01,2.8445424476295478
1197,MOZ,2019-01-01,2.9761904761904763
1198,MOZ,2020-01-01,2.7868852459016393
1199,MOZ,2021-01-01,2.7868852459016393
1200,MRT,2012-01-01,2.6734693877551026
1201,MRT,2013-01-01,2.607361963190184
1202,MRT,2014-01-01,2.9250263991552266
1203,MRT,2015-01-01,2.8694714131607335
1204,MRT,2016-01-01,3.2008592910848557
1205,MRT,2017-01-01,3.1978021978021975
1206,MRT,2018-01-01,3.4288864388092617
1207,MRT,2019-01-01,3.5714285714285716
1208,MRT,2020-01-01,3.5519125683060113
1209,MRT,2021-01-01,3.5519125683060113
1210,MUS,2012-01-01,6.673469387755102
1211,MUS,2013-01-01,6.728016359918201
1212,MUS,2014-01-01,6.75818373812038
1213,MUS,2015-01-01,6.817691477885652
1214,MUS,2016-01-01,6.777658431793771
1215,MUS,2017-01-01,6.758241758241756
1216,MUS,2018-01-01,6.890848952590959
1217,MUS,2019-01-01,6.96969696969697
1218,MUS,2020-01-01,7.191256830601093
1219,MUS,2021-01-01,7.191256830601093
1220,MWI,2012-01-01,4.040816326530612
1221,MWI,2013-01-01,3.875255623721882
1222,MWI,2014-01-01,3.9387539598732837
1223,MWI,2015-01-01,3.7864077669902914
1224,MWI,2016-01-01,3.6949516648764775
1225,MWI,2017-01-01,3.5934065934065926
1226,MWI,2018-01-01,3.5501653803748625
1227,MWI,2019-01-01,3.6796536796536796
1228,MWI,2020-01-01,3.956284153005465
1229,MWI,2021-01-01,3.956284153005465
1230,MYS,2012-01-01,5.959183673469388
1231,MYS,2013-01-01,5.787321063394684
1232,MYS,2014-01-01,6.14572333685322
1233,MYS,2015-01-01,6.040992448759439
1234,MYS,2016-01-01,6.058002148227714
1235,MYS,2017-01-01,6.01098901098901
1236,MYS,2018-01-01,6.571113561190739
1237,MYS,2019-01-01,6.558441558441558
1238,MYS,2020-01-01,6.601092896174864
1239,MYS,2021-01-01,6.601092896174864
1240,NAM,2012-01-01,5.63265306122449
1241,NAM,2013-01-01,5.603271983640082
1242,NAM,2014-01-01,5.4804646251319955
1243,NAM,2015-01-01,5.6957928802588995
1244,NAM,2016-01-01,5.9076262083780895
1245,NAM,2017-01-01,5.835164835164834
1246,NAM,2018-01-01,6.041896361631753
1247,NAM,2019-01-01,6.038961038961038
1248,NAM,2020-01-01,6.065573770491804
1249,NAM,2021-01-01,6.065573770491804
1250,NER,2012-01-01,3.102040816326531
1251,NER,2013-01-01,2.9550102249488757
1252,NER,2014-01-01,3.0095036958817314
1253,NER,2015-01-01,2.998921251348436
1254,NER,2016-01-01,2.878625134264233
1255,NER,2017-01-01,2.802197802197802
1256,NER,2018-01-01,2.8555678059536937
1257,NER,2019-01-01,2.88961038961039
1258,NER,2020-01-01,2.677595628415301
1259,NER,2021-01-01,2.677595628415301
1260,NGA,2012-01-01,2.275510204081633
1261,NGA,2013-01-01,2.239263803680982
1262,NGA,2014-01-01,2.2492080253431888
1263,NGA,2015-01-01,2.55663430420712
1264,NGA,2016-01-01,2.6530612244897966
1265,NGA,2017-01-01,2.5714285714285716
1266,NGA,2018-01-01,2.6681367144432198
1267,NGA,2019-01-01,2.75974025974026
1268,NGA,2020-01-01,2.765027322404372
1269,NGA,2021-01-01,2.765027322404372
1270,NIC,2012-01-01,3.5102040816326534
1271,NIC,2013-01-01,3.6298568507157465
1272,NIC,2014-01-01,3.685322069693769
1273,NIC,2015-01-01,3.5275080906148863
1274,NIC,2016-01-01,3.555316863587541
1275,NIC,2017-01-01,3.5714285714285707
1276,NIC,2018-01-01,2.8555678059536937
1277,NIC,2019-01-01,2.792207792207792
1278,NIC,2020-01-01,3.005464480874317
1279,NIC,2021-01-01,3.005464480874317
1280,NLD,2012-01-01,9.704081632653061
1281,NLD,2013-01-01,9.591002044989775
1282,NLD,2014-01-01,9.630411826821542
1283,NLD,2015-01-01,9.47141316073355
1284,NLD,2016-01-01,9.409237379162194
1285,NLD,2017-01-01,9.34065934065934
1286,NLD,2018-01-01,9.470782800441016
1287,NLD,2019-01-01,9.448051948051948
1288,NLD,2020-01-01,9.420765027322405
1289,NLD,2021-01-01,9.420765027322405
1290,NOR,2012-01-01,10.0
1291,NOR,2013-01-01,9.999999999999998
1292,NOR,2014-01-01,9.999999999999998
1293,NOR,2015-01-01,10.0
1294,NOR,2016-01-01,10.000000000000002
1295,NOR,2017-01-01,10.0
1296,NOR,2018-01-01,10.0
1297,NOR,2019-01-01,10.0
1298,NOR,2020-01-01,10.0
1299,NOR,2021-01-01,10.0
1300,NPL,2012-01-01,2.8877551020408165
1301,NPL,2013-01-01,3.128834355828221
1302,NPL,2014-01-01,3.4635691657866943
1303,NPL,2015-01-01,3.236245954692557
1304,NPL,2016-01-01,3.3082706766917305
1305,NPL,2017-01-01,3.505494505494505
1306,NPL,2018-01-01,3.9029768467475194
1307,NPL,2019-01-01,4.025974025974026
1308,NPL,2020-01-01,4.3497267759562845
1309,NPL,2021-01-01,4.3497267759562845
1310,NRU,2012-01-01,7.112244897959184
1311,NRU,2013-01-01,6.687116564417178
1312,NRU,2014-01-01,5.691657866948257
1313,NRU,2015-01-01,5.3182308522114345
1314,NRU,2016-01-01,5.531686358754029
1315,NRU,2017-01-01,5.417582417582417
1316,NRU,2018-01-01,5.578831312017641
1317,NRU,2019-01-01,5.638528138528138
1318,NRU,2020-01-01,5.672131147540984
1319,NRU,2021-01-01,5.672131147540984
1320,NZL,2012-01-01,9.683673469387756
1321,NZL,2013-01-01,9.703476482617587
1322,NZL,2014-01-01,9.83104540654699
1323,NZL,2015-01-01,9.859762675296658
1324,NZL,2016-01-01,9.849624060150378
1325,NZL,2017-01-01,9.890109890109889
1326,NZL,2018-01-01,9.966923925027565
1327,NZL,2019-01-01,9.891774891774892
1328,NZL,2020-01-01,9.901639344262296
1329,NZL,2021-01-01,9.901639344262296
1330,OMN,2012-01-01,5.704081632653061
1331,OMN,2013-01-01,5.7566462167689165
1332,OMN,2014-01-01,6.029567053854277
1333,OMN,2015-01-01,5.933117583603021
1334,OMN,2016-01-01,6.047261009667026
1335,OMN,2017-01-01,6.01098901098901
1336,OMN,2018-01-01,6.207276736493936
1337,OMN,2019-01-01,6.3852813852813854
1338,OMN,2020-01-01,6.262295081967213
1339,OMN,2021-01-01,6.262295081967213
1340,PAK,2012-01-01,1.9081632653061225
1341,PAK,2013-01-01,1.973415132924335
1342,PAK,2014-01-01,2.175290390707497
1343,PAK,2015-01-01,2.0496224379719528
1344,PAK,2016-01-01,2.0300751879699255
1345,PAK,2017-01-01,2.0989010989010985
1346,PAK,2018-01-01,2.249173098125689
1347,PAK,2019-01-01,2.22943722943723
1348,PAK,2020-01-01,2.568306010928962
1349,PAK,2021-01-01,2.568306010928962
1350,PAN,2012-01-01,5.142857142857142
1351,PAN,2013-01-01,5.153374233128835
1352,PAN,2014-01-01,5.4699049630411825
1353,PAN,2015-01-01,5.566343042071198
1354,PAN,2016-01-01,5.649838882921591
1355,PAN,2017-01-01,5.648351648351647
1356,PAN,2018-01-01,5.678059536934951
1357,PAN,2019-01-01,5.746753246753246
1358,PAN,2020-01-01,5.6830601092896185
1359,PAN,2021-01-01,5.6830601092896185
1360,PER,2012-01-01,4.377551020408163
1361,PER,2013-01-01,4.345603271983641
1362,PER,2014-01-01,4.4878563885955645
1363,PER,2015-01-01,4.5091693635382954
1364,PER,2016-01-01,4.833512352309346
1365,PER,2017-01-01,4.747252747252746
1366,PER,2018-01-01,4.8732083792723255
1367,PER,2019-01-01,5.14069264069264
1368,PER,2020-01-01,5.202185792349727
1369,PER,2021-01-01,5.202185792349727
1370,PHL,2012-01-01,3.938775510204082
1371,PHL,2013-01-01,4.130879345603272
1372,PHL,2014-01-01,4.435058078141499
1373,PHL,2015-01-01,4.271844660194175
1374,PHL,2016-01-01,4.06015037593985
1375,PHL,2017-01-01,4.054945054945054
1376,PHL,2018-01-01,4.156560088202868
1377,PHL,2019-01-01,4.199134199134198
1378,PHL,2020-01-01,4.327868852459016
1379,PHL,2021-01-01,4.327868852459016
1380,PLW,2012-01-01,5.714285714285714
1381,PLW,2013-01-01,5.5725971370143155
1382,PLW,2014-01-01,5.343189017951426
1383,PLW,2015-01-01,5.1456310679611645
1384,PLW,2016-01-01,5.284640171858218
1385,PLW,2017-01-01,5.12087912087912
1386,PLW,2018-01-01,5.115766262403529
1387,PLW,2019-01-01,5.194805194805195
1388,PLW,2020-01-01,4.9289617486338795
1389,PLW,2021-01-01,4.9289617486338795
1390,PNG,2012-01-01,3.295918367346939
1391,PNG,2013-01-01,3.2719836400817996
1392,PNG,2014-01-01,3.4635691657866943
1393,PNG,2015-01-01,3.2686084142394822
1394,PNG,2016-01-01,3.39419978517723
1395,PNG,2017-01-01,3.2087912087912085
1396,PNG,2018-01-01,3.318632855567806
1397,PNG,2019-01-01,3.2792207792207795
1398,PNG,2020-01-01,3.4535519125683063
1399,PNG,2021-01-01,3.4535519125683063
1400,POL,2012-01-01,7.469387755102041
1401,POL,2013-01-01,7.361963190184049
1402,POL,2014-01-01,7.529039070749736
1403,POL,2015-01-01,7.454153182308523
1404,POL,2016-01-01,7.239527389903331
1405,POL,2017-01-01,7.109890109890109
1406,POL,2018-01-01,7.144432194046308
1407,POL,2019-01-01,7.218614718614718
1408,POL,2020-01-01,7.2677595628415315
1409,POL,2021-01-01,7.2677595628415315
1410,PRK,2012-01-01,1.959183673469388
1411,PRK,2013-01-01,1.6768916155419222
1412,PRK,2014-01-01,1.1510031678986272
1413,PRK,2015-01-01,0.960086299892125
1414,PRK,2016-01-01,1.0848549946294308
1415,PRK,2017-01-01,0.978021978021978
1416,PRK,2018-01-01,1.1356119073869901
1417,PRK,2019-01-01,1.1796536796536796
1418,PRK,2020-01-01,1.1366120218579234
1419,PRK,2021-01-01,1.1366120218579234
1420,PRT,2012-01-01,7.561224489795918
1421,PRT,2013-01-01,7.535787321063395
1422,PRT,2014-01-01,7.729672650475185
1423,PRT,2015-01-01,7.820927723840345
1424,PRT,2016-01-01,7.862513426423202
1425,PRT,2017-01-01,8.010989010989011
1426,PRT,2018-01-01,8.114663726571115
1427,PRT,2019-01-01,8.073593073593074
1428,PRT,2020-01-01,8.120218579234974
1429,PRT,2021-01-01,8.120218579234974
1430,PRY,2012-01-01,3.714285714285715
1431,PRY,2013-01-01,3.813905930470348
1432,PRY,2014-01-01,4.340021119324182
1433,PRY,2015-01-01,4.4228694714131604
1434,PRY,2016-01-01,4.683136412459722
1435,PRY,2017-01-01,4.7142857142857135
1436,PRY,2018-01-01,4.928335170893053
1437,PRY,2019-01-01,5.0432900432900425
1438,PRY,2020-01-01,5.213114754098362
1439,PRY,2021-01-01,5.213114754098362
1440,QAT,2012-01-01,6.969387755102041
1441,QAT,2013-01-01,7.259713701431493
1442,QAT,2014-01-01,7.117212249208025
1443,QAT,2015-01-01,6.947141316073354
1444,QAT,2016-01-01,6.949516648764771
1445,QAT,2017-01-01,6.692307692307692
1446,QAT,2018-01-01,6.835722160970231
1447,QAT,2019-01-01,6.861471861471861
1448,QAT,2020-01-01,6.907103825136613
1449,QAT,2021-01-01,6.907103825136613
1450,ROU,2012-01-01,5.448979591836735
1451,ROU,2013-01-01,5.593047034764826
1452,ROU,2014-01-01,5.755015839493136
1453,ROU,2015-01-01,5.825242718446602
1454,ROU,2016-01-01,6.100966702470463
1455,ROU,2017-01-01,6.065934065934065
1456,ROU,2018-01-01,6.207276736493936
1457,ROU,2019-01-01,6.536796536796536
1458,ROU,2020-01-01,6.721311475409838
1459,ROU,2021-01-01,6.721311475409838
1460,RUS,2012-01-01,3.989795918367347
1461,RUS,2013-01-01,4.0184049079754605
1462,RUS,2014-01-01,3.991552270327349
1463,RUS,2015-01-01,3.764832793959008
1464,RUS,2016-01-01,3.8990332975295394
1465,RUS,2017-01-01,3.9999999999999996
1466,RUS,2018-01-01,4.288864388092614
1467,RUS,2019-01-01,4.35064935064935
1468,RUS,2020-01-01,4.251366120218579
1469,RUS,2021-01-01,4.251366120218579
1470,RWA,2012-01-01,3.969387755102041
1471,RWA,2013-01-01,4.110429447852761
1472,RWA,2014-01-01,4.2449841605068634
1473,RWA,2015-01-01,4.347357065803667
1474,RWA,2016-01-01,4.360902255639099
1475,RWA,2017-01-01,4.417582417582417
1476,RWA,2018-01-01,4.5644983461962525
1477,RWA,2019-01-01,4.588744588744588
1478,RWA,2020-01-01,4.535519125683061
1479,RWA,2021-01-01,4.535519125683061
1480,SAU,2012-01-01,4.408163265306122
1481,SAU,2013-01-01,4.519427402862986
1482,SAU,2014-01-01,4.688489968321014
1483,SAU,2015-01-01,4.498381877022654
1484,SAU,2016-01-01,4.94092373791622
1485,SAU,2017-01-01,5.197802197802197
1486,SAU,2018-01-01,5.3142227122381485
1487,SAU,2019-01-01,5.346320346320346
1488,SAU,2020-01-01,5.3770491803278695
1489,SAU,2021-01-01,5.3770491803278695
1490,SDN,2012-01-01,1.3775510204081631
1491,SDN,2013-01-01,1.3292433537832309
1492,SDN,2014-01-01,1.2249208025343186
1493,SDN,2015-01-01,1.1111111111111112
1494,SDN,2016-01-01,0.9452201933404943
1495,SDN,2017-01-01,1.1648351648351647
1496,SDN,2018-01-01,1.5104740904079383
1497,SDN,2019-01-01,1.753246753246753
1498,SDN,2020-01-01,1.9125683060109289
1499,SDN,2021-01-01,1.9125683060109289
1500,SEN,2012-01-01,4.316326530612245
1501,SEN,2013-01-01,4.41717791411043
1502,SEN,2014-01-01,4.7624076029567055
1503,SEN,2015-01-01,4.735706580366775
1504,SEN,2016-01-01,4.822771213748658
1505,SEN,2017-01-01,4.813186813186812
1506,SEN,2018-01-01,4.9614112458654915
1507,SEN,2019-01-01,5.194805194805195
1508,SEN,2020-01-01,5.158469945355192
1509,SEN,2021-01-01,5.158469945355192
1510,SGP,2012-01-01,8.5
1511,SGP,2013-01-01,8.609406952965234
1512,SGP,2014-01-01,8.595564941921857
1513,SGP,2015-01-01,8.576051779935275
1514,SGP,2016-01-01,8.689581095596136
1515,SGP,2017-01-01,8.747252747252746
1516,SGP,2018-01-01,8.96361631753032
1517,SGP,2019-01-01,8.917748917748916
1518,SGP,2020-01-01,8.896174863387978
1519,SGP,2021-01-01,8.896174863387978
1520,SLB,2012-01-01,4.193877551020408
1521,SLB,2013-01-01,4.212678936605317
1522,SLB,2014-01-01,4.5089757127771914
1523,SLB,2015-01-01,4.47680690399137
1524,SLB,2016-01-01,4.618689581095597
1525,SLB,2017-01-01,4.703296703296702
1526,SLB,2018-01-01,4.851157662624036
1527,SLB,2019-01-01,4.967532467532466
1528,SLB,2020-01-01,5.103825136612022
1529,SLB,2021-01-01,5.103825136612022
1530,SLE,2012-01-01,3.275510204081633
1531,SLE,2013-01-01,3.312883435582822
1532,SLE,2014-01-01,3.3368532206969377
1533,SLE,2015-01-01,3.290183387270766
1534,SLE,2016-01-01,3.4693877551020416
1535,SLE,2017-01-01,3.5934065934065926
1536,SLE,2018-01-01,3.7816979051819186
1537,SLE,2019-01-01,3.9177489177489178
1538,SLE,2020-01-01,3.879781420765027
1539,SLE,2021-01-01,3.879781420765027
1540,SLV,2012-01-01,4.387755102040816
1541,SLV,2013-01-01,4.345603271983641
1542,SLV,2014-01-01,4.5195353748680045
1543,SLV,2015-01-01,4.347357065803667
1544,SLV,2016-01-01,4.274973147153599
1545,SLV,2017-01-01,4.153846153846152
1546,SLV,2018-01-01,4.277839029768467
1547,SLV,2019-01-01,4.686147186147186
1548,SLV,2020-01-01,4.73224043715847
1549,SLV,2021-01-01,4.73224043715847
1550,SMR,2012-01-01,6.408163265306122
1551,SMR,2013-01-01,6.370143149284253
1552,SMR,2014-01-01,6.261879619852165
1553,SMR,2015-01-01,6.138079827400215
1554,SMR,2016-01-01,6.165413533834587
1555,SMR,2017-01-01,6.032967032967031
1556,SMR,2018-01-01,6.07497243660419
1557,SMR,2019-01-01,6.147186147186147
1558,SMR,2020-01-01,6.065573770491804
1559,SMR,2021-01-01,6.065573770491804
1560,SOM,2012-01-01,0.0
1561,SOM,2013-01-01,0.0
1562,SOM,2014-01-01,0.0
1563,SOM,2015-01-01,0.0
1564,SOM,2016-01-01,0.0
1565,SOM,2017-01-01,0.0
1566,SOM,2018-01-01,0.0
1567,SOM,2019-01-01,0.0
1568,SOM,2020-01-01,0.0
1569,SOM,2021-01-01,0.0
1570,SRB,2012-01-01,5.081632653061225
1571,SRB,2013-01-01,5.286298568507157
1572,SRB,2014-01-01,5.691657866948257
1573,SRB,2015-01-01,5.674217907227616
1574,SRB,2016-01-01,5.606874328678841
1575,SRB,2017-01-01,5.483516483516482
1576,SRB,2018-01-01,5.567805953693496
1577,SRB,2019-01-01,5.584415584415584
1578,SRB,2020-01-01,5.508196721311476
1579,SRB,2021-01-01,5.508196721311476
1580,SSD,2012-01-01,1.8877551020408163
1581,SSD,2013-01-01,1.4008179959100204
1582,SSD,2014-01-01,0.5068637803590285
1583,SSD,2015-01-01,0.4422869471413161
1584,SSD,2016-01-01,0.2685284640171859
1585,SSD,2017-01-01,0.12087912087912078
1586,SSD,2018-01-01,0.12127894156560082
1587,SSD,2019-01-01,0.09740259740259744
1588,SSD,2020-01-01,0.30601092896174864
1589,SSD,2021-01-01,0.30601092896174864
1590,STP,2012-01-01,4.520408163265306
1591,STP,2013-01-01,4.50920245398773
1592,STP,2014-01-01,4.751847940865892
1593,STP,2015-01-01,4.5954692556634305
1594,STP,2016-01-01,4.779806659505908
1595,STP,2017-01-01,4.780219780219779
1596,STP,2018-01-01,5.016538037486217
1597,STP,2019-01-01,5.173160173160173
1598,STP,2020-01-01,5.114754098360656
1599,STP,2021-01-01,5.114754098360656
1600,SUR,2012-01-01,5.153061224489796
1601,SUR,2013-01-01,5.224948875255625
1602,SUR,2014-01-01,5.300950369588173
1603,SUR,2015-01-01,5.264293419633225
1604,SUR,2016-01-01,5.27389903329753
1605,SUR,2017-01-01,5.3406593406593394
1606,SUR,2018-01-01,5.468577728776186
1607,SUR,2019-01-01,5.757575757575757
1608,SUR,2020-01-01,5.912568306010929
1609,SUR,2021-01-01,5.912568306010929
1610,SVK,2012-01-01,7.316326530612245
1611,SVK,2013-01-01,7.280163599182004
1612,SVK,2014-01-01,7.391763463569165
1613,SVK,2015-01-01,7.1736785329018335
1614,SVK,2016-01-01,7.261009667024706
1615,SVK,2017-01-01,7.219780219780218
1616,SVK,2018-01-01,7.232635060639472
1617,SVK,2019-01-01,7.25108225108225
1618,SVK,2020-01-01,7.562841530054646
1619,SVK,2021-01-01,7.562841530054646
1620,SVN,2012-01-01,7.714285714285714
1621,SVN,2013-01-01,7.668711656441718
1622,SVN,2014-01-01,7.729672650475185
1623,SVN,2015-01-01,7.702265372168284
1624,SVN,2016-01-01,7.862513426423202
1625,SVN,2017-01-01,7.813186813186811
1626,SVN,2018-01-01,7.971334068357223
1627,SVN,2019-01-01,8.062770562770563
1628,SVN,2020-01-01,7.9344262295081975
1629,SVN,2021-01-01,7.9344262295081975
1630,SWE,2012-01-01,9.877551020408163
1631,SWE,2013-01-01,9.815950920245397
1632,SWE,2014-01-01,9.767687434002111
1633,SWE,2015-01-01,9.665587918015103
1634,SWE,2016-01-01,9.645542427497318
1635,SWE,2017-01-01,9.637362637362637
1636,SWE,2018-01-01,9.636163175303198
1637,SWE,2019-01-01,9.761904761904761
1638,SWE,2020-01-01,9.639344262295083
1639,SWE,2021-01-01,9.639344262295083
1640,SWZ,2012-01-01,3.5510204081632657
1641,SWZ,2013-01-01,3.588957055214724
1642,SWZ,2014-01-01,3.537486800422386
1643,SWZ,2015-01-01,3.3980582524271847
1644,SWZ,2016-01-01,3.383458646616542
1645,SWZ,2017-01-01,3.56043956043956
1646,SWZ,2018-01-01,3.60529217199559
1647,SWZ,2019-01-01,3.5173160173160176
1648,SWZ,2020-01-01,3.573770491803279
1649,SWZ,2021-01-01,3.573770491803279
1650,SYC,2012-01-01,5.989795918367347
1651,SYC,2013-01-01,6.083844580777097
1652,SYC,2014-01-01,5.881731784582893
1653,SYC,2015-01-01,6.3322545846817695
1654,SYC,2016-01-01,6.369495166487649
1655,SYC,2017-01-01,6.3186813186813175
1656,SYC,2018-01-01,6.703417861080485
1657,SYC,2019-01-01,7.012987012987013
1658,SYC,2020-01-01,7.289617486338798
1659,SYC,2021-01-01,7.289617486338798
1660,SYR,2012-01-01,1.5510204081632653
1661,SYR,2013-01-01,1.3599182004089978
1662,SYR,2014-01-01,1.108764519535375
1663,SYR,2015-01-01,0.8522114347357067
1664,SYR,2016-01-01,0.5907626208378091
1665,SYR,2017-01-01,0.5824175824175822
1666,SYR,2018-01-01,0.6284454244762956
1667,SYR,2019-01-01,0.606060606060606
1668,SYR,2020-01-01,0.644808743169399
1669,SYR,2021-01-01,0.644808743169399
1670,TCD,2012-01-01,1.9081632653061225
1671,TCD,2013-01-01,1.8302658486707568
1672,TCD,2014-01-01,1.678986272439282
1673,TCD,2015-01-01,1.7691477885652644
1674,TCD,2016-01-01,1.4930182599355537
1675,TCD,2017-01-01,1.4725274725274722
1676,TCD,2018-01-01,1.4443219404630652
1677,TCD,2019-01-01,1.6017316017316017
1678,TCD,2020-01-01,1.639344262295082
1679,TCD,2021-01-01,1.639344262295082
1680,TGO,2012-01-01,2.8469387755102042
1681,TGO,2013-01-01,2.832310838445808
1682,TGO,2014-01-01,3.0939809926082362
1683,TGO,2015-01-01,3.085221143473571
1684,TGO,2016-01-01,3.404940923737917
1685,TGO,2017-01-01,2.8791208791208787
1686,TGO,2018-01-01,3.0099228224917307
1687,TGO,2019-01-01,3.106060606060606
1688,TGO,2020-01-01,3.1475409836065573
1689,TGO,2021-01-01,3.1475409836065573
1690,THA,2012-01-01,3.9591836734693877
1691,THA,2013-01-01,3.875255623721882
1692,THA,2014-01-01,3.8437170010559663
1693,THA,2015-01-01,3.7216828478964405
1694,THA,2016-01-01,3.995703544575726
1695,THA,2017-01-01,4.153846153846152
1696,THA,2018-01-01,4.321940463065049
1697,THA,2019-01-01,4.816017316017316
1698,THA,2020-01-01,4.994535519125684
1699,THA,2021-01-01,4.994535519125684
1700,TJK,2012-01-01,2.173469387755102
1701,TJK,2013-01-01,2.096114519427403
1702,TJK,2014-01-01,2.5026399155227033
1703,TJK,2015-01-01,2.2114347357065807
1704,TJK,2016-01-01,2.169709989258862
1705,TJK,2017-01-01,1.912087912087912
1706,TJK,2018-01-01,1.9845644983461965
1707,TJK,2019-01-01,2.1428571428571432
1708,TJK,2020-01-01,2.1420765027322406
1709,TJK,2021-01-01,2.1420765027322406
1710,TKM,2012-01-01,2.2142857142857144
1711,TKM,2013-01-01,2.1676891615541924
1712,TKM,2014-01-01,2.090813093980992
1713,TKM,2015-01-01,1.8446601941747578
1714,TKM,2016-01-01,1.7722878625134268
1715,TKM,2017-01-01,1.7692307692307692
1716,TKM,2018-01-01,1.9184123484013234
1717,TKM,2019-01-01,1.8831168831168827
1718,TKM,2020-01-01,1.890710382513661
1719,TKM,2021-01-01,1.890710382513661
1720,TLS,2012-01-01,3.5510204081632657
1721,TLS,2013-01-01,3.5276073619631902
1722,TLS,2014-01-01,3.8965153115100315
1723,TLS,2015-01-01,3.7540453074433664
1724,TLS,2016-01-01,3.952738990332976
1725,TLS,2017-01-01,4.01098901098901
1726,TLS,2018-01-01,4.310915104740904
1727,TLS,2019-01-01,4.448051948051948
1728,TLS,2020-01-01,4.4043715846994544
1729,TLS,2021-01-01,4.4043715846994544
1730,TON,2012-01-01,5.459183673469388
1731,TON,2013-01-01,5.582822085889571
1732,TON,2014-01-01,5.659978880675818
1733,TON,2015-01-01,5.4908306364617046
1734,TON,2016-01-01,5.778732545649841
1735,TON,2017-01-01,5.79120879120879
1736,TON,2018-01-01,6.07497243660419
1737,TON,2019-01-01,6.049783549783549
1738,TON,2020-01-01,6.010928961748634
1739,TON,2021-01-01,6.010928961748634
1740,TTO,2012-01-01,5.785714285714286
1741,TTO,2013-01-01,5.715746421267894
1742,TTO,2014-01-01,5.797254487856389
1743,TTO,2015-01-01,5.81445523193096
1744,TTO,2016-01-01,5.939849624060151
1745,TTO,2017-01-01,5.9120879120879115
1746,TTO,2018-01-01,5.97574421168688
1747,TTO,2019-01-01,6.0064935064935066
1748,TTO,2020-01-01,6.087431693989071
1749,TTO,2021-01-01,6.087431693989071
1750,TUN,2012-01-01,4.755102040816326
1751,TUN,2013-01-01,4.672801635991821
1752,TUN,2014-01-01,4.941921858500528
1753,TUN,2015-01-01,4.82200647249191
1754,TUN,2016-01-01,4.844253490870034
1755,TUN,2017-01-01,4.9120879120879115
1756,TUN,2018-01-01,5.325248070562294
1757,TUN,2019-01-01,5.411255411255411
1758,TUN,2020-01-01,5.66120218579235
1759,TUN,2021-01-01,5.66120218579235
1760,TUR,2012-01-01,4.76530612244898
1761,TUR,2013-01-01,4.672801635991821
1762,TUR,2014-01-01,4.635691657866948
1763,TUR,2015-01-01,4.325782092772384
1764,TUR,2016-01-01,3.9742212674543507
1765,TUR,2017-01-01,4.065934065934065
1766,TUR,2018-01-01,4.355016538037486
1767,TUR,2019-01-01,4.415584415584415
1768,TUR,2020-01-01,4.491803278688526
1769,TUR,2021-01-01,4.491803278688526
1770,TUV,2012-01-01,5.785714285714286
1771,TUV,2013-01-01,5.807770961145194
1772,TUV,2014-01-01,6.240760295670539
1773,TUV,2015-01-01,6.213592233009709
1774,TUV,2016-01-01,6.423200859291086
1775,TUV,2017-01-01,6.384615384615383
1776,TUV,2018-01-01,6.582138919514884
1777,TUV,2019-01-01,6.742424242424242
1778,TUV,2020-01-01,6.743169398907105
1779,TUV,2021-01-01,6.743169398907105
1780,TZA,2012-01-01,3.785714285714286
1781,TZA,2013-01-01,3.640081799591002
1782,TZA,2014-01-01,3.505807814149947
1783,TZA,2015-01-01,3.5490830636461705
1784,TZA,2016-01-01,3.716433941997853
1785,TZA,2017-01-01,3.5714285714285707
1786,TZA,2018-01-01,3.6383682469680267
1787,TZA,2019-01-01,3.7121212121212124
1788,TZA,2020-01-01,3.595628415300547
1789,TZA,2021-01-01,3.595628415300547
1790,UGA,2012-01-01,3.163265306122449
1791,UGA,2013-01-01,3.077709611451943
1792,UGA,2014-01-01,2.9144667370644135
1793,UGA,2015-01-01,2.8802588996763756
1794,UGA,2016-01-01,2.9538131041890447
1795,UGA,2017-01-01,2.9890109890109886
1796,UGA,2018-01-01,3.031973539140022
1797,UGA,2019-01-01,3.0844155844155843
1798,UGA,2020-01-01,3.1475409836065573
1799,UGA,2021-01-01,3.1475409836065573
1800,UKR,2012-01-01,4.040816326530612
1801,UKR,2013-01-01,3.7218813905930475
1802,UKR,2014-01-01,3.3474128827877503
1803,UKR,2015-01-01,3.365695792880259
1804,UKR,2016-01-01,3.673469387755103
1805,UKR,2017-01-01,3.747252747252747
1806,UKR,2018-01-01,3.8588754134509373
1807,UKR,2019-01-01,4.33982683982684
1808,UKR,2020-01-01,4.590163934426229
1809,UKR,2021-01-01,4.590163934426229
1810,URY,2012-01-01,7.408163265306123
1811,URY,2013-01-01,7.484662576687117
1812,URY,2014-01-01,7.814149947201689
1813,URY,2015-01-01,7.777777777777779
1814,URY,2016-01-01,7.798066595059078
1815,URY,2017-01-01,7.824175824175824
1816,URY,2018-01-01,8.169790518191842
1817,URY,2019-01-01,8.257575757575758
1818,URY,2020-01-01,8.437158469945356
1819,URY,2021-01-01,8.437158469945356
1820,USA,2012-01-01,8.36734693877551
1821,USA,2013-01-01,8.139059304703474
1822,USA,2014-01-01,8.257655755015838
1823,USA,2015-01-01,8.306364617044228
1824,USA,2016-01-01,8.410311493018263
1825,USA,2017-01-01,8.34065934065934
1826,USA,2018-01-01,8.434399117971335
1827,USA,2019-01-01,8.16017316017316
1828,USA,2020-01-01,7.912568306010931
1829,USA,2021-01-01,7.912568306010931
1830,UZB,2012-01-01,2.3469387755102042
1831,UZB,2013-01-01,2.4335378323108388
1832,UZB,2014-01-01,2.7877507919746565
1833,UZB,2015-01-01,2.6645091693635385
1834,UZB,2016-01-01,2.8893662728249203
1835,UZB,2017-01-01,2.89010989010989
1836,UZB,2018-01-01,3.274531422271224
1837,UZB,2019-01-01,3.647186147186147
1838,UZB,2020-01-01,3.6174863387978147
1839,UZB,2021-01-01,3.6174863387978147
1840,VCT,2012-01-01,7.122448979591836
1841,VCT,2013-01-01,7.0961145194274025
1842,VCT,2014-01-01,6.969376979936642
1843,VCT,2015-01-01,6.947141316073354
1844,VCT,2016-01-01,6.917293233082708
1845,VCT,2017-01-01,6.857142857142856
1846,VCT,2018-01-01,6.979051819184123
1847,VCT,2019-01-01,7.0995670995671
1848,VCT,2020-01-01,7.169398907103826
1849,VCT,2021-01-01,7.169398907103826
1850,VEN,2012-01-01,3.0510204081632653
1851,VEN,2013-01-01,2.975460122699387
1852,VEN,2014-01-01,2.9250263991552266
1853,VEN,2015-01-01,2.6645091693635385
1854,VEN,2016-01-01,2.588614393125672
1855,VEN,2017-01-01,2.3296703296703294
1856,VEN,2018-01-01,2.1719955898566705
1857,VEN,2019-01-01,2.088744588744589
1858,VEN,2020-01-01,1.989071038251366
1859,VEN,2021-01-01,1.989071038251366
1860,VNM,2012-01-01,4.051020408163265
1861,VNM,2013-01-01,4.100204498977505
1862,VNM,2014-01-01,4.076029567053855
1863,VNM,2015-01-01,4.077669902912621
1864,VNM,2016-01-01,4.511278195488722
1865,VNM,2017-01-01,4.439560439560439
1866,VNM,2018-01-01,4.707828004410144
1867,VNM,2019-01-01,4.686147186147186
1868,VNM,2020-01-01,4.688524590163935
1869,VNM,2021-01-01,4.688524590163935
1870,VUT,2012-01-01,5.704081632653061
1871,VUT,2013-01-01,5.664621676891616
1872,VUT,2014-01-01,5.70221752903907
1873,VUT,2015-01-01,5.2319309600862995
1874,VUT,2016-01-01,5.467239527389904
1875,VUT,2017-01-01,5.648351648351647
1876,VUT,2018-01-01,5.667034178610805
1877,VUT,2019-01-01,5.64935064935065
1878,VUT,2020-01-01,5.60655737704918
1879,VUT,2021-01-01,5.60655737704918
1880,WSM,2012-01-01,5.704081632653061
1881,WSM,2013-01-01,5.746421267893661
1882,WSM,2014-01-01,6.209081309398099
1883,WSM,2015-01-01,6.22437971952535
1884,WSM,2016-01-01,6.380236305048336
1885,WSM,2017-01-01,6.615384615384614
1886,WSM,2018-01-01,6.714443219404631
1887,WSM,2019-01-01,6.872294372294372
1888,WSM,2020-01-01,6.775956284153006
1889,WSM,2021-01-01,6.775956284153006
1890,YEM,2012-01-01,1.683673469387755
1891,YEM,2013-01-01,1.7484662576687118
1892,YEM,2014-01-01,1.4149947201689548
1893,YEM,2015-01-01,1.1974110032362462
1894,YEM,2016-01-01,0.7733619763694953
1895,YEM,2017-01-01,0.6153846153846153
1896,YEM,2018-01-01,0.595369349503859
1897,YEM,2019-01-01,0.6926406926406927
1898,YEM,2020-01-01,0.7322404371584699
1899,YEM,2021-01-01,0.7322404371584699
1900,ZAF,2012-01-01,5.551020408163265
1901,ZAF,2013-01-01,5.65439672801636
1902,ZAF,2014-01-01,5.7127771911298835
1903,ZAF,2015-01-01,5.652642934196333
1904,ZAF,2016-01-01,5.800214822771214
1905,ZAF,2017-01-01,5.549450549450548
1906,ZAF,2018-01-01,5.788313120176406
1907,ZAF,2019-01-01,5.974025974025974
1908,ZAF,2020-01-01,6.0
1909,ZAF,2021-01-01,6.0
1910,ZMB,2012-01-01,4.418367346938775
1911,ZMB,2013-01-01,4.325153374233128
1912,ZMB,2014-01-01,4.202745512143611
1913,ZMB,2015-01-01,4.131607335490831
1914,ZMB,2016-01-01,3.9742212674543507
1915,ZMB,2017-01-01,3.8131868131868125
1916,ZMB,2018-01-01,3.8588754134509373
1917,ZMB,2019-01-01,3.8095238095238098
1918,ZMB,2020-01-01,3.6721311475409837
1919,ZMB,2021-01-01,3.6721311475409837
1920,ZWE,2012-01-01,2.0714285714285716
1921,ZWE,2013-01-01,2.188139059304704
1922,ZWE,2014-01-01,2.259767687434002
1923,ZWE,2015-01-01,2.4163969795037756
1924,ZWE,2016-01-01,2.4274973147153607
1925,ZWE,2017-01-01,2.2747252747252746
1926,ZWE,2018-01-01,2.4807056229327453
1927,ZWE,2019-01-01,2.391774891774892
1928,ZWE,2020-01-01,2.404371584699454
1929,ZWE,2021-01-01,2.404371584699454
