"iso3","year","gov_score"
AFG,2012-01-01 00:00:00.000,1.2244897959183674
AFG,2013-01-01 00:00:00.000,1.1349693251533741
AFG,2014-01-01 00:00:00.000,1.2777191129883843
AFG,2015-01-01 00:00:00.000,1.0787486515641858
AFG,2016-01-01 00:00:00.000,1.0418904403866813
AFG,2017-01-01 00:00:00.000,0.9120879120879118
AFG,2018-01-01 00:00:00.000,1.0584343991179714
AFG,2019-01-01 00:00:00.000,1.1688311688311688
AFG,2020-01-01 00:00:00.000,0.9945355191256833
AFG,2021-01-01 00:00:00.000,0.9945355191256833
AGO,2012-01-01 00:00:00.000,2.5816326530612246
AGO,2013-01-01 00:00:00.000,2.597137014314929
AGO,2014-01-01 00:00:00.000,2.734952481520591
AGO,2015-01-01 00:00:00.000,2.5242718446601944
AGO,2016-01-01 00:00:00.000,2.642320085929109
AGO,2017-01-01 00:00:00.000,2.582417582417582
AGO,2018-01-01 00:00:00.000,3.0429988974641677
AGO,2019-01-01 00:00:00.000,3.246753246753247
AGO,2020-01-01 00:00:00.000,3.3333333333333335
AGO,2021-01-01 00:00:00.000,3.3333333333333335
ALB,2012-01-01 00:00:00.000,4.775510204081633
ALB,2013-01-01 00:00:00.000,4.918200408997955
ALB,2014-01-01 00:00:00.000,5.385427666314678
ALB,2015-01-01 00:00:00.000,5.285868392664509
ALB,2016-01-01 00:00:00.000,5.402792696025779
ALB,2017-01-01 00:00:00.000,5.373626373626372
ALB,2018-01-01 00:00:00.000,5.490628445424477
ALB,2019-01-01 00:00:00.000,5.3896103896103895
ALB,2020-01-01 00:00:00.000,5.420765027322405
ALB,2021-01-01 00:00:00.000,5.420765027322405
AND,2012-01-01 00:00:00.000,8.816326530612244
AND,2013-01-01 00:00:00.000,8.78323108384458
AND,2014-01-01 00:00:00.000,8.880675818373811
AND,2015-01-01 00:00:00.000,8.878101402373249
AND,2016-01-01 00:00:00.000,8.925886143931258
AND,2017-01-01 00:00:00.000,8.967032967032965
AND,2018-01-01 00:00:00.000,9.007717750826904
AND,2019-01-01 00:00:00.000,9.112554112554111
AND,2020-01-01 00:00:00.000,9.158469945355192
AND,2021-01-01 00:00:00.000,9.158469945355192
ARE,2012-01-01 00:00:00.000,6.948979591836735
ARE,2013-01-01 00:00:00.000,7.065439672801636
ARE,2014-01-01 00:00:00.000,7.043294614572334
ARE,2015-01-01 00:00:00.000,6.828478964401295
ARE,2016-01-01 00:00:00.000,6.906552094522021
ARE,2017-01-01 00:00:00.000,6.9120879120879115
ARE,2018-01-01 00:00:00.000,7.144432194046308
ARE,2019-01-01 00:00:00.000,7.132034632034631
ARE,2020-01-01 00:00:00.000,7.081967213114755
ARE,2021-01-01 00:00:00.000,7.081967213114755
ARG,2012-01-01 00:00:00.000,5.244897959183674
ARG,2013-01-01 00:00:00.000,5.23517382413088
ARG,2014-01-01 00:00:00.000,5.216473072861668
ARG,2015-01-01 00:00:00.000,5.253505933117584
ARG,2016-01-01 00:00:00.000,5.800214822771214
ARG,2017-01-01 00:00:00.000,5.879120879120878
ARG,2018-01-01 00:00:00.000,6.097023153252481
ARG,2019-01-01 00:00:00.000,6.017316017316017
ARG,2020-01-01 00:00:00.000,6.142076502732241
ARG,2021-01-01 00:00:00.000,6.142076502732241
ARM,2012-01-01 00:00:00.000,4.479591836734694
ARM,2013-01-01 00:00:00.000,4.550102249488753
ARM,2014-01-01 00:00:00.000,4.614572333685322
ARM,2015-01-01 00:00:00.000,4.606256742179072
ARM,2016-01-01 00:00:00.000,4.618689581095597
ARM,2017-01-01 00:00:00.000,4.549450549450548
ARM,2018-01-01 00:00:00.000,5.181918412348402
ARM,2019-01-01 00:00:00.000,5.367965367965367
ARM,2020-01-01 00:00:00.000,5.60655737704918
ARM,2021-01-01 00:00:00.000,5.60655737704918
ATG,2012-01-01 00:00:00.000,7.520408163265306
ATG,2013-01-01 00:00:00.000,7.505112474437628
ATG,2014-01-01 00:00:00.000,6.842661034846885
ATG,2015-01-01 00:00:00.000,7.206040992448759
ATG,2016-01-01 00:00:00.000,7.196562835660581
ATG,2017-01-01 00:00:00.000,6.79120879120879
ATG,2018-01-01 00:00:00.000,6.923925027563396
ATG,2019-01-01 00:00:00.000,7.077922077922078
ATG,2020-01-01 00:00:00.000,7.060109289617486
ATG,2021-01-01 00:00:00.000,7.060109289617486
AUS,2012-01-01 00:00:00.000,9.163265306122447
AUS,2013-01-01 00:00:00.000,9.08997955010225
AUS,2014-01-01 00:00:00.000,9.271383315733896
AUS,2015-01-01 00:00:00.000,9.12621359223301
AUS,2016-01-01 00:00:00.000,9.172932330827068
AUS,2017-01-01 00:00:00.000,9.065934065934064
AUS,2018-01-01 00:00:00.000,9.272326350606397
AUS,2019-01-01 00:00:00.000,9.188311688311687
AUS,2020-01-01 00:00:00.000,9.016393442622952
AUS,2021-01-01 00:00:00.000,9.016393442622952
AUT,2012-01-01 00:00:00.000,9.081632653061225
AUT,2013-01-01 00:00:00.000,9.110429447852761
AUT,2014-01-01 00:00:00.000,9.15522703273495
AUT,2015-01-01 00:00:00.000,9.0722761596548
AUT,2016-01-01 00:00:00.000,8.925886143931258
AUT,2017-01-01 00:00:00.000,9.10989010989011
AUT,2018-01-01 00:00:00.000,9.217199558985667
AUT,2019-01-01 00:00:00.000,9.155844155844155
AUT,2020-01-01 00:00:00.000,9.016393442622952
AUT,2021-01-01 00:00:00.000,9.016393442622952
AZE,2012-01-01 00:00:00.000,3.5816326530612246
AZE,2013-01-01 00:00:00.000,4.141104294478528
AZE,2014-01-01 00:00:00.000,4.033790918690602
AZE,2015-01-01 00:00:00.000,3.8619201725997847
AZE,2016-01-01 00:00:00.000,3.963480128893664
AZE,2017-01-01 00:00:00.000,3.8681318681318673
AZE,2018-01-01 00:00:00.000,4.046306504961411
AZE,2019-01-01 00:00:00.000,4.08008658008658
AZE,2020-01-01 00:00:00.000,3.9453551912568314
AZE,2021-01-01 00:00:00.000,3.9453551912568314
BDI,2012-01-01 00:00:00.000,1.9081632653061225
BDI,2013-01-01 00:00:00.000,2.014314928425358
BDI,2014-01-01 00:00:00.000,2.3020063357972544
BDI,2015-01-01 00:00:00.000,1.3700107874865157
BDI,2016-01-01 00:00:00.000,1.0633727175080558
BDI,2017-01-01 00:00:00.000,0.934065934065934
BDI,2018-01-01 00:00:00.000,1.0804851157662625
BDI,2019-01-01 00:00:00.000,1.1363636363636362
BDI,2020-01-01 00:00:00.000,1.4098360655737705
BDI,2021-01-01 00:00:00.000,1.4098360655737705
BEL,2012-01-01 00:00:00.000,8.724489795918366
BEL,2013-01-01 00:00:00.000,8.752556237218814
BEL,2014-01-01 00:00:00.000,8.77507919746568
BEL,2015-01-01 00:00:00.000,8.651564185544768
BEL,2016-01-01 00:00:00.000,8.614393125671322
BEL,2017-01-01 00:00:00.000,8.494505494505495
BEL,2018-01-01 00:00:00.000,8.621830209481809
BEL,2019-01-01 00:00:00.000,8.67965367965368
BEL,2020-01-01 00:00:00.000,8.677595628415302
BEL,2021-01-01 00:00:00.000,8.677595628415302
BEN,2012-01-01 00:00:00.000,4.020408163265306
BEN,2013-01-01 00:00:00.000,4.028629856850715
BEN,2014-01-01 00:00:00.000,4.044350580781415
BEN,2015-01-01 00:00:00.000,4.045307443365696
BEN,2016-01-01 00:00:00.000,4.189044038668099
BEN,2017-01-01 00:00:00.000,4.153846153846152
BEN,2018-01-01 00:00:00.000,4.167585446527012
BEN,2019-01-01 00:00:00.000,4.06926406926407
BEN,2020-01-01 00:00:00.000,4.142076502732241
BEN,2021-01-01 00:00:00.000,4.142076502732241
BFA,2012-01-01 00:00:00.000,3.6020408163265305
BFA,2013-01-01 00:00:00.000,3.4355828220858897
BFA,2014-01-01 00:00:00.000,3.37909186906019
BFA,2015-01-01 00:00:00.000,3.6138079827400214
BFA,2016-01-01 00:00:00.000,3.7701396348012906
BFA,2017-01-01 00:00:00.000,3.8241758241758235
BFA,2018-01-01 00:00:00.000,3.7816979051819186
BFA,2019-01-01 00:00:00.000,3.5822510822510822
BFA,2020-01-01 00:00:00.000,3.573770491803279
BFA,2021-01-01 00:00:00.000,3.573770491803279
BGD,2012-01-01 00:00:00.000,2.7755102040816326
BGD,2013-01-01 00:00:00.000,2.6278118609406955
BGD,2014-01-01 00:00:00.000,3.062302006335797
BGD,2015-01-01 00:00:00.000,2.8155339805825244
BGD,2016-01-01 00:00:00.000,2.8893662728249203
BGD,2017-01-01 00:00:00.000,2.824175824175824
BGD,2018-01-01 00:00:00.000,2.9988974641675856
BGD,2019-01-01 00:00:00.000,3.0411255411255413
BGD,2020-01-01 00:00:00.000,3.081967213114754
BGD,2021-01-01 00:00:00.000,3.081967213114754
BGR,2012-01-01 00:00:00.000,5.704081632653061
BGR,2013-01-01 00:00:00.000,5.511247443762781
BGR,2014-01-01 00:00:00.000,5.586061246040126
BGR,2015-01-01 00:00:00.000,5.46925566343042
BGR,2016-01-01 00:00:00.000,5.617615467239529
BGR,2017-01-01 00:00:00.000,5.802197802197801
BGR,2018-01-01 00:00:00.000,5.964718853362735
BGR,2019-01-01 00:00:00.000,6.136363636363636
BGR,2020-01-01 00:00:00.000,5.945355191256832
BGR,2021-01-01 00:00:00.000,5.945355191256832
BHR,2012-01-01 00:00:00.000,5.36734693877551
BHR,2013-01-01 00:00:00.000,5.306748466257669
BHR,2014-01-01 00:00:00.000,5.4699049630411825
BHR,2015-01-01 00:00:00.000,5.296655879180151
BHR,2016-01-01 00:00:00.000,5.413533834586467
BHR,2017-01-01 00:00:00.000,5.153846153846152
BHR,2018-01-01 00:00:00.000,5.325248070562294
BHR,2019-01-01 00:00:00.000,5.5519480519480515
BHR,2020-01-01 00:00:00.000,5.486338797814209
BHR,2021-01-01 00:00:00.000,5.486338797814209
BHS,2012-01-01 00:00:00.000,7.938775510204081
BHS,2013-01-01 00:00:00.000,7.883435582822086
BHS,2014-01-01 00:00:00.000,8.035902851108764
BHS,2015-01-01 00:00:00.000,7.766990291262136
BHS,2016-01-01 00:00:00.000,7.615467239527392
BHS,2017-01-01 00:00:00.000,7.593406593406592
BHS,2018-01-01 00:00:00.000,7.585446527012129
BHS,2019-01-01 00:00:00.000,7.673160173160172
BHS,2020-01-01 00:00:00.000,7.6830601092896185
BHS,2021-01-01 00:00:00.000,7.6830601092896185
BIH,2012-01-01 00:00:00.000,4.795918367346938
BIH,2013-01-01 00:00:00.000,4.928425357873211
BIH,2014-01-01 00:00:00.000,5.110876451953538
BIH,2015-01-01 00:00:00.000,4.757281553398059
BIH,2016-01-01 00:00:00.000,4.919441460794845
BIH,2017-01-01 00:00:00.000,4.890109890109889
BIH,2018-01-01 00:00:00.000,5.016538037486217
BIH,2019-01-01 00:00:00.000,4.9891774891774885
BIH,2020-01-01 00:00:00.000,4.918032786885247
BIH,2021-01-01 00:00:00.000,4.918032786885247
BLR,2012-01-01 00:00:00.000,3.928571428571429
BLR,2013-01-01 00:00:00.000,4.049079754601228
BLR,2014-01-01 00:00:00.000,4.371700105596621
BLR,2015-01-01 00:00:00.000,4.239482200647249
BLR,2016-01-01 00:00:00.000,4.597207303974222
BLR,2017-01-01 00:00:00.000,4.428571428571427
BLR,2018-01-01 00:00:00.000,4.862183020948182
BLR,2019-01-01 00:00:00.000,5.021645021645021
BLR,2020-01-01 00:00:00.000,4.316939890710383
BLR,2021-01-01 00:00:00.000,4.316939890710383
BLZ,2012-01-01 00:00:00.000,5.214285714285714
BLZ,2013-01-01 00:00:00.000,5.245398773006135
BLZ,2014-01-01 00:00:00.000,5.01583949313622
BLZ,2015-01-01 00:00:00.000,4.983818770226538
BLZ,2016-01-01 00:00:00.000,4.98388829215897
BLZ,2017-01-01 00:00:00.000,4.901098901098901
BLZ,2018-01-01 00:00:00.000,5.082690187431092
BLZ,2019-01-01 00:00:00.000,5.183982683982683
BLZ,2020-01-01 00:00:00.000,5.398907103825138
BLZ,2021-01-01 00:00:00.000,5.398907103825138
BOL,2012-01-01 00:00:00.000,4.040816326530612
BOL,2013-01-01 00:00:00.000,4.151329243353783
BOL,2014-01-01 00:00:00.000,4.076029567053855
BOL,2015-01-01 00:00:00.000,3.9590075512405614
BOL,2016-01-01 00:00:00.000,3.9742212674543507
BOL,2017-01-01 00:00:00.000,3.9780219780219785
BOL,2018-01-01 00:00:00.000,4.12348401323043
BOL,2019-01-01 00:00:00.000,3.906926406926407
BOL,2020-01-01 00:00:00.000,4.295081967213115
BOL,2021-01-01 00:00:00.000,4.295081967213115
BRA,2012-01-01 00:00:00.000,5.642857142857142
BRA,2013-01-01 00:00:00.000,5.439672801635992
BRA,2014-01-01 00:00:00.000,5.533262935586061
BRA,2015-01-01 00:00:00.000,5.285868392664509
BRA,2016-01-01 00:00:00.000,5.3383458646616555
BRA,2017-01-01 00:00:00.000,5.252747252747252
BRA,2018-01-01 00:00:00.000,5.435501653803749
BRA,2019-01-01 00:00:00.000,5.411255411255411
BRA,2020-01-01 00:00:00.000,5.672131147540984
BRA,2021-01-01 00:00:00.000,5.672131147540984
BRB,2012-01-01 00:00:00.000,8.387755102040815
BRB,2013-01-01 00:00:00.000,8.38445807770961
BRB,2014-01-01 00:00:00.000,8.321013727560718
BRB,2015-01-01 00:00:00.000,8.349514563106796
BRB,2016-01-01 00:00:00.000,8.077336197636951
BRB,2017-01-01 00:00:00.000,8.131868131868131
BRB,2018-01-01 00:00:00.000,8.070562293274532
BRB,2019-01-01 00:00:00.000,7.9978354978354975
BRB,2020-01-01 00:00:00.000,8.010928961748634
BRB,2021-01-01 00:00:00.000,8.010928961748634
BRN,2012-01-01 00:00:00.000,6.5
BRN,2013-01-01 00:00:00.000,6.584867075664621
BRN,2014-01-01 00:00:00.000,6.62090813093981
BRN,2015-01-01 00:00:00.000,6.4509169363538295
BRN,2016-01-01 00:00:00.000,6.809881847475834
BRN,2017-01-01 00:00:00.000,6.956043956043955
BRN,2018-01-01 00:00:00.000,7.18853362734289
BRN,2019-01-01 00:00:00.000,7.067099567099567
BRN,2020-01-01 00:00:00.000,7.453551912568306
BRN,2021-01-01 00:00:00.000,7.453551912568306
BTN,2012-01-01 00:00:00.000,5.551020408163265
BTN,2013-01-01 00:00:00.000,5.715746421267894
BTN,2014-01-01 00:00:00.000,6.325237592397043
BTN,2015-01-01 00:00:00.000,6.321467098166127
BTN,2016-01-01 00:00:00.000,6.48764769065521
BTN,2017-01-01 00:00:00.000,6.835164835164834
BTN,2018-01-01 00:00:00.000,7.045203969128998
BTN,2019-01-01 00:00:00.000,7.175324675324674
BTN,2020-01-01 00:00:00.000,7.136612021857925
BTN,2021-01-01 00:00:00.000,7.136612021857925
BWA,2012-01-01 00:00:00.000,6.326530612244897
BWA,2013-01-01 00:00:00.000,6.523517382413088
BWA,2014-01-01 00:00:00.000,6.62090813093981
BWA,2015-01-01 00:00:00.000,6.504854368932039
BWA,2016-01-01 00:00:00.000,6.5198711063372725
BWA,2017-01-01 00:00:00.000,6.428571428571427
BWA,2018-01-01 00:00:00.000,6.868798235942668
BWA,2019-01-01 00:00:00.000,7.034632034632034
BWA,2020-01-01 00:00:00.000,6.972677595628415
BWA,2021-01-01 00:00:00.000,6.972677595628415
CAF,2012-01-01 00:00:00.000,1.7551020408163265
CAF,2013-01-01 00:00:00.000,1.2065439672801637
CAF,2014-01-01 00:00:00.000,0.8870116156283
CAF,2015-01-01 00:00:00.000,1.1542610571736787
CAF,2016-01-01 00:00:00.000,1.2459720730397423
CAF,2017-01-01 00:00:00.000,1.1208791208791204
CAF,2018-01-01 00:00:00.000,1.1025358324145536
CAF,2019-01-01 00:00:00.000,1.1796536796536796
CAF,2020-01-01 00:00:00.000,1.1366120218579234
CAF,2021-01-01 00:00:00.000,1.1366120218579234
CAN,2012-01-01 00:00:00.000,9.23469387755102
CAN,2013-01-01 00:00:00.000,9.212678936605316
CAN,2014-01-01 00:00:00.000,9.408658922914466
CAN,2015-01-01 00:00:00.000,9.503775620280475
CAN,2016-01-01 00:00:00.000,9.559613319011818
CAN,2017-01-01 00:00:00.000,9.483516483516484
CAN,2018-01-01 00:00:00.000,9.514884233737597
CAN,2019-01-01 00:00:00.000,9.49134199134199
CAN,2020-01-01 00:00:00.000,9.366120218579235
CAN,2021-01-01 00:00:00.000,9.366120218579235
CHE,2012-01-01 00:00:00.000,9.673469387755102
CHE,2013-01-01 00:00:00.000,9.621676891615541
CHE,2014-01-01 00:00:00.000,9.820485744456176
CHE,2015-01-01 00:00:00.000,9.719525350593312
CHE,2016-01-01 00:00:00.000,9.645542427497318
CHE,2017-01-01 00:00:00.000,9.637362637362637
CHE,2018-01-01 00:00:00.000,9.867695700110255
CHE,2019-01-01 00:00:00.000,9.794372294372295
CHE,2020-01-01 00:00:00.000,9.726775956284154
CHE,2021-01-01 00:00:00.000,9.726775956284154
CHL,2012-01-01 00:00:00.000,7.73469387755102
CHL,2013-01-01 00:00:00.000,7.750511247443764
CHL,2014-01-01 00:00:00.000,7.8986272439281935
CHL,2015-01-01 00:00:00.000,7.982740021574973
CHL,2016-01-01 00:00:00.000,7.948442534908702
CHL,2017-01-01 00:00:00.000,7.89010989010989
CHL,2018-01-01 00:00:00.000,8.00441014332966
CHL,2019-01-01 00:00:00.000,7.803030303030303
CHL,2020-01-01 00:00:00.000,7.879781420765028
CHL,2021-01-01 00:00:00.000,7.879781420765028
CHN,2012-01-01 00:00:00.000,3.7244897959183674
CHN,2013-01-01 00:00:00.000,3.7934560327198366
CHN,2014-01-01 00:00:00.000,3.8648363252375924
CHN,2015-01-01 00:00:00.000,3.7756202804746497
CHN,2016-01-01 00:00:00.000,3.963480128893664
CHN,2017-01-01 00:00:00.000,4.087912087912087
CHN,2018-01-01 00:00:00.000,4.321940463065049
CHN,2019-01-01 00:00:00.000,4.3181818181818175
CHN,2020-01-01 00:00:00.000,4.622950819672132
CHN,2021-01-01 00:00:00.000,4.622950819672132
CIV,2012-01-01 00:00:00.000,2.561224489795918
CIV,2013-01-01 00:00:00.000,2.7914110429447856
CIV,2014-01-01 00:00:00.000,3.2629355860612455
CIV,2015-01-01 00:00:00.000,3.3980582524271847
CIV,2016-01-01 00:00:00.000,3.555316863587541
CIV,2017-01-01 00:00:00.000,3.6043956043956045
CIV,2018-01-01 00:00:00.000,3.9250275633958105
CIV,2019-01-01 00:00:00.000,3.831168831168832
CIV,2020-01-01 00:00:00.000,3.683060109289618
CIV,2021-01-01 00:00:00.000,3.683060109289618
CMR,2012-01-01 00:00:00.000,2.622448979591837
CMR,2013-01-01 00:00:00.000,2.6584867075664627
CMR,2014-01-01 00:00:00.000,2.6187961985216472
CMR,2015-01-01 00:00:00.000,2.545846817691478
CMR,2016-01-01 00:00:00.000,2.459720730397423
CMR,2017-01-01 00:00:00.000,2.3516483516483513
CMR,2018-01-01 00:00:00.000,2.4035281146637266
CMR,2019-01-01 00:00:00.000,2.326839826839827
CMR,2020-01-01 00:00:00.000,2.4480874316939896
CMR,2021-01-01 00:00:00.000,2.4480874316939896
COD,2012-01-01 00:00:00.000,1.2346938775510203
COD,2013-01-01 00:00:00.000,1.1758691206543967
COD,2014-01-01 00:00:00.000,1.2671594508975712
COD,2015-01-01 00:00:00.000,1.0787486515641858
COD,2016-01-01 00:00:00.000,0.9774436090225566
COD,2017-01-01 00:00:00.000,0.7692307692307693
COD,2018-01-01 00:00:00.000,0.9151047409040793
COD,2019-01-01 00:00:00.000,1.2878787878787878
COD,2020-01-01 00:00:00.000,1.2459016393442623
COD,2021-01-01 00:00:00.000,1.2459016393442623
COG,2012-01-01 00:00:00.000,2.5510204081632657
COG,2013-01-01 00:00:00.000,2.5766871165644174
COG,2014-01-01 00:00:00.000,2.5765575501583946
COG,2015-01-01 00:00:00.000,2.3840345199568502
COG,2016-01-01 00:00:00.000,2.3308270676691736
COG,2017-01-01 00:00:00.000,2.1538461538461533
COG,2018-01-01 00:00:00.000,2.282249173098126
COG,2019-01-01 00:00:00.000,1.9480519480519478
COG,2020-01-01 00:00:00.000,1.9344262295081966
COG,2021-01-01 00:00:00.000,1.9344262295081966
COL,2012-01-01 00:00:00.000,4.377551020408163
COL,2013-01-01 00:00:00.000,4.376278118609408
COL,2014-01-01 00:00:00.000,4.561774023231257
COL,2015-01-01 00:00:00.000,4.627831715210356
COL,2016-01-01 00:00:00.000,4.8120300751879705
COL,2017-01-01 00:00:00.000,4.813186813186812
COL,2018-01-01 00:00:00.000,4.994487320837928
COL,2019-01-01 00:00:00.000,4.9891774891774885
COL,2020-01-01 00:00:00.000,5.158469945355192
COL,2021-01-01 00:00:00.000,5.158469945355192
COM,2012-01-01 00:00:00.000,3.2040816326530615
COM,2013-01-01 00:00:00.000,3.312883435582822
COM,2014-01-01 00:00:00.000,3.495248152059134
COM,2015-01-01 00:00:00.000,3.3117583603020497
COM,2016-01-01 00:00:00.000,3.404940923737917
COM,2017-01-01 00:00:00.000,3.2417582417582413
COM,2018-01-01 00:00:00.000,2.9878721058434397
COM,2019-01-01 00:00:00.000,2.878787878787879
COM,2020-01-01 00:00:00.000,2.6120218579234975
COM,2021-01-01 00:00:00.000,2.6120218579234975
CPV,2012-01-01 00:00:00.000,6.6938775510204085
CPV,2013-01-01 00:00:00.000,6.666666666666667
CPV,2014-01-01 00:00:00.000,6.684266103484688
CPV,2015-01-01 00:00:00.000,6.871628910463862
CPV,2016-01-01 00:00:00.000,6.917293233082708
CPV,2017-01-01 00:00:00.000,6.956043956043955
CPV,2018-01-01 00:00:00.000,7.133406835722161
CPV,2019-01-01 00:00:00.000,7.2727272727272725
CPV,2020-01-01 00:00:00.000,7.256830601092897
CPV,2021-01-01 00:00:00.000,7.256830601092897
CRI,2012-01-01 00:00:00.000,6.826530612244897
CRI,2013-01-01 00:00:00.000,6.779141104294479
CRI,2014-01-01 00:00:00.000,7.043294614572334
CRI,2015-01-01 00:00:00.000,7.119741100323624
CRI,2016-01-01 00:00:00.000,7.218045112781956
CRI,2017-01-01 00:00:00.000,7.142857142857142
CRI,2018-01-01 00:00:00.000,7.2546857772877615
CRI,2019-01-01 00:00:00.000,7.510822510822511
CRI,2020-01-01 00:00:00.000,7.6830601092896185
CRI,2021-01-01 00:00:00.000,7.6830601092896185
CUB,2012-01-01 00:00:00.000,4.010204081632653
CUB,2013-01-01 00:00:00.000,4.100204498977505
CUB,2014-01-01 00:00:00.000,4.139387539598733
CUB,2015-01-01 00:00:00.000,4.163969795037756
CUB,2016-01-01 00:00:00.000,4.479054779806661
CUB,2017-01-01 00:00:00.000,4.747252747252746
CUB,2018-01-01 00:00:00.000,4.972436604189635
CUB,2019-01-01 00:00:00.000,5.086580086580086
CUB,2020-01-01 00:00:00.000,5.12568306010929
CUB,2021-01-01 00:00:00.000,5.12568306010929
CYP,2012-01-01 00:00:00.000,7.673469387755102
CYP,2013-01-01 00:00:00.000,7.627811860940696
CYP,2014-01-01 00:00:00.000,7.729672650475185
CYP,2015-01-01 00:00:00.000,7.659115426105718
CYP,2016-01-01 00:00:00.000,7.5295381310418925
CYP,2017-01-01 00:00:00.000,7.637362637362636
CYP,2018-01-01 00:00:00.000,7.629547960308711
CYP,2019-01-01 00:00:00.000,7.705627705627705
CYP,2020-01-01 00:00:00.000,7.344262295081968
CYP,2021-01-01 00:00:00.000,7.344262295081968
CZE,2012-01-01 00:00:00.000,7.6020408163265305
CZE,2013-01-01 00:00:00.000,7.586912065439673
CZE,2014-01-01 00:00:00.000,7.750791974656811
CZE,2015-01-01 00:00:00.000,7.73462783171521
CZE,2016-01-01 00:00:00.000,7.7336197636949535
CZE,2017-01-01 00:00:00.000,7.7362637362637345
CZE,2018-01-01 00:00:00.000,7.794928335170894
CZE,2019-01-01 00:00:00.000,7.770562770562771
CZE,2020-01-01 00:00:00.000,7.836065573770492
CZE,2021-01-01 00:00:00.000,7.836065573770492
DEU,2012-01-01 00:00:00.000,8.948979591836734
DEU,2013-01-01 00:00:00.000,8.997955010224949
DEU,2014-01-01 00:00:00.000,9.250263991552268
DEU,2015-01-01 00:00:00.000,9.093851132686083
DEU,2016-01-01 00:00:00.000,8.893662728249195
DEU,2017-01-01 00:00:00.000,8.890109890109889
DEU,2018-01-01 00:00:00.000,9.128996692392503
DEU,2019-01-01 00:00:00.000,9.058441558441558
DEU,2020-01-01 00:00:00.000,9.027322404371587
DEU,2021-01-01 00:00:00.000,9.027322404371587
DJI,2012-01-01 00:00:00.000,3.3367346938775513
DJI,2013-01-01 00:00:00.000,3.179959100204499
DJI,2014-01-01 00:00:00.000,2.829989440337909
DJI,2015-01-01 00:00:00.000,2.912621359223301
DJI,2016-01-01 00:00:00.000,2.9967776584317947
DJI,2017-01-01 00:00:00.000,3.4065934065934065
DJI,2018-01-01 00:00:00.000,3.8257993384785
DJI,2019-01-01 00:00:00.000,3.647186147186147
DJI,2020-01-01 00:00:00.000,3.6612021857923502
DJI,2021-01-01 00:00:00.000,3.6612021857923502
DMA,2012-01-01 00:00:00.000,7.051020408163265
DMA,2013-01-01 00:00:00.000,7.106339468302659
DMA,2014-01-01 00:00:00.000,7.23336853220697
DMA,2015-01-01 00:00:00.000,7.292340884573894
DMA,2016-01-01 00:00:00.000,7.2932330827067675
DMA,2017-01-01 00:00:00.000,7.384615384615384
DMA,2018-01-01 00:00:00.000,7.364939360529219
DMA,2019-01-01 00:00:00.000,7.402597402597402
DMA,2020-01-01 00:00:00.000,7.551912568306012
DMA,2021-01-01 00:00:00.000,7.551912568306012
DNK,2012-01-01 00:00:00.000,9.755102040816325
DNK,2013-01-01 00:00:00.000,9.795501022494888
DNK,2014-01-01 00:00:00.000,9.873284054910242
DNK,2015-01-01 00:00:00.000,9.795037756202806
DNK,2016-01-01 00:00:00.000,9.731471535982815
DNK,2017-01-01 00:00:00.000,9.68131868131868
DNK,2018-01-01 00:00:00.000,9.834619625137819
DNK,2019-01-01 00:00:00.000,9.848484848484848
DNK,2020-01-01 00:00:00.000,9.759562841530057
DNK,2021-01-01 00:00:00.000,9.759562841530057
DOM,2012-01-01 00:00:00.000,4.724489795918368
DOM,2013-01-01 00:00:00.000,4.785276073619632
DOM,2014-01-01 00:00:00.000,4.963041182682154
DOM,2015-01-01 00:00:00.000,4.897518878101403
DOM,2016-01-01 00:00:00.000,5.241675617615469
DOM,2017-01-01 00:00:00.000,5.175824175824175
DOM,2018-01-01 00:00:00.000,5.358324145534731
DOM,2019-01-01 00:00:00.000,5.411255411255411
DOM,2020-01-01 00:00:00.000,5.617486338797814
DOM,2021-01-01 00:00:00.000,5.617486338797814
DZA,2012-01-01 00:00:00.000,3.0714285714285716
DZA,2013-01-01 00:00:00.000,3.2208588957055215
DZA,2014-01-01 00:00:00.000,3.2629355860612455
DZA,2015-01-01 00:00:00.000,3.279395900755124
DZA,2016-01-01 00:00:00.000,3.361976369495167
DZA,2017-01-01 00:00:00.000,3.472527472527472
DZA,2018-01-01 00:00:00.000,3.6163175303197357
DZA,2019-01-01 00:00:00.000,3.668831168831169
DZA,2020-01-01 00:00:00.000,3.825136612021858
DZA,2021-01-01 00:00:00.000,3.825136612021858
ECU,2012-01-01 00:00:00.000,3.8979591836734695
ECU,2013-01-01 00:00:00.000,4.243353783231084
ECU,2014-01-01 00:00:00.000,4.308342133051742
ECU,2015-01-01 00:00:00.000,4.228694714131608
ECU,2016-01-01 00:00:00.000,4.479054779806661
ECU,2017-01-01 00:00:00.000,4.483516483516483
ECU,2018-01-01 00:00:00.000,4.829106945975743
ECU,2019-01-01 00:00:00.000,4.956709956709956
ECU,2020-01-01 00:00:00.000,4.907103825136613
ECU,2021-01-01 00:00:00.000,4.907103825136613
EGY,2012-01-01 00:00:00.000,3.3571428571428577
EGY,2013-01-01 00:00:00.000,3.016359918200409
EGY,2014-01-01 00:00:00.000,2.9778247096092922
EGY,2015-01-01 00:00:00.000,3.0204962243797198
EGY,2016-01-01 00:00:00.000,3.147153598281419
EGY,2017-01-01 00:00:00.000,3.1648351648351647
EGY,2018-01-01 00:00:00.000,3.4399117971334072
EGY,2019-01-01 00:00:00.000,3.5714285714285716
EGY,2020-01-01 00:00:00.000,3.7486338797814214
EGY,2021-01-01 00:00:00.000,3.7486338797814214
ERI,2012-01-01 00:00:00.000,1.9081632653061225
ERI,2013-01-01 00:00:00.000,1.7484662576687118
ERI,2014-01-01 00:00:00.000,1.6367476240760297
ERI,2015-01-01 00:00:00.000,1.21898597626753
ERI,2016-01-01 00:00:00.000,1.2244897959183678
ERI,2017-01-01 00:00:00.000,1.1538461538461537
ERI,2018-01-01 00:00:00.000,1.2238147739801544
ERI,2019-01-01 00:00:00.000,1.158008658008658
ERI,2020-01-01 00:00:00.000,1.169398907103825
ERI,2021-01-01 00:00:00.000,1.169398907103825
ESP,2012-01-01 00:00:00.000,7.5
ESP,2013-01-01 00:00:00.000,7.341513292433538
ESP,2014-01-01 00:00:00.000,7.4551214361140445
ESP,2015-01-01 00:00:00.000,7.432578209277239
ESP,2016-01-01 00:00:00.000,7.561761546723954
ESP,2017-01-01 00:00:00.000,7.538461538461537
ESP,2018-01-01 00:00:00.000,7.70672546857773
ESP,2019-01-01 00:00:00.000,7.846320346320345
ESP,2020-01-01 00:00:00.000,7.846994535519126
ESP,2021-01-01 00:00:00.000,7.846994535519126
EST,2012-01-01 00:00:00.000,8.040816326530612
EST,2013-01-01 00:00:00.000,8.149284253578733
EST,2014-01-01 00:00:00.000,8.50052798310454
EST,2015-01-01 00:00:00.000,8.435814455231931
EST,2016-01-01 00:00:00.000,8.388829215896886
EST,2017-01-01 00:00:00.000,8.384615384615385
EST,2018-01-01 00:00:00.000,8.599779492833518
EST,2019-01-01 00:00:00.000,8.67965367965368
EST,2020-01-01 00:00:00.000,8.699453551912569
EST,2021-01-01 00:00:00.000,8.699453551912569
ETH,2012-01-01 00:00:00.000,2.418367346938776
ETH,2013-01-01 00:00:00.000,2.535787321063395
ETH,2014-01-01 00:00:00.000,2.6927138331573386
ETH,2015-01-01 00:00:00.000,2.5782092772384035
ETH,2016-01-01 00:00:00.000,2.5134264232008596
ETH,2017-01-01 00:00:00.000,2.384615384615384
ETH,2018-01-01 00:00:00.000,2.921719955898567
ETH,2019-01-01 00:00:00.000,3.0411255411255413
ETH,2020-01-01 00:00:00.000,2.92896174863388
ETH,2021-01-01 00:00:00.000,2.92896174863388
FIN,2012-01-01 00:00:00.000,9.846938775510205
FIN,2013-01-01 00:00:00.000,9.805725971370142
FIN,2014-01-01 00:00:00.000,9.809926082365363
FIN,2015-01-01 00:00:00.000,9.676375404530745
FIN,2016-01-01 00:00:00.000,9.645542427497318
FIN,2017-01-01 00:00:00.000,9.692307692307692
FIN,2018-01-01 00:00:00.000,9.77949283351709
FIN,2019-01-01 00:00:00.000,9.686147186147187
FIN,2020-01-01 00:00:00.000,9.781420765027324
FIN,2021-01-01 00:00:00.000,9.781420765027324
FJI,2012-01-01 00:00:00.000,4.163265306122448
FJI,2013-01-01 00:00:00.000,4.1615541922290396
FJI,2014-01-01 00:00:00.000,5.174234424498416
FJI,2015-01-01 00:00:00.000,5.3182308522114345
FJI,2016-01-01 00:00:00.000,5.682062298603652
FJI,2017-01-01 00:00:00.000,5.999999999999999
FJI,2018-01-01 00:00:00.000,6.39470782800441
FJI,2019-01-01 00:00:00.000,6.439393939393939
FJI,2020-01-01 00:00:00.000,6.50273224043716
FJI,2021-01-01 00:00:00.000,6.50273224043716
FRA,2012-01-01 00:00:00.000,8.459183673469388
FRA,2013-01-01 00:00:00.000,8.251533742331288
FRA,2014-01-01 00:00:00.000,8.310454065469905
FRA,2015-01-01 00:00:00.000,8.004314994606258
FRA,2016-01-01 00:00:00.000,7.926960257787327
FRA,2017-01-01 00:00:00.000,8.098901098901099
FRA,2018-01-01 00:00:00.000,8.147739801543551
FRA,2019-01-01 00:00:00.000,8.235930735930735
FRA,2020-01-01 00:00:00.000,8.087431693989073
FRA,2021-01-01 00:00:00.000,8.087431693989073
FSM,2012-01-01 00:00:00.000,5.918367346938775
FSM,2013-01-01 00:00:00.000,5.910020449897751
FSM,2014-01-01 00:00:00.000,6.335797254487856
FSM,2015-01-01 00:00:00.000,6.235167206040992
FSM,2016-01-01 00:00:00.000,6.412459720730399
FSM,2017-01-01 00:00:00.000,6.494505494505493
FSM,2018-01-01 00:00:00.000,6.571113561190739
FSM,2019-01-01 00:00:00.000,6.634199134199133
FSM,2020-01-01 00:00:00.000,6.6557377049180335
FSM,2021-01-01 00:00:00.000,6.6557377049180335
GAB,2012-01-01 00:00:00.000,4.030612244897958
GAB,2013-01-01 00:00:00.000,4.120654396728017
GAB,2014-01-01 00:00:00.000,4.171066525871172
GAB,2015-01-01 00:00:00.000,4.077669902912621
GAB,2016-01-01 00:00:00.000,3.9742212674543507
GAB,2017-01-01 00:00:00.000,3.8021978021978025
GAB,2018-01-01 00:00:00.000,4.057331863285558
GAB,2019-01-01 00:00:00.000,4.090909090909091
GAB,2020-01-01 00:00:00.000,4.163934426229508
GAB,2021-01-01 00:00:00.000,4.163934426229508
GBR,2012-01-01 00:00:00.000,8.806122448979592
GBR,2013-01-01 00:00:00.000,8.844580777096114
GBR,2014-01-01 00:00:00.000,9.007391763463568
GBR,2015-01-01 00:00:00.000,9.0722761596548
GBR,2016-01-01 00:00:00.000,9.00107411385607
GBR,2017-01-01 00:00:00.000,8.934065934065934
GBR,2018-01-01 00:00:00.000,8.886438809261302
GBR,2019-01-01 00:00:00.000,9.004329004329003
GBR,2020-01-01 00:00:00.000,8.852459016393444
GBR,2021-01-01 00:00:00.000,8.852459016393444
GEO,2012-01-01 00:00:00.000,5.071428571428571
GEO,2013-01-01 00:00:00.000,5.357873210633947
GEO,2014-01-01 00:00:00.000,5.776135163674763
GEO,2015-01-01 00:00:00.000,5.674217907227616
GEO,2016-01-01 00:00:00.000,6.047261009667026
GEO,2017-01-01 00:00:00.000,5.978021978021976
GEO,2018-01-01 00:00:00.000,6.0859977949283355
GEO,2019-01-01 00:00:00.000,6.147186147186147
GEO,2020-01-01 00:00:00.000,6.076502732240437
GEO,2021-01-01 00:00:00.000,6.076502732240437
GHA,2012-01-01 00:00:00.000,4.846938775510203
GHA,2013-01-01 00:00:00.000,4.938650306748467
GHA,2014-01-01 00:00:00.000,4.868004223864836
GHA,2015-01-01 00:00:00.000,4.929881337648328
GHA,2016-01-01 00:00:00.000,5.026852846401719
GHA,2017-01-01 00:00:00.000,5.274725274725274
GHA,2018-01-01 00:00:00.000,5.446527012127895
GHA,2019-01-01 00:00:00.000,5.757575757575757
GHA,2020-01-01 00:00:00.000,5.7923497267759565
GHA,2021-01-01 00:00:00.000,5.7923497267759565
GIN,2012-01-01 00:00:00.000,2.1428571428571432
GIN,2013-01-01 00:00:00.000,2.1472392638036815
GIN,2014-01-01 00:00:00.000,2.3442449841605066
GIN,2015-01-01 00:00:00.000,2.642934196332255
GIN,2016-01-01 00:00:00.000,2.8034371643394205
GIN,2017-01-01 00:00:00.000,2.6153846153846154
GIN,2018-01-01 00:00:00.000,2.679162072767365
GIN,2019-01-01 00:00:00.000,2.824675324675325
GIN,2020-01-01 00:00:00.000,2.819672131147541
GIN,2021-01-01 00:00:00.000,2.819672131147541
GMB,2012-01-01 00:00:00.000,3.4081632653061225
GMB,2013-01-01 00:00:00.000,3.323108384458078
GMB,2014-01-01 00:00:00.000,3.2312565997888063
GMB,2015-01-01 00:00:00.000,3.0420711974110035
GMB,2016-01-01 00:00:00.000,2.9538131041890447
GMB,2017-01-01 00:00:00.000,3.725274725274725
GMB,2018-01-01 00:00:00.000,4.321940463065049
GMB,2019-01-01 00:00:00.000,4.642857142857142
GMB,2020-01-01 00:00:00.000,4.666666666666668
GMB,2021-01-01 00:00:00.000,4.666666666666668
GNB,2012-01-01 00:00:00.000,1.959183673469388
GNB,2013-01-01 00:00:00.000,1.871165644171779
GNB,2014-01-01 00:00:00.000,2.164730728616684
GNB,2015-01-01 00:00:00.000,2.254584681769148
GNB,2016-01-01 00:00:00.000,2.3415682062298613
GNB,2017-01-01 00:00:00.000,2.208791208791209
GNB,2018-01-01 00:00:00.000,2.4035281146637266
GNB,2019-01-01 00:00:00.000,2.7164502164502164
GNB,2020-01-01 00:00:00.000,2.7868852459016393
GNB,2021-01-01 00:00:00.000,2.7868852459016393
GNQ,2012-01-01 00:00:00.000,2.4489795918367347
GNQ,2013-01-01 00:00:00.000,2.300613496932516
GNQ,2014-01-01 00:00:00.000,1.8901795142555438
GNQ,2015-01-01 00:00:00.000,1.812297734627832
GNQ,2016-01-01 00:00:00.000,1.8796992481203012
GNQ,2017-01-01 00:00:00.000,1.7802197802197801
GNQ,2018-01-01 00:00:00.000,2.0066152149944876
GNQ,2019-01-01 00:00:00.000,2.0562770562770565
GNQ,2020-01-01 00:00:00.000,2.1639344262295084
GNQ,2021-01-01 00:00:00.000,2.1639344262295084
GRC,2012-01-01 00:00:00.000,5.918367346938775
GRC,2013-01-01 00:00:00.000,6.07361963190184
GRC,2014-01-01 00:00:00.000,6.071805702217529
GRC,2015-01-01 00:00:00.000,6.008629989212513
GRC,2016-01-01 00:00:00.000,6.047261009667026
GRC,2017-01-01 00:00:00.000,5.999999999999999
GRC,2018-01-01 00:00:00.000,6.372657111356119
GRC,2019-01-01 00:00:00.000,6.558441558441558
GRC,2020-01-01 00:00:00.000,6.721311475409838
GRC,2021-01-01 00:00:00.000,6.721311475409838
GRD,2012-01-01 00:00:00.000,5.969387755102041
GRD,2013-01-01 00:00:00.000,5.971370143149285
GRD,2014-01-01 00:00:00.000,6.367476240760295
GRD,2015-01-01 00:00:00.000,6.548004314994606
GRD,2016-01-01 00:00:00.000,6.895810955961333
GRD,2017-01-01 00:00:00.000,6.681318681318681
GRD,2018-01-01 00:00:00.000,6.515986769570011
GRD,2019-01-01 00:00:00.000,6.6017316017316015
GRD,2020-01-01 00:00:00.000,6.688524590163935
GRD,2021-01-01 00:00:00.000,6.688524590163935
GTM,2012-01-01 00:00:00.000,3.418367346938776
GTM,2013-01-01 00:00:00.000,3.4253578732106345
GTM,2014-01-01 00:00:00.000,3.495248152059134
GTM,2015-01-01 00:00:00.000,3.473570658036677
GTM,2016-01-01 00:00:00.000,3.6519871106337276
GTM,2017-01-01 00:00:00.000,3.56043956043956
GTM,2018-01-01 00:00:00.000,3.7155457552370454
GTM,2019-01-01 00:00:00.000,3.744588744588745
GTM,2020-01-01 00:00:00.000,3.7814207650273226
GTM,2021-01-01 00:00:00.000,3.7814207650273226
GUY,2012-01-01 00:00:00.000,4.183673469387755
GUY,2013-01-01 00:00:00.000,4.212678936605317
GUY,2014-01-01 00:00:00.000,4.361140443505808
GUY,2015-01-01 00:00:00.000,4.379719525350593
GUY,2016-01-01 00:00:00.000,4.801288936627284
GUY,2017-01-01 00:00:00.000,4.659340659340658
GUY,2018-01-01 00:00:00.000,4.7739801543550175
GUY,2019-01-01 00:00:00.000,4.816017316017316
GUY,2020-01-01 00:00:00.000,4.797814207650273
GUY,2021-01-01 00:00:00.000,4.797814207650273
HND,2012-01-01 00:00:00.000,3.3571428571428577
HND,2013-01-01 00:00:00.000,3.241308793456033
HND,2014-01-01 00:00:00.000,3.4846884899683204
HND,2015-01-01 00:00:00.000,3.5814455231930964
HND,2016-01-01 00:00:00.000,3.512352309344792
HND,2017-01-01 00:00:00.000,3.3956043956043955
HND,2018-01-01 00:00:00.000,3.6163175303197357
HND,2019-01-01 00:00:00.000,3.5714285714285716
HND,2020-01-01 00:00:00.000,3.6065573770491803
HND,2021-01-01 00:00:00.000,3.6065573770491803
HRV,2012-01-01 00:00:00.000,6.3979591836734695
HRV,2013-01-01 00:00:00.000,6.533742331288344
HRV,2014-01-01 00:00:00.000,6.663146779303062
HRV,2015-01-01 00:00:00.000,6.548004314994606
HRV,2016-01-01 00:00:00.000,6.713211600429648
HRV,2017-01-01 00:00:00.000,6.45054945054945
HRV,2018-01-01 00:00:00.000,6.747519294377067
HRV,2019-01-01 00:00:00.000,6.807359307359307
HRV,2020-01-01 00:00:00.000,6.808743169398909
HRV,2021-01-01 00:00:00.000,6.808743169398909
HTI,2012-01-01 00:00:00.000,2.591836734693878
HTI,2013-01-01 00:00:00.000,2.699386503067485
HTI,2014-01-01 00:00:00.000,2.62935586061246
HTI,2015-01-01 00:00:00.000,2.5134843581445523
HTI,2016-01-01 00:00:00.000,2.738990332975296
HTI,2017-01-01 00:00:00.000,2.7692307692307687
HTI,2018-01-01 00:00:00.000,2.9878721058434397
HTI,2019-01-01 00:00:00.000,2.9112554112554117
HTI,2020-01-01 00:00:00.000,2.7759562841530054
HTI,2021-01-01 00:00:00.000,2.7759562841530054
HUN,2012-01-01 00:00:00.000,7.051020408163265
HUN,2013-01-01 00:00:00.000,7.075664621676892
HUN,2014-01-01 00:00:00.000,6.927138331573389
HUN,2015-01-01 00:00:00.000,6.74217907227616
HUN,2016-01-01 00:00:00.000,6.756176154672396
HUN,2017-01-01 00:00:00.000,6.868131868131868
HUN,2018-01-01 00:00:00.000,6.879823594266814
HUN,2019-01-01 00:00:00.000,6.872294372294372
HUN,2020-01-01 00:00:00.000,7.016393442622951
HUN,2021-01-01 00:00:00.000,7.016393442622951
IDN,2012-01-01 00:00:00.000,3.8673469387755106
IDN,2013-01-01 00:00:00.000,3.865030674846626
IDN,2014-01-01 00:00:00.000,4.12882787750792
IDN,2015-01-01 00:00:00.000,4.034519956850055
IDN,2016-01-01 00:00:00.000,4.296455424274974
IDN,2017-01-01 00:00:00.000,4.362637362637362
IDN,2018-01-01 00:00:00.000,4.641675854465269
IDN,2019-01-01 00:00:00.000,4.729437229437229
IDN,2020-01-01 00:00:00.000,4.8196721311475414
IDN,2021-01-01 00:00:00.000,4.8196721311475414
IND,2012-01-01 00:00:00.000,3.928571428571429
IND,2013-01-01 00:00:00.000,3.9468302658486714
IND,2014-01-01 00:00:00.000,4.097148891235481
IND,2015-01-01 00:00:00.000,4.0992448759439055
IND,2016-01-01 00:00:00.000,4.189044038668099
IND,2017-01-01 00:00:00.000,4.241758241758241
IND,2018-01-01 00:00:00.000,4.310915104740904
IND,2019-01-01 00:00:00.000,4.512987012987012
IND,2020-01-01 00:00:00.000,4.6775956284153
IND,2021-01-01 00:00:00.000,4.6775956284153
IRL,2012-01-01 00:00:00.000,8.714285714285714
IRL,2013-01-01 00:00:00.000,8.762781186094069
IRL,2014-01-01 00:00:00.000,9.091869060190074
IRL,2015-01-01 00:00:00.000,8.985976267529667
IRL,2016-01-01 00:00:00.000,8.786251342642322
IRL,2017-01-01 00:00:00.000,8.758241758241757
IRL,2018-01-01 00:00:00.000,8.96361631753032
IRL,2019-01-01 00:00:00.000,8.852813852813853
IRL,2020-01-01 00:00:00.000,9.049180327868854
IRL,2021-01-01 00:00:00.000,9.049180327868854
IRN,2012-01-01 00:00:00.000,2.6020408163265305
IRN,2013-01-01 00:00:00.000,2.740286298568507
IRN,2014-01-01 00:00:00.000,3.07286166842661
IRN,2015-01-01 00:00:00.000,3.1391585760517797
IRN,2016-01-01 00:00:00.000,3.5230934479054787
IRN,2017-01-01 00:00:00.000,3.5714285714285707
IRN,2018-01-01 00:00:00.000,3.5060639470782804
IRN,2019-01-01 00:00:00.000,3.3874458874458875
IRN,2020-01-01 00:00:00.000,3.398907103825137
IRN,2021-01-01 00:00:00.000,3.398907103825137
IRQ,2012-01-01 00:00:00.000,1.7755102040816326
IRQ,2013-01-01 00:00:00.000,1.6973415132924334
IRQ,2014-01-01 00:00:00.000,1.4361140443505804
IRQ,2015-01-01 00:00:00.000,1.434735706580367
IRQ,2016-01-01 00:00:00.000,1.8259935553168645
IRQ,2017-01-01 00:00:00.000,1.7912087912087915
IRQ,2018-01-01 00:00:00.000,1.7640573318632855
IRQ,2019-01-01 00:00:00.000,2.164502164502165
IRQ,2020-01-01 00:00:00.000,2.1748633879781423
IRQ,2021-01-01 00:00:00.000,2.1748633879781423
ISL,2012-01-01 00:00:00.000,9.53061224489796
ISL,2013-01-01 00:00:00.000,9.509202453987731
ISL,2014-01-01 00:00:00.000,9.567053854276661
ISL,2015-01-01 00:00:00.000,9.600862998921253
ISL,2016-01-01 00:00:00.000,9.538131041890441
ISL,2017-01-01 00:00:00.000,9.527472527472526
ISL,2018-01-01 00:00:00.000,9.746416758544655
ISL,2019-01-01 00:00:00.000,9.75108225108225
ISL,2020-01-01 00:00:00.000,9.628415300546449
ISL,2021-01-01 00:00:00.000,9.628415300546449
ISR,2012-01-01 00:00:00.000,6.622448979591836
ISR,2013-01-01 00:00:00.000,6.554192229038855
ISR,2014-01-01 00:00:00.000,6.800422386483633
ISR,2015-01-01 00:00:00.000,6.860841423948219
ISR,2016-01-01 00:00:00.000,7.153598281417831
ISR,2017-01-01 00:00:00.000,6.857142857142856
ISR,2018-01-01 00:00:00.000,6.923925027563396
ISR,2019-01-01 00:00:00.000,7.077922077922078
ISR,2020-01-01 00:00:00.000,6.939890710382514
ISR,2021-01-01 00:00:00.000,6.939890710382514
ITA,2012-01-01 00:00:00.000,6.591836734693877
ITA,2013-01-01 00:00:00.000,6.564417177914111
ITA,2014-01-01 00:00:00.000,6.504751847940866
ITA,2015-01-01 00:00:00.000,6.407766990291262
ITA,2016-01-01 00:00:00.000,6.562835660580022
ITA,2017-01-01 00:00:00.000,6.5164835164835155
ITA,2018-01-01 00:00:00.000,6.846747519294377
ITA,2019-01-01 00:00:00.000,6.915584415584416
ITA,2020-01-01 00:00:00.000,6.972677595628415
ITA,2021-01-01 00:00:00.000,6.972677595628415
JAM,2012-01-01 00:00:00.000,5.122448979591836
JAM,2013-01-01 00:00:00.000,5.194274028629858
JAM,2014-01-01 00:00:00.000,5.227032734952481
JAM,2015-01-01 00:00:00.000,5.275080906148867
JAM,2016-01-01 00:00:00.000,5.531686358754029
JAM,2017-01-01 00:00:00.000,5.703296703296702
JAM,2018-01-01 00:00:00.000,6.063947078280044
JAM,2019-01-01 00:00:00.000,6.082251082251082
JAM,2020-01-01 00:00:00.000,6.076502732240437
JAM,2021-01-01 00:00:00.000,6.076502732240437
JOR,2012-01-01 00:00:00.000,4.76530612244898
JOR,2013-01-01 00:00:00.000,4.734151329243354
JOR,2014-01-01 00:00:00.000,4.952481520591341
JOR,2015-01-01 00:00:00.000,5.037756202804747
JOR,2016-01-01 00:00:00.000,5.091299677765844
JOR,2017-01-01 00:00:00.000,5.208791208791207
JOR,2018-01-01 00:00:00.000,5.292171995589857
JOR,2019-01-01 00:00:00.000,5.303030303030303
JOR,2020-01-01 00:00:00.000,5.224043715846996
JOR,2021-01-01 00:00:00.000,5.224043715846996
JPN,2012-01-01 00:00:00.000,8.571428571428573
JPN,2013-01-01 00:00:00.000,8.803680981595091
JPN,2014-01-01 00:00:00.000,8.94403379091869
JPN,2015-01-01 00:00:00.000,8.83495145631068
JPN,2016-01-01 00:00:00.000,8.764769065520948
JPN,2017-01-01 00:00:00.000,8.868131868131867
JPN,2018-01-01 00:00:00.000,8.86438809261301
JPN,2019-01-01 00:00:00.000,8.863636363636362
JPN,2020-01-01 00:00:00.000,8.797814207650275
JPN,2021-01-01 00:00:00.000,8.797814207650275
KAZ,2012-01-01 00:00:00.000,4.122448979591836
KAZ,2013-01-01 00:00:00.000,4.059304703476482
KAZ,2014-01-01 00:00:00.000,4.424498416050686
KAZ,2015-01-01 00:00:00.000,4.433656957928802
KAZ,2016-01-01 00:00:00.000,4.532760472610097
KAZ,2017-01-01 00:00:00.000,4.472527472527472
KAZ,2018-01-01 00:00:00.000,4.785005512679161
KAZ,2019-01-01 00:00:00.000,4.880952380952381
KAZ,2020-01-01 00:00:00.000,4.896174863387978
KAZ,2021-01-01 00:00:00.000,4.896174863387978
KEN,2012-01-01 00:00:00.000,2.8979591836734695
KEN,2013-01-01 00:00:00.000,3.0879345603271986
KEN,2014-01-01 00:00:00.000,3.284054910242872
KEN,2015-01-01 00:00:00.000,3.1067961165048548
KEN,2016-01-01 00:00:00.000,3.168635875402794
KEN,2017-01-01 00:00:00.000,3.142857142857143
KEN,2018-01-01 00:00:00.000,3.2083792723263507
KEN,2019-01-01 00:00:00.000,3.3766233766233764
KEN,2020-01-01 00:00:00.000,3.4535519125683063
KEN,2021-01-01 00:00:00.000,3.4535519125683063
KGZ,2012-01-01 00:00:00.000,2.959183673469388
KGZ,2013-01-01 00:00:00.000,3.006134969325154
KGZ,2014-01-01 00:00:00.000,3.273495248152059
KGZ,2015-01-01 00:00:00.000,3.1175836030204964
KGZ,2016-01-01 00:00:00.000,3.35123523093448
KGZ,2017-01-01 00:00:00.000,3.505494505494505
KGZ,2018-01-01 00:00:00.000,3.7375964718853365
KGZ,2019-01-01 00:00:00.000,4.036796536796537
KGZ,2020-01-01 00:00:00.000,3.7486338797814214
KGZ,2021-01-01 00:00:00.000,3.7486338797814214
KHM,2012-01-01 00:00:00.000,2.959183673469388
KHM,2013-01-01 00:00:00.000,2.903885480572597
KHM,2014-01-01 00:00:00.000,3.0095036958817314
KHM,2015-01-01 00:00:00.000,2.9341963322545848
KHM,2016-01-01 00:00:00.000,3.2116004296455434
KHM,2017-01-01 00:00:00.000,3.0219780219780215
KHM,2018-01-01 00:00:00.000,3.031973539140022
KHM,2019-01-01 00:00:00.000,3.0844155844155843
KHM,2020-01-01 00:00:00.000,2.939890710382514
KHM,2021-01-01 00:00:00.000,2.939890710382514
KIR,2012-01-01 00:00:00.000,5.714285714285714
KIR,2013-01-01 00:00:00.000,5.695296523517383
KIR,2014-01-01 00:00:00.000,5.575501583949314
KIR,2015-01-01 00:00:00.000,5.512405609492988
KIR,2016-01-01 00:00:00.000,5.853920515574652
KIR,2017-01-01 00:00:00.000,6.087912087912088
KIR,2018-01-01 00:00:00.000,6.427783902976847
KIR,2019-01-01 00:00:00.000,6.774891774891775
KIR,2020-01-01 00:00:00.000,6.885245901639344
KIR,2021-01-01 00:00:00.000,6.885245901639344
KNA,2012-01-01 00:00:00.000,7.612244897959183
KNA,2013-01-01 00:00:00.000,7.576687116564417
KNA,2014-01-01 00:00:00.000,6.853220696937698
KNA,2015-01-01 00:00:00.000,7.108953613807983
KNA,2016-01-01 00:00:00.000,7.271750805585393
KNA,2017-01-01 00:00:00.000,7.34065934065934
KNA,2018-01-01 00:00:00.000,7.364939360529219
KNA,2019-01-01 00:00:00.000,7.2727272727272725
KNA,2020-01-01 00:00:00.000,7.355191256830603
KNA,2021-01-01 00:00:00.000,7.355191256830603
KOR,2012-01-01 00:00:00.000,7.418367346938775
KOR,2013-01-01 00:00:00.000,7.402862985685072
KOR,2014-01-01 00:00:00.000,7.391763463569165
KOR,2015-01-01 00:00:00.000,7.2599784250269686
KOR,2016-01-01 00:00:00.000,7.486573576799142
KOR,2017-01-01 00:00:00.000,7.68131868131868
KOR,2018-01-01 00:00:00.000,8.059536934950387
KOR,2019-01-01 00:00:00.000,8.03030303030303
KOR,2020-01-01 00:00:00.000,8.021857923497269
KOR,2021-01-01 00:00:00.000,8.021857923497269
KWT,2012-01-01 00:00:00.000,5.73469387755102
KWT,2013-01-01 00:00:00.000,5.766871165644172
KWT,2014-01-01 00:00:00.000,5.638859556494192
KWT,2015-01-01 00:00:00.000,5.415318230852211
KWT,2016-01-01 00:00:00.000,5.574650912996779
KWT,2017-01-01 00:00:00.000,5.802197802197801
KWT,2018-01-01 00:00:00.000,6.0859977949283355
KWT,2019-01-01 00:00:00.000,6.179653679653679
KWT,2020-01-01 00:00:00.000,6.251366120218579
KWT,2021-01-01 00:00:00.000,6.251366120218579
LAO,2012-01-01 00:00:00.000,2.8877551020408165
LAO,2013-01-01 00:00:00.000,2.94478527607362
LAO,2014-01-01 00:00:00.000,3.167898627243928
LAO,2015-01-01 00:00:00.000,3.0204962243797198
LAO,2016-01-01 00:00:00.000,3.0719656283566064
LAO,2017-01-01 00:00:00.000,2.945054945054945
LAO,2018-01-01 00:00:00.000,3.1201764057331864
LAO,2019-01-01 00:00:00.000,3.116883116883117
LAO,2020-01-01 00:00:00.000,3.300546448087432
LAO,2021-01-01 00:00:00.000,3.300546448087432
LBN,2012-01-01 00:00:00.000,3.918367346938776
LBN,2013-01-01 00:00:00.000,3.9775051124744385
LBN,2014-01-01 00:00:00.000,3.9281942977824706
LBN,2015-01-01 00:00:00.000,3.8727076591154264
LBN,2016-01-01 00:00:00.000,3.8882921589688517
LBN,2017-01-01 00:00:00.000,3.7912087912087906
LBN,2018-01-01 00:00:00.000,3.9470782800441016
LBN,2019-01-01 00:00:00.000,3.8636363636363638
LBN,2020-01-01 00:00:00.000,3.879781420765027
LBN,2021-01-01 00:00:00.000,3.879781420765027
LBR,2012-01-01 00:00:00.000,3.3469387755102042
LBR,2013-01-01 00:00:00.000,3.2106339468302663
LBR,2014-01-01 00:00:00.000,3.21013727560718
LBR,2015-01-01 00:00:00.000,3.1391585760517797
LBR,2016-01-01 00:00:00.000,3.43716433941998
LBR,2017-01-01 00:00:00.000,3.516483516483516
LBR,2018-01-01 00:00:00.000,3.5722160970231536
LBR,2019-01-01 00:00:00.000,3.560606060606061
LBR,2020-01-01 00:00:00.000,3.5846994535519134
LBR,2021-01-01 00:00:00.000,3.5846994535519134
LBY,2012-01-01 00:00:00.000,2.275510204081633
LBY,2013-01-01 00:00:00.000,1.9222903885480573
LBY,2014-01-01 00:00:00.000,1.4149947201689548
LBY,2015-01-01 00:00:00.000,1.132686084142395
LBY,2016-01-01 00:00:00.000,0.9559613319011818
LBY,2017-01-01 00:00:00.000,0.8131868131868131
LBY,2018-01-01 00:00:00.000,0.8379272326350606
LBY,2019-01-01 00:00:00.000,0.7683982683982682
LBY,2020-01-01 00:00:00.000,0.7868852459016393
LBY,2021-01-01 00:00:00.000,0.7868852459016393
LCA,2012-01-01 00:00:00.000,6.959183673469387
LCA,2013-01-01 00:00:00.000,6.952965235173824
LCA,2014-01-01 00:00:00.000,6.6948257655755015
LCA,2015-01-01 00:00:00.000,6.752966558791802
LCA,2016-01-01 00:00:00.000,6.809881847475834
LCA,2017-01-01 00:00:00.000,6.758241758241756
LCA,2018-01-01 00:00:00.000,6.835722160970231
LCA,2019-01-01 00:00:00.000,6.883116883116883
LCA,2020-01-01 00:00:00.000,6.885245901639344
LCA,2021-01-01 00:00:00.000,6.885245901639344
LIE,2012-01-01 00:00:00.000,9.39795918367347
LIE,2013-01-01 00:00:00.000,9.458077709611452
LIE,2014-01-01 00:00:00.000,9.778247096092922
LIE,2015-01-01 00:00:00.000,9.719525350593312
LIE,2016-01-01 00:00:00.000,9.667024704618692
LIE,2017-01-01 00:00:00.000,9.714285714285714
LIE,2018-01-01 00:00:00.000,9.812568908489526
LIE,2019-01-01 00:00:00.000,9.805194805194805
LIE,2020-01-01 00:00:00.000,9.85792349726776
LIE,2021-01-01 00:00:00.000,9.85792349726776
LKA,2012-01-01 00:00:00.000,3.806122448979592
LKA,2013-01-01 00:00:00.000,3.7321063394683027
LKA,2014-01-01 00:00:00.000,3.780359028511087
LKA,2015-01-01 00:00:00.000,4.1855447680690405
LKA,2016-01-01 00:00:00.000,4.382384532760473
LKA,2017-01-01 00:00:00.000,4.3076923076923075
LKA,2018-01-01 00:00:00.000,4.553472987872105
LKA,2019-01-01 00:00:00.000,4.567099567099567
LKA,2020-01-01 00:00:00.000,4.743169398907105
LKA,2021-01-01 00:00:00.000,4.743169398907105
LSO,2012-01-01 00:00:00.000,4.73469387755102
LSO,2013-01-01 00:00:00.000,4.938650306748467
LSO,2014-01-01 00:00:00.000,4.730728616684266
LSO,2015-01-01 00:00:00.000,4.617044228694714
LSO,2016-01-01 00:00:00.000,4.704618689581097
LSO,2017-01-01 00:00:00.000,4.736263736263735
LSO,2018-01-01 00:00:00.000,4.829106945975743
LSO,2019-01-01 00:00:00.000,4.761904761904762
LSO,2020-01-01 00:00:00.000,4.721311475409836
LSO,2021-01-01 00:00:00.000,4.721311475409836
LTU,2012-01-01 00:00:00.000,7.275510204081633
LTU,2013-01-01 00:00:00.000,7.3517382413087935
LTU,2014-01-01 00:00:00.000,7.50791974656811
LTU,2015-01-01 00:00:00.000,7.49730312837109
LTU,2016-01-01 00:00:00.000,7.669172932330829
LTU,2017-01-01 00:00:00.000,7.57142857142857
LTU,2018-01-01 00:00:00.000,7.60749724366042
LTU,2019-01-01 00:00:00.000,7.857142857142858
LTU,2020-01-01 00:00:00.000,7.945355191256832
LTU,2021-01-01 00:00:00.000,7.945355191256832
LUX,2012-01-01 00:00:00.000,9.755102040816325
LUX,2013-01-01 00:00:00.000,9.754601226993863
LUX,2014-01-01 00:00:00.000,9.883843717001056
LUX,2015-01-01 00:00:00.000,9.902912621359222
LUX,2016-01-01 00:00:00.000,9.838882921589692
LUX,2017-01-01 00:00:00.000,9.725274725274726
LUX,2018-01-01 00:00:00.000,9.944873208379274
LUX,2019-01-01 00:00:00.000,9.902597402597403
LUX,2020-01-01 00:00:00.000,9.792349726775958
LUX,2021-01-01 00:00:00.000,9.792349726775958
LVA,2012-01-01 00:00:00.000,7.061224489795919
LVA,2013-01-01 00:00:00.000,7.147239263803682
LVA,2014-01-01 00:00:00.000,7.296726504751848
LVA,2015-01-01 00:00:00.000,7.2599784250269686
LVA,2016-01-01 00:00:00.000,7.357679914070893
LVA,2017-01-01 00:00:00.000,7.3296703296703285
LVA,2018-01-01 00:00:00.000,7.375964718853364
LVA,2019-01-01 00:00:00.000,7.608225108225108
LVA,2020-01-01 00:00:00.000,7.726775956284154
LVA,2021-01-01 00:00:00.000,7.726775956284154
MAR,2012-01-01 00:00:00.000,4.724489795918368
MAR,2013-01-01 00:00:00.000,4.631901840490798
MAR,2014-01-01 00:00:00.000,4.804646251319958
MAR,2015-01-01 00:00:00.000,4.778856526429342
MAR,2016-01-01 00:00:00.000,4.844253490870034
MAR,2017-01-01 00:00:00.000,4.769230769230768
MAR,2018-01-01 00:00:00.000,4.928335170893053
MAR,2019-01-01 00:00:00.000,5.119047619047619
MAR,2020-01-01 00:00:00.000,5.3224043715847
MAR,2021-01-01 00:00:00.000,5.3224043715847
MCO,2012-01-01 00:00:00.000,6.775510204081633
MCO,2013-01-01 00:00:00.000,6.820040899795502
MCO,2014-01-01 00:00:00.000,6.884899683210137
MCO,2015-01-01 00:00:00.000,6.80690399137001
MCO,2016-01-01 00:00:00.000,6.756176154672396
MCO,2017-01-01 00:00:00.000,7.01098901098901
MCO,2018-01-01 00:00:00.000,6.979051819184123
MCO,2019-01-01 00:00:00.000,6.991341991341991
MCO,2020-01-01 00:00:00.000,6.612021857923498
MCO,2021-01-01 00:00:00.000,6.612021857923498
MDA,2012-01-01 00:00:00.000,4.857142857142858
MDA,2013-01-01 00:00:00.000,5.020449897750511
MDA,2014-01-01 00:00:00.000,5.142555438225976
MDA,2015-01-01 00:00:00.000,4.919093851132686
MDA,2016-01-01 00:00:00.000,4.865735767991407
MDA,2017-01-01 00:00:00.000,4.999999999999999
MDA,2018-01-01 00:00:00.000,5.049614112458656
MDA,2019-01-01 00:00:00.000,5.129870129870129
MDA,2020-01-01 00:00:00.000,5.147540983606557
MDA,2021-01-01 00:00:00.000,5.147540983606557
MDG,2012-01-01 00:00:00.000,2.979591836734694
MDG,2013-01-01 00:00:00.000,2.883435582822086
MDG,2014-01-01 00:00:00.000,3.083421330517423
MDG,2015-01-01 00:00:00.000,3.085221143473571
MDG,2016-01-01 00:00:00.000,3.125671321160044
MDG,2017-01-01 00:00:00.000,2.9999999999999996
MDG,2018-01-01 00:00:00.000,3.1422271223814775
MDG,2019-01-01 00:00:00.000,3.235930735930736
MDG,2020-01-01 00:00:00.000,3.224043715846995
MDG,2021-01-01 00:00:00.000,3.224043715846995
MDV,2012-01-01 00:00:00.000,4.204081632653061
MDV,2013-01-01 00:00:00.000,4.376278118609408
MDV,2014-01-01 00:00:00.000,5.089757127771911
MDV,2015-01-01 00:00:00.000,4.778856526429342
MDV,2016-01-01 00:00:00.000,4.747583243823846
MDV,2017-01-01 00:00:00.000,4.428571428571427
MDV,2018-01-01 00:00:00.000,4.509371554575523
MDV,2019-01-01 00:00:00.000,5.021645021645021
MDV,2020-01-01 00:00:00.000,5.2677595628415315
MDV,2021-01-01 00:00:00.000,5.2677595628415315
MEX,2012-01-01 00:00:00.000,4.530612244897959
MEX,2013-01-01 00:00:00.000,4.4580777096114526
MEX,2014-01-01 00:00:00.000,4.2661034846884895
MEX,2015-01-01 00:00:00.000,4.412081984897519
MEX,2016-01-01 00:00:00.000,4.522019334049411
MEX,2017-01-01 00:00:00.000,4.373626373626372
MEX,2018-01-01 00:00:00.000,4.575523704520398
MEX,2019-01-01 00:00:00.000,4.599567099567099
MEX,2020-01-01 00:00:00.000,4.579234972677597
MEX,2021-01-01 00:00:00.000,4.579234972677597
MHL,2012-01-01 00:00:00.000,5.6020408163265305
MHL,2013-01-01 00:00:00.000,5.807770961145194
MHL,2014-01-01 00:00:00.000,5.649419218585005
MHL,2015-01-01 00:00:00.000,5.544768069039914
MHL,2016-01-01 00:00:00.000,5.553168635875404
MHL,2017-01-01 00:00:00.000,6.087912087912088
MHL,2018-01-01 00:00:00.000,5.887541345093716
MHL,2019-01-01 00:00:00.000,6.0606060606060606
MHL,2020-01-01 00:00:00.000,5.978142076502733
MHL,2021-01-01 00:00:00.000,5.978142076502733
MKD,2012-01-01 00:00:00.000,5.244897959183674
MKD,2013-01-01 00:00:00.000,5.378323108384458
MKD,2014-01-01 00:00:00.000,5.818373812038015
MKD,2015-01-01 00:00:00.000,5.275080906148867
MKD,2016-01-01 00:00:00.000,5.198711063372719
MKD,2017-01-01 00:00:00.000,5.274725274725274
MKD,2018-01-01 00:00:00.000,5.534729878721059
MKD,2019-01-01 00:00:00.000,5.681818181818181
MKD,2020-01-01 00:00:00.000,5.825136612021858
MKD,2021-01-01 00:00:00.000,5.825136612021858
MLI,2012-01-01 00:00:00.000,2.5
MLI,2013-01-01 00:00:00.000,2.6891615541922294
MLI,2014-01-01 00:00:00.000,2.851108764519535
MLI,2015-01-01 00:00:00.000,2.7831715210355985
MLI,2016-01-01 00:00:00.000,2.878625134264233
MLI,2017-01-01 00:00:00.000,2.747252747252747
MLI,2018-01-01 00:00:00.000,2.7342888643880925
MLI,2019-01-01 00:00:00.000,2.6623376623376624
MLI,2020-01-01 00:00:00.000,2.480874316939891
MLI,2021-01-01 00:00:00.000,2.480874316939891
MLT,2012-01-01 00:00:00.000,8.061224489795919
MLT,2013-01-01 00:00:00.000,8.026584867075664
MLT,2014-01-01 00:00:00.000,8.120380147835268
MLT,2015-01-01 00:00:00.000,8.07982740021575
MLT,2016-01-01 00:00:00.000,7.980665950590764
MLT,2017-01-01 00:00:00.000,8.153846153846153
MLT,2018-01-01 00:00:00.000,8.114663726571115
MLT,2019-01-01 00:00:00.000,7.824675324675324
MLT,2020-01-01 00:00:00.000,7.857923497267761
MLT,2021-01-01 00:00:00.000,7.857923497267761
MMR,2012-01-01 00:00:00.000,1.9795918367346939
MMR,2013-01-01 00:00:00.000,1.9938650306748464
MMR,2014-01-01 00:00:00.000,2.206969376979936
MMR,2015-01-01 00:00:00.000,2.1574973031283715
MMR,2016-01-01 00:00:00.000,2.9645542427497324
MMR,2017-01-01 00:00:00.000,2.8571428571428568
MMR,2018-01-01 00:00:00.000,2.9106945975744214
MMR,2019-01-01 00:00:00.000,3.0303030303030303
MMR,2020-01-01 00:00:00.000,2.7759562841530054
MMR,2021-01-01 00:00:00.000,2.7759562841530054
MNE,2012-01-01 00:00:00.000,5.959183673469388
MNE,2013-01-01 00:00:00.000,5.858895705521472
MNE,2014-01-01 00:00:00.000,5.850052798310454
MNE,2015-01-01 00:00:00.000,5.803667745415319
MNE,2016-01-01 00:00:00.000,5.86466165413534
MNE,2017-01-01 00:00:00.000,5.692307692307692
MNE,2018-01-01 00:00:00.000,5.931642778390298
MNE,2019-01-01 00:00:00.000,5.952380952380952
MNE,2020-01-01 00:00:00.000,5.967213114754099
MNE,2021-01-01 00:00:00.000,5.967213114754099
MNG,2012-01-01 00:00:00.000,4.561224489795919
MNG,2013-01-01 00:00:00.000,4.601226993865031
MNG,2014-01-01 00:00:00.000,4.878563885955649
MNG,2015-01-01 00:00:00.000,4.735706580366775
MNG,2016-01-01 00:00:00.000,4.908700322234157
MNG,2017-01-01 00:00:00.000,4.79120879120879
MNG,2018-01-01 00:00:00.000,5.435501653803749
MNG,2019-01-01 00:00:00.000,5.4978354978354975
MNG,2020-01-01 00:00:00.000,5.814207650273225
MNG,2021-01-01 00:00:00.000,5.814207650273225
MOZ,2012-01-01 00:00:00.000,4.030612244897958
MOZ,2013-01-01 00:00:00.000,3.537832310838446
MOZ,2014-01-01 00:00:00.000,3.431890179514255
MOZ,2015-01-01 00:00:00.000,3.1283710895361385
MOZ,2016-01-01 00:00:00.000,2.631578947368422
MOZ,2017-01-01 00:00:00.000,2.67032967032967
MOZ,2018-01-01 00:00:00.000,2.8445424476295478
MOZ,2019-01-01 00:00:00.000,2.9761904761904763
MOZ,2020-01-01 00:00:00.000,2.7868852459016393
MOZ,2021-01-01 00:00:00.000,2.7868852459016393
MRT,2012-01-01 00:00:00.000,2.6734693877551026
MRT,2013-01-01 00:00:00.000,2.607361963190184
MRT,2014-01-01 00:00:00.000,2.9250263991552266
MRT,2015-01-01 00:00:00.000,2.8694714131607335
MRT,2016-01-01 00:00:00.000,3.2008592910848557
MRT,2017-01-01 00:00:00.000,3.1978021978021975
MRT,2018-01-01 00:00:00.000,3.4288864388092617
MRT,2019-01-01 00:00:00.000,3.5714285714285716
MRT,2020-01-01 00:00:00.000,3.5519125683060113
MRT,2021-01-01 00:00:00.000,3.5519125683060113
MUS,2012-01-01 00:00:00.000,6.673469387755102
MUS,2013-01-01 00:00:00.000,6.728016359918201
MUS,2014-01-01 00:00:00.000,6.75818373812038
MUS,2015-01-01 00:00:00.000,6.817691477885652
MUS,2016-01-01 00:00:00.000,6.777658431793771
MUS,2017-01-01 00:00:00.000,6.758241758241756
MUS,2018-01-01 00:00:00.000,6.890848952590959
MUS,2019-01-01 00:00:00.000,6.96969696969697
MUS,2020-01-01 00:00:00.000,7.191256830601093
MUS,2021-01-01 00:00:00.000,7.191256830601093
MWI,2012-01-01 00:00:00.000,4.040816326530612
MWI,2013-01-01 00:00:00.000,3.875255623721882
MWI,2014-01-01 00:00:00.000,3.9387539598732837
MWI,2015-01-01 00:00:00.000,3.7864077669902914
MWI,2016-01-01 00:00:00.000,3.6949516648764775
MWI,2017-01-01 00:00:00.000,3.5934065934065926
MWI,2018-01-01 00:00:00.000,3.5501653803748625
MWI,2019-01-01 00:00:00.000,3.6796536796536796
MWI,2020-01-01 00:00:00.000,3.956284153005465
MWI,2021-01-01 00:00:00.000,3.956284153005465
MYS,2012-01-01 00:00:00.000,5.959183673469388
MYS,2013-01-01 00:00:00.000,5.787321063394684
MYS,2014-01-01 00:00:00.000,6.14572333685322
MYS,2015-01-01 00:00:00.000,6.040992448759439
MYS,2016-01-01 00:00:00.000,6.058002148227714
MYS,2017-01-01 00:00:00.000,6.01098901098901
MYS,2018-01-01 00:00:00.000,6.571113561190739
MYS,2019-01-01 00:00:00.000,6.558441558441558
MYS,2020-01-01 00:00:00.000,6.601092896174864
MYS,2021-01-01 00:00:00.000,6.601092896174864
NAM,2012-01-01 00:00:00.000,5.63265306122449
NAM,2013-01-01 00:00:00.000,5.603271983640082
NAM,2014-01-01 00:00:00.000,5.4804646251319955
NAM,2015-01-01 00:00:00.000,5.6957928802588995
NAM,2016-01-01 00:00:00.000,5.9076262083780895
NAM,2017-01-01 00:00:00.000,5.835164835164834
NAM,2018-01-01 00:00:00.000,6.041896361631753
NAM,2019-01-01 00:00:00.000,6.038961038961038
NAM,2020-01-01 00:00:00.000,6.065573770491804
NAM,2021-01-01 00:00:00.000,6.065573770491804
NER,2012-01-01 00:00:00.000,3.102040816326531
NER,2013-01-01 00:00:00.000,2.9550102249488757
NER,2014-01-01 00:00:00.000,3.0095036958817314
NER,2015-01-01 00:00:00.000,2.998921251348436
NER,2016-01-01 00:00:00.000,2.878625134264233
NER,2017-01-01 00:00:00.000,2.802197802197802
NER,2018-01-01 00:00:00.000,2.8555678059536937
NER,2019-01-01 00:00:00.000,2.88961038961039
NER,2020-01-01 00:00:00.000,2.677595628415301
NER,2021-01-01 00:00:00.000,2.677595628415301
NGA,2012-01-01 00:00:00.000,2.275510204081633
NGA,2013-01-01 00:00:00.000,2.239263803680982
NGA,2014-01-01 00:00:00.000,2.2492080253431888
NGA,2015-01-01 00:00:00.000,2.55663430420712
NGA,2016-01-01 00:00:00.000,2.6530612244897966
NGA,2017-01-01 00:00:00.000,2.5714285714285716
NGA,2018-01-01 00:00:00.000,2.6681367144432198
NGA,2019-01-01 00:00:00.000,2.75974025974026
NGA,2020-01-01 00:00:00.000,2.765027322404372
NGA,2021-01-01 00:00:00.000,2.765027322404372
NIC,2012-01-01 00:00:00.000,3.5102040816326534
NIC,2013-01-01 00:00:00.000,3.6298568507157465
NIC,2014-01-01 00:00:00.000,3.685322069693769
NIC,2015-01-01 00:00:00.000,3.5275080906148863
NIC,2016-01-01 00:00:00.000,3.555316863587541
NIC,2017-01-01 00:00:00.000,3.5714285714285707
NIC,2018-01-01 00:00:00.000,2.8555678059536937
NIC,2019-01-01 00:00:00.000,2.792207792207792
NIC,2020-01-01 00:00:00.000,3.005464480874317
NIC,2021-01-01 00:00:00.000,3.005464480874317
NLD,2012-01-01 00:00:00.000,9.704081632653061
NLD,2013-01-01 00:00:00.000,9.591002044989775
NLD,2014-01-01 00:00:00.000,9.630411826821542
NLD,2015-01-01 00:00:00.000,9.47141316073355
NLD,2016-01-01 00:00:00.000,9.409237379162194
NLD,2017-01-01 00:00:00.000,9.34065934065934
NLD,2018-01-01 00:00:00.000,9.470782800441016
NLD,2019-01-01 00:00:00.000,9.448051948051948
NLD,2020-01-01 00:00:00.000,9.420765027322405
NLD,2021-01-01 00:00:00.000,9.420765027322405
NOR,2012-01-01 00:00:00.000,10.0
NOR,2013-01-01 00:00:00.000,9.999999999999998
NOR,2014-01-01 00:00:00.000,9.999999999999998
NOR,2015-01-01 00:00:00.000,10.0
NOR,2016-01-01 00:00:00.000,10.000000000000002
NOR,2017-01-01 00:00:00.000,10.0
NOR,2018-01-01 00:00:00.000,10.0
NOR,2019-01-01 00:00:00.000,10.0
NOR,2020-01-01 00:00:00.000,10.0
NOR,2021-01-01 00:00:00.000,10.0
NPL,2012-01-01 00:00:00.000,2.8877551020408165
NPL,2013-01-01 00:00:00.000,3.128834355828221
NPL,2014-01-01 00:00:00.000,3.4635691657866943
NPL,2015-01-01 00:00:00.000,3.236245954692557
NPL,2016-01-01 00:00:00.000,3.3082706766917305
NPL,2017-01-01 00:00:00.000,3.505494505494505
NPL,2018-01-01 00:00:00.000,3.9029768467475194
NPL,2019-01-01 00:00:00.000,4.025974025974026
NPL,2020-01-01 00:00:00.000,4.3497267759562845
NPL,2021-01-01 00:00:00.000,4.3497267759562845
NRU,2012-01-01 00:00:00.000,7.112244897959184
NRU,2013-01-01 00:00:00.000,6.687116564417178
NRU,2014-01-01 00:00:00.000,5.691657866948257
NRU,2015-01-01 00:00:00.000,5.3182308522114345
NRU,2016-01-01 00:00:00.000,5.531686358754029
NRU,2017-01-01 00:00:00.000,5.417582417582417
NRU,2018-01-01 00:00:00.000,5.578831312017641
NRU,2019-01-01 00:00:00.000,5.638528138528138
NRU,2020-01-01 00:00:00.000,5.672131147540984
NRU,2021-01-01 00:00:00.000,5.672131147540984
NZL,2012-01-01 00:00:00.000,9.683673469387756
NZL,2013-01-01 00:00:00.000,9.703476482617587
NZL,2014-01-01 00:00:00.000,9.83104540654699
NZL,2015-01-01 00:00:00.000,9.859762675296658
NZL,2016-01-01 00:00:00.000,9.849624060150378
NZL,2017-01-01 00:00:00.000,9.890109890109889
NZL,2018-01-01 00:00:00.000,9.966923925027565
NZL,2019-01-01 00:00:00.000,9.891774891774892
NZL,2020-01-01 00:00:00.000,9.901639344262296
NZL,2021-01-01 00:00:00.000,9.901639344262296
OMN,2012-01-01 00:00:00.000,5.704081632653061
OMN,2013-01-01 00:00:00.000,5.7566462167689165
OMN,2014-01-01 00:00:00.000,6.029567053854277
OMN,2015-01-01 00:00:00.000,5.933117583603021
OMN,2016-01-01 00:00:00.000,6.047261009667026
OMN,2017-01-01 00:00:00.000,6.01098901098901
OMN,2018-01-01 00:00:00.000,6.207276736493936
OMN,2019-01-01 00:00:00.000,6.3852813852813854
OMN,2020-01-01 00:00:00.000,6.262295081967213
OMN,2021-01-01 00:00:00.000,6.262295081967213
PAK,2012-01-01 00:00:00.000,1.9081632653061225
PAK,2013-01-01 00:00:00.000,1.973415132924335
PAK,2014-01-01 00:00:00.000,2.175290390707497
PAK,2015-01-01 00:00:00.000,2.0496224379719528
PAK,2016-01-01 00:00:00.000,2.0300751879699255
PAK,2017-01-01 00:00:00.000,2.0989010989010985
PAK,2018-01-01 00:00:00.000,2.249173098125689
PAK,2019-01-01 00:00:00.000,2.22943722943723
PAK,2020-01-01 00:00:00.000,2.568306010928962
PAK,2021-01-01 00:00:00.000,2.568306010928962
PAN,2012-01-01 00:00:00.000,5.142857142857142
PAN,2013-01-01 00:00:00.000,5.153374233128835
PAN,2014-01-01 00:00:00.000,5.4699049630411825
PAN,2015-01-01 00:00:00.000,5.566343042071198
PAN,2016-01-01 00:00:00.000,5.649838882921591
PAN,2017-01-01 00:00:00.000,5.648351648351647
PAN,2018-01-01 00:00:00.000,5.678059536934951
PAN,2019-01-01 00:00:00.000,5.746753246753246
PAN,2020-01-01 00:00:00.000,5.6830601092896185
PAN,2021-01-01 00:00:00.000,5.6830601092896185
PER,2012-01-01 00:00:00.000,4.377551020408163
PER,2013-01-01 00:00:00.000,4.345603271983641
PER,2014-01-01 00:00:00.000,4.4878563885955645
PER,2015-01-01 00:00:00.000,4.5091693635382954
PER,2016-01-01 00:00:00.000,4.833512352309346
PER,2017-01-01 00:00:00.000,4.747252747252746
PER,2018-01-01 00:00:00.000,4.8732083792723255
PER,2019-01-01 00:00:00.000,5.14069264069264
PER,2020-01-01 00:00:00.000,5.202185792349727
PER,2021-01-01 00:00:00.000,5.202185792349727
PHL,2012-01-01 00:00:00.000,3.938775510204082
PHL,2013-01-01 00:00:00.000,4.130879345603272
PHL,2014-01-01 00:00:00.000,4.435058078141499
PHL,2015-01-01 00:00:00.000,4.271844660194175
PHL,2016-01-01 00:00:00.000,4.06015037593985
PHL,2017-01-01 00:00:00.000,4.054945054945054
PHL,2018-01-01 00:00:00.000,4.156560088202868
PHL,2019-01-01 00:00:00.000,4.199134199134198
PHL,2020-01-01 00:00:00.000,4.327868852459016
PHL,2021-01-01 00:00:00.000,4.327868852459016
PLW,2012-01-01 00:00:00.000,5.714285714285714
PLW,2013-01-01 00:00:00.000,5.5725971370143155
PLW,2014-01-01 00:00:00.000,5.343189017951426
PLW,2015-01-01 00:00:00.000,5.1456310679611645
PLW,2016-01-01 00:00:00.000,5.284640171858218
PLW,2017-01-01 00:00:00.000,5.12087912087912
PLW,2018-01-01 00:00:00.000,5.115766262403529
PLW,2019-01-01 00:00:00.000,5.194805194805195
PLW,2020-01-01 00:00:00.000,4.9289617486338795
PLW,2021-01-01 00:00:00.000,4.9289617486338795
PNG,2012-01-01 00:00:00.000,3.295918367346939
PNG,2013-01-01 00:00:00.000,3.2719836400817996
PNG,2014-01-01 00:00:00.000,3.4635691657866943
PNG,2015-01-01 00:00:00.000,3.2686084142394822
PNG,2016-01-01 00:00:00.000,3.39419978517723
PNG,2017-01-01 00:00:00.000,3.2087912087912085
PNG,2018-01-01 00:00:00.000,3.318632855567806
PNG,2019-01-01 00:00:00.000,3.2792207792207795
PNG,2020-01-01 00:00:00.000,3.4535519125683063
PNG,2021-01-01 00:00:00.000,3.4535519125683063
POL,2012-01-01 00:00:00.000,7.469387755102041
POL,2013-01-01 00:00:00.000,7.361963190184049
POL,2014-01-01 00:00:00.000,7.529039070749736
POL,2015-01-01 00:00:00.000,7.454153182308523
POL,2016-01-01 00:00:00.000,7.239527389903331
POL,2017-01-01 00:00:00.000,7.109890109890109
POL,2018-01-01 00:00:00.000,7.144432194046308
POL,2019-01-01 00:00:00.000,7.218614718614718
POL,2020-01-01 00:00:00.000,7.2677595628415315
POL,2021-01-01 00:00:00.000,7.2677595628415315
PRK,2012-01-01 00:00:00.000,1.959183673469388
PRK,2013-01-01 00:00:00.000,1.6768916155419222
PRK,2014-01-01 00:00:00.000,1.1510031678986272
PRK,2015-01-01 00:00:00.000,0.960086299892125
PRK,2016-01-01 00:00:00.000,1.0848549946294308
PRK,2017-01-01 00:00:00.000,0.978021978021978
PRK,2018-01-01 00:00:00.000,1.1356119073869901
PRK,2019-01-01 00:00:00.000,1.1796536796536796
PRK,2020-01-01 00:00:00.000,1.1366120218579234
PRK,2021-01-01 00:00:00.000,1.1366120218579234
PRT,2012-01-01 00:00:00.000,7.561224489795918
PRT,2013-01-01 00:00:00.000,7.535787321063395
PRT,2014-01-01 00:00:00.000,7.729672650475185
PRT,2015-01-01 00:00:00.000,7.820927723840345
PRT,2016-01-01 00:00:00.000,7.862513426423202
PRT,2017-01-01 00:00:00.000,8.010989010989011
PRT,2018-01-01 00:00:00.000,8.114663726571115
PRT,2019-01-01 00:00:00.000,8.073593073593074
PRT,2020-01-01 00:00:00.000,8.120218579234974
PRT,2021-01-01 00:00:00.000,8.120218579234974
PRY,2012-01-01 00:00:00.000,3.714285714285715
PRY,2013-01-01 00:00:00.000,3.813905930470348
PRY,2014-01-01 00:00:00.000,4.340021119324182
PRY,2015-01-01 00:00:00.000,4.4228694714131604
PRY,2016-01-01 00:00:00.000,4.683136412459722
PRY,2017-01-01 00:00:00.000,4.7142857142857135
PRY,2018-01-01 00:00:00.000,4.928335170893053
PRY,2019-01-01 00:00:00.000,5.0432900432900425
PRY,2020-01-01 00:00:00.000,5.213114754098362
PRY,2021-01-01 00:00:00.000,5.213114754098362
QAT,2012-01-01 00:00:00.000,6.969387755102041
QAT,2013-01-01 00:00:00.000,7.259713701431493
QAT,2014-01-01 00:00:00.000,7.117212249208025
QAT,2015-01-01 00:00:00.000,6.947141316073354
QAT,2016-01-01 00:00:00.000,6.949516648764771
QAT,2017-01-01 00:00:00.000,6.692307692307692
QAT,2018-01-01 00:00:00.000,6.835722160970231
QAT,2019-01-01 00:00:00.000,6.861471861471861
QAT,2020-01-01 00:00:00.000,6.907103825136613
QAT,2021-01-01 00:00:00.000,6.907103825136613
ROU,2012-01-01 00:00:00.000,5.448979591836735
ROU,2013-01-01 00:00:00.000,5.593047034764826
ROU,2014-01-01 00:00:00.000,5.755015839493136
ROU,2015-01-01 00:00:00.000,5.825242718446602
ROU,2016-01-01 00:00:00.000,6.100966702470463
ROU,2017-01-01 00:00:00.000,6.065934065934065
ROU,2018-01-01 00:00:00.000,6.207276736493936
ROU,2019-01-01 00:00:00.000,6.536796536796536
ROU,2020-01-01 00:00:00.000,6.721311475409838
ROU,2021-01-01 00:00:00.000,6.721311475409838
RUS,2012-01-01 00:00:00.000,3.989795918367347
RUS,2013-01-01 00:00:00.000,4.0184049079754605
RUS,2014-01-01 00:00:00.000,3.991552270327349
RUS,2015-01-01 00:00:00.000,3.764832793959008
RUS,2016-01-01 00:00:00.000,3.8990332975295394
RUS,2017-01-01 00:00:00.000,3.9999999999999996
RUS,2018-01-01 00:00:00.000,4.288864388092614
RUS,2019-01-01 00:00:00.000,4.35064935064935
RUS,2020-01-01 00:00:00.000,4.251366120218579
RUS,2021-01-01 00:00:00.000,4.251366120218579
RWA,2012-01-01 00:00:00.000,3.969387755102041
RWA,2013-01-01 00:00:00.000,4.110429447852761
RWA,2014-01-01 00:00:00.000,4.2449841605068634
RWA,2015-01-01 00:00:00.000,4.347357065803667
RWA,2016-01-01 00:00:00.000,4.360902255639099
RWA,2017-01-01 00:00:00.000,4.417582417582417
RWA,2018-01-01 00:00:00.000,4.5644983461962525
RWA,2019-01-01 00:00:00.000,4.588744588744588
RWA,2020-01-01 00:00:00.000,4.535519125683061
RWA,2021-01-01 00:00:00.000,4.535519125683061
SAU,2012-01-01 00:00:00.000,4.408163265306122
SAU,2013-01-01 00:00:00.000,4.519427402862986
SAU,2014-01-01 00:00:00.000,4.688489968321014
SAU,2015-01-01 00:00:00.000,4.498381877022654
SAU,2016-01-01 00:00:00.000,4.94092373791622
SAU,2017-01-01 00:00:00.000,5.197802197802197
SAU,2018-01-01 00:00:00.000,5.3142227122381485
SAU,2019-01-01 00:00:00.000,5.346320346320346
SAU,2020-01-01 00:00:00.000,5.3770491803278695
SAU,2021-01-01 00:00:00.000,5.3770491803278695
SDN,2012-01-01 00:00:00.000,1.3775510204081631
SDN,2013-01-01 00:00:00.000,1.3292433537832309
SDN,2014-01-01 00:00:00.000,1.2249208025343186
SDN,2015-01-01 00:00:00.000,1.1111111111111112
SDN,2016-01-01 00:00:00.000,0.9452201933404943
SDN,2017-01-01 00:00:00.000,1.1648351648351647
SDN,2018-01-01 00:00:00.000,1.5104740904079383
SDN,2019-01-01 00:00:00.000,1.753246753246753
SDN,2020-01-01 00:00:00.000,1.9125683060109289
SDN,2021-01-01 00:00:00.000,1.9125683060109289
SEN,2012-01-01 00:00:00.000,4.316326530612245
SEN,2013-01-01 00:00:00.000,4.41717791411043
SEN,2014-01-01 00:00:00.000,4.7624076029567055
SEN,2015-01-01 00:00:00.000,4.735706580366775
SEN,2016-01-01 00:00:00.000,4.822771213748658
SEN,2017-01-01 00:00:00.000,4.813186813186812
SEN,2018-01-01 00:00:00.000,4.9614112458654915
SEN,2019-01-01 00:00:00.000,5.194805194805195
SEN,2020-01-01 00:00:00.000,5.158469945355192
SEN,2021-01-01 00:00:00.000,5.158469945355192
SGP,2012-01-01 00:00:00.000,8.5
SGP,2013-01-01 00:00:00.000,8.609406952965234
SGP,2014-01-01 00:00:00.000,8.595564941921857
SGP,2015-01-01 00:00:00.000,8.576051779935275
SGP,2016-01-01 00:00:00.000,8.689581095596136
SGP,2017-01-01 00:00:00.000,8.747252747252746
SGP,2018-01-01 00:00:00.000,8.96361631753032
SGP,2019-01-01 00:00:00.000,8.917748917748916
SGP,2020-01-01 00:00:00.000,8.896174863387978
SGP,2021-01-01 00:00:00.000,8.896174863387978
SLB,2012-01-01 00:00:00.000,4.193877551020408
SLB,2013-01-01 00:00:00.000,4.212678936605317
SLB,2014-01-01 00:00:00.000,4.5089757127771914
SLB,2015-01-01 00:00:00.000,4.47680690399137
SLB,2016-01-01 00:00:00.000,4.618689581095597
SLB,2017-01-01 00:00:00.000,4.703296703296702
SLB,2018-01-01 00:00:00.000,4.851157662624036
SLB,2019-01-01 00:00:00.000,4.967532467532466
SLB,2020-01-01 00:00:00.000,5.103825136612022
SLB,2021-01-01 00:00:00.000,5.103825136612022
SLE,2012-01-01 00:00:00.000,3.275510204081633
SLE,2013-01-01 00:00:00.000,3.312883435582822
SLE,2014-01-01 00:00:00.000,3.3368532206969377
SLE,2015-01-01 00:00:00.000,3.290183387270766
SLE,2016-01-01 00:00:00.000,3.4693877551020416
SLE,2017-01-01 00:00:00.000,3.5934065934065926
SLE,2018-01-01 00:00:00.000,3.7816979051819186
SLE,2019-01-01 00:00:00.000,3.9177489177489178
SLE,2020-01-01 00:00:00.000,3.879781420765027
SLE,2021-01-01 00:00:00.000,3.879781420765027
SLV,2012-01-01 00:00:00.000,4.387755102040816
SLV,2013-01-01 00:00:00.000,4.345603271983641
SLV,2014-01-01 00:00:00.000,4.5195353748680045
SLV,2015-01-01 00:00:00.000,4.347357065803667
SLV,2016-01-01 00:00:00.000,4.274973147153599
SLV,2017-01-01 00:00:00.000,4.153846153846152
SLV,2018-01-01 00:00:00.000,4.277839029768467
SLV,2019-01-01 00:00:00.000,4.686147186147186
SLV,2020-01-01 00:00:00.000,4.73224043715847
SLV,2021-01-01 00:00:00.000,4.73224043715847
SMR,2012-01-01 00:00:00.000,6.408163265306122
SMR,2013-01-01 00:00:00.000,6.370143149284253
SMR,2014-01-01 00:00:00.000,6.261879619852165
SMR,2015-01-01 00:00:00.000,6.138079827400215
SMR,2016-01-01 00:00:00.000,6.165413533834587
SMR,2017-01-01 00:00:00.000,6.032967032967031
SMR,2018-01-01 00:00:00.000,6.07497243660419
SMR,2019-01-01 00:00:00.000,6.147186147186147
SMR,2020-01-01 00:00:00.000,6.065573770491804
SMR,2021-01-01 00:00:00.000,6.065573770491804
SOM,2012-01-01 00:00:00.000,0.0
SOM,2013-01-01 00:00:00.000,0.0
SOM,2014-01-01 00:00:00.000,0.0
SOM,2015-01-01 00:00:00.000,0.0
SOM,2016-01-01 00:00:00.000,0.0
SOM,2017-01-01 00:00:00.000,0.0
SOM,2018-01-01 00:00:00.000,0.0
SOM,2019-01-01 00:00:00.000,0.0
SOM,2020-01-01 00:00:00.000,0.0
SOM,2021-01-01 00:00:00.000,0.0
SRB,2012-01-01 00:00:00.000,5.081632653061225
SRB,2013-01-01 00:00:00.000,5.286298568507157
SRB,2014-01-01 00:00:00.000,5.691657866948257
SRB,2015-01-01 00:00:00.000,5.674217907227616
SRB,2016-01-01 00:00:00.000,5.606874328678841
SRB,2017-01-01 00:00:00.000,5.483516483516482
SRB,2018-01-01 00:00:00.000,5.567805953693496
SRB,2019-01-01 00:00:00.000,5.584415584415584
SRB,2020-01-01 00:00:00.000,5.508196721311476
SRB,2021-01-01 00:00:00.000,5.508196721311476
SSD,2012-01-01 00:00:00.000,1.8877551020408163
SSD,2013-01-01 00:00:00.000,1.4008179959100204
SSD,2014-01-01 00:00:00.000,0.5068637803590285
SSD,2015-01-01 00:00:00.000,0.4422869471413161
SSD,2016-01-01 00:00:00.000,0.2685284640171859
SSD,2017-01-01 00:00:00.000,0.12087912087912078
SSD,2018-01-01 00:00:00.000,0.12127894156560082
SSD,2019-01-01 00:00:00.000,0.09740259740259744
SSD,2020-01-01 00:00:00.000,0.30601092896174864
SSD,2021-01-01 00:00:00.000,0.30601092896174864
STP,2012-01-01 00:00:00.000,4.520408163265306
STP,2013-01-01 00:00:00.000,4.50920245398773
STP,2014-01-01 00:00:00.000,4.751847940865892
STP,2015-01-01 00:00:00.000,4.5954692556634305
STP,2016-01-01 00:00:00.000,4.779806659505908
STP,2017-01-01 00:00:00.000,4.780219780219779
STP,2018-01-01 00:00:00.000,5.016538037486217
STP,2019-01-01 00:00:00.000,5.173160173160173
STP,2020-01-01 00:00:00.000,5.114754098360656
STP,2021-01-01 00:00:00.000,5.114754098360656
SUR,2012-01-01 00:00:00.000,5.153061224489796
SUR,2013-01-01 00:00:00.000,5.224948875255625
SUR,2014-01-01 00:00:00.000,5.300950369588173
SUR,2015-01-01 00:00:00.000,5.264293419633225
SUR,2016-01-01 00:00:00.000,5.27389903329753
SUR,2017-01-01 00:00:00.000,5.3406593406593394
SUR,2018-01-01 00:00:00.000,5.468577728776186
SUR,2019-01-01 00:00:00.000,5.757575757575757
SUR,2020-01-01 00:00:00.000,5.912568306010929
SUR,2021-01-01 00:00:00.000,5.912568306010929
SVK,2012-01-01 00:00:00.000,7.316326530612245
SVK,2013-01-01 00:00:00.000,7.280163599182004
SVK,2014-01-01 00:00:00.000,7.391763463569165
SVK,2015-01-01 00:00:00.000,7.1736785329018335
SVK,2016-01-01 00:00:00.000,7.261009667024706
SVK,2017-01-01 00:00:00.000,7.219780219780218
SVK,2018-01-01 00:00:00.000,7.232635060639472
SVK,2019-01-01 00:00:00.000,7.25108225108225
SVK,2020-01-01 00:00:00.000,7.562841530054646
SVK,2021-01-01 00:00:00.000,7.562841530054646
SVN,2012-01-01 00:00:00.000,7.714285714285714
SVN,2013-01-01 00:00:00.000,7.668711656441718
SVN,2014-01-01 00:00:00.000,7.729672650475185
SVN,2015-01-01 00:00:00.000,7.702265372168284
SVN,2016-01-01 00:00:00.000,7.862513426423202
SVN,2017-01-01 00:00:00.000,7.813186813186811
SVN,2018-01-01 00:00:00.000,7.971334068357223
SVN,2019-01-01 00:00:00.000,8.062770562770563
SVN,2020-01-01 00:00:00.000,7.9344262295081975
SVN,2021-01-01 00:00:00.000,7.9344262295081975
SWE,2012-01-01 00:00:00.000,9.877551020408163
SWE,2013-01-01 00:00:00.000,9.815950920245397
SWE,2014-01-01 00:00:00.000,9.767687434002111
SWE,2015-01-01 00:00:00.000,9.665587918015103
SWE,2016-01-01 00:00:00.000,9.645542427497318
SWE,2017-01-01 00:00:00.000,9.637362637362637
SWE,2018-01-01 00:00:00.000,9.636163175303198
SWE,2019-01-01 00:00:00.000,9.761904761904761
SWE,2020-01-01 00:00:00.000,9.639344262295083
SWE,2021-01-01 00:00:00.000,9.639344262295083
SWZ,2012-01-01 00:00:00.000,3.5510204081632657
SWZ,2013-01-01 00:00:00.000,3.588957055214724
SWZ,2014-01-01 00:00:00.000,3.537486800422386
SWZ,2015-01-01 00:00:00.000,3.3980582524271847
SWZ,2016-01-01 00:00:00.000,3.383458646616542
SWZ,2017-01-01 00:00:00.000,3.56043956043956
SWZ,2018-01-01 00:00:00.000,3.60529217199559
SWZ,2019-01-01 00:00:00.000,3.5173160173160176
SWZ,2020-01-01 00:00:00.000,3.573770491803279
SWZ,2021-01-01 00:00:00.000,3.573770491803279
SYC,2012-01-01 00:00:00.000,5.989795918367347
SYC,2013-01-01 00:00:00.000,6.083844580777097
SYC,2014-01-01 00:00:00.000,5.881731784582893
SYC,2015-01-01 00:00:00.000,6.3322545846817695
SYC,2016-01-01 00:00:00.000,6.369495166487649
SYC,2017-01-01 00:00:00.000,6.3186813186813175
SYC,2018-01-01 00:00:00.000,6.703417861080485
SYC,2019-01-01 00:00:00.000,7.012987012987013
SYC,2020-01-01 00:00:00.000,7.289617486338798
SYC,2021-01-01 00:00:00.000,7.289617486338798
SYR,2012-01-01 00:00:00.000,1.5510204081632653
SYR,2013-01-01 00:00:00.000,1.3599182004089978
SYR,2014-01-01 00:00:00.000,1.108764519535375
SYR,2015-01-01 00:00:00.000,0.8522114347357067
SYR,2016-01-01 00:00:00.000,0.5907626208378091
SYR,2017-01-01 00:00:00.000,0.5824175824175822
SYR,2018-01-01 00:00:00.000,0.6284454244762956
SYR,2019-01-01 00:00:00.000,0.606060606060606
SYR,2020-01-01 00:00:00.000,0.644808743169399
SYR,2021-01-01 00:00:00.000,0.644808743169399
TCD,2012-01-01 00:00:00.000,1.9081632653061225
TCD,2013-01-01 00:00:00.000,1.8302658486707568
TCD,2014-01-01 00:00:00.000,1.678986272439282
TCD,2015-01-01 00:00:00.000,1.7691477885652644
TCD,2016-01-01 00:00:00.000,1.4930182599355537
TCD,2017-01-01 00:00:00.000,1.4725274725274722
TCD,2018-01-01 00:00:00.000,1.4443219404630652
TCD,2019-01-01 00:00:00.000,1.6017316017316017
TCD,2020-01-01 00:00:00.000,1.639344262295082
TCD,2021-01-01 00:00:00.000,1.639344262295082
TGO,2012-01-01 00:00:00.000,2.8469387755102042
TGO,2013-01-01 00:00:00.000,2.832310838445808
TGO,2014-01-01 00:00:00.000,3.0939809926082362
TGO,2015-01-01 00:00:00.000,3.085221143473571
TGO,2016-01-01 00:00:00.000,3.404940923737917
TGO,2017-01-01 00:00:00.000,2.8791208791208787
TGO,2018-01-01 00:00:00.000,3.0099228224917307
TGO,2019-01-01 00:00:00.000,3.106060606060606
TGO,2020-01-01 00:00:00.000,3.1475409836065573
TGO,2021-01-01 00:00:00.000,3.1475409836065573
THA,2012-01-01 00:00:00.000,3.9591836734693877
THA,2013-01-01 00:00:00.000,3.875255623721882
THA,2014-01-01 00:00:00.000,3.8437170010559663
THA,2015-01-01 00:00:00.000,3.7216828478964405
THA,2016-01-01 00:00:00.000,3.995703544575726
THA,2017-01-01 00:00:00.000,4.153846153846152
THA,2018-01-01 00:00:00.000,4.321940463065049
THA,2019-01-01 00:00:00.000,4.816017316017316
THA,2020-01-01 00:00:00.000,4.994535519125684
THA,2021-01-01 00:00:00.000,4.994535519125684
TJK,2012-01-01 00:00:00.000,2.173469387755102
TJK,2013-01-01 00:00:00.000,2.096114519427403
TJK,2014-01-01 00:00:00.000,2.5026399155227033
TJK,2015-01-01 00:00:00.000,2.2114347357065807
TJK,2016-01-01 00:00:00.000,2.169709989258862
TJK,2017-01-01 00:00:00.000,1.912087912087912
TJK,2018-01-01 00:00:00.000,1.9845644983461965
TJK,2019-01-01 00:00:00.000,2.1428571428571432
TJK,2020-01-01 00:00:00.000,2.1420765027322406
TJK,2021-01-01 00:00:00.000,2.1420765027322406
TKM,2012-01-01 00:00:00.000,2.2142857142857144
TKM,2013-01-01 00:00:00.000,2.1676891615541924
TKM,2014-01-01 00:00:00.000,2.090813093980992
TKM,2015-01-01 00:00:00.000,1.8446601941747578
TKM,2016-01-01 00:00:00.000,1.7722878625134268
TKM,2017-01-01 00:00:00.000,1.7692307692307692
TKM,2018-01-01 00:00:00.000,1.9184123484013234
TKM,2019-01-01 00:00:00.000,1.8831168831168827
TKM,2020-01-01 00:00:00.000,1.890710382513661
TKM,2021-01-01 00:00:00.000,1.890710382513661
TLS,2012-01-01 00:00:00.000,3.5510204081632657
TLS,2013-01-01 00:00:00.000,3.5276073619631902
TLS,2014-01-01 00:00:00.000,3.8965153115100315
TLS,2015-01-01 00:00:00.000,3.7540453074433664
TLS,2016-01-01 00:00:00.000,3.952738990332976
TLS,2017-01-01 00:00:00.000,4.01098901098901
TLS,2018-01-01 00:00:00.000,4.310915104740904
TLS,2019-01-01 00:00:00.000,4.448051948051948
TLS,2020-01-01 00:00:00.000,4.4043715846994544
TLS,2021-01-01 00:00:00.000,4.4043715846994544
TON,2012-01-01 00:00:00.000,5.459183673469388
TON,2013-01-01 00:00:00.000,5.582822085889571
TON,2014-01-01 00:00:00.000,5.659978880675818
TON,2015-01-01 00:00:00.000,5.4908306364617046
TON,2016-01-01 00:00:00.000,5.778732545649841
TON,2017-01-01 00:00:00.000,5.79120879120879
TON,2018-01-01 00:00:00.000,6.07497243660419
TON,2019-01-01 00:00:00.000,6.049783549783549
TON,2020-01-01 00:00:00.000,6.010928961748634
TON,2021-01-01 00:00:00.000,6.010928961748634
TTO,2012-01-01 00:00:00.000,5.785714285714286
TTO,2013-01-01 00:00:00.000,5.715746421267894
TTO,2014-01-01 00:00:00.000,5.797254487856389
TTO,2015-01-01 00:00:00.000,5.81445523193096
TTO,2016-01-01 00:00:00.000,5.939849624060151
TTO,2017-01-01 00:00:00.000,5.9120879120879115
TTO,2018-01-01 00:00:00.000,5.97574421168688
TTO,2019-01-01 00:00:00.000,6.0064935064935066
TTO,2020-01-01 00:00:00.000,6.087431693989071
TTO,2021-01-01 00:00:00.000,6.087431693989071
TUN,2012-01-01 00:00:00.000,4.755102040816326
TUN,2013-01-01 00:00:00.000,4.672801635991821
TUN,2014-01-01 00:00:00.000,4.941921858500528
TUN,2015-01-01 00:00:00.000,4.82200647249191
TUN,2016-01-01 00:00:00.000,4.844253490870034
TUN,2017-01-01 00:00:00.000,4.9120879120879115
TUN,2018-01-01 00:00:00.000,5.325248070562294
TUN,2019-01-01 00:00:00.000,5.411255411255411
TUN,2020-01-01 00:00:00.000,5.66120218579235
TUN,2021-01-01 00:00:00.000,5.66120218579235
TUR,2012-01-01 00:00:00.000,4.76530612244898
TUR,2013-01-01 00:00:00.000,4.672801635991821
TUR,2014-01-01 00:00:00.000,4.635691657866948
TUR,2015-01-01 00:00:00.000,4.325782092772384
TUR,2016-01-01 00:00:00.000,3.9742212674543507
TUR,2017-01-01 00:00:00.000,4.065934065934065
TUR,2018-01-01 00:00:00.000,4.355016538037486
TUR,2019-01-01 00:00:00.000,4.415584415584415
TUR,2020-01-01 00:00:00.000,4.491803278688526
TUR,2021-01-01 00:00:00.000,4.491803278688526
TUV,2012-01-01 00:00:00.000,5.785714285714286
TUV,2013-01-01 00:00:00.000,5.807770961145194
TUV,2014-01-01 00:00:00.000,6.240760295670539
TUV,2015-01-01 00:00:00.000,6.213592233009709
TUV,2016-01-01 00:00:00.000,6.423200859291086
TUV,2017-01-01 00:00:00.000,6.384615384615383
TUV,2018-01-01 00:00:00.000,6.582138919514884
TUV,2019-01-01 00:00:00.000,6.742424242424242
TUV,2020-01-01 00:00:00.000,6.743169398907105
TUV,2021-01-01 00:00:00.000,6.743169398907105
TZA,2012-01-01 00:00:00.000,3.785714285714286
TZA,2013-01-01 00:00:00.000,3.640081799591002
TZA,2014-01-01 00:00:00.000,3.505807814149947
TZA,2015-01-01 00:00:00.000,3.5490830636461705
TZA,2016-01-01 00:00:00.000,3.716433941997853
TZA,2017-01-01 00:00:00.000,3.5714285714285707
TZA,2018-01-01 00:00:00.000,3.6383682469680267
TZA,2019-01-01 00:00:00.000,3.7121212121212124
TZA,2020-01-01 00:00:00.000,3.595628415300547
TZA,2021-01-01 00:00:00.000,3.595628415300547
UGA,2012-01-01 00:00:00.000,3.163265306122449
UGA,2013-01-01 00:00:00.000,3.077709611451943
UGA,2014-01-01 00:00:00.000,2.9144667370644135
UGA,2015-01-01 00:00:00.000,2.8802588996763756
UGA,2016-01-01 00:00:00.000,2.9538131041890447
UGA,2017-01-01 00:00:00.000,2.9890109890109886
UGA,2018-01-01 00:00:00.000,3.031973539140022
UGA,2019-01-01 00:00:00.000,3.0844155844155843
UGA,2020-01-01 00:00:00.000,3.1475409836065573
UGA,2021-01-01 00:00:00.000,3.1475409836065573
UKR,2012-01-01 00:00:00.000,4.040816326530612
UKR,2013-01-01 00:00:00.000,3.7218813905930475
UKR,2014-01-01 00:00:00.000,3.3474128827877503
UKR,2015-01-01 00:00:00.000,3.365695792880259
UKR,2016-01-01 00:00:00.000,3.673469387755103
UKR,2017-01-01 00:00:00.000,3.747252747252747
UKR,2018-01-01 00:00:00.000,3.8588754134509373
UKR,2019-01-01 00:00:00.000,4.33982683982684
UKR,2020-01-01 00:00:00.000,4.590163934426229
UKR,2021-01-01 00:00:00.000,4.590163934426229
URY,2012-01-01 00:00:00.000,7.408163265306123
URY,2013-01-01 00:00:00.000,7.484662576687117
URY,2014-01-01 00:00:00.000,7.814149947201689
URY,2015-01-01 00:00:00.000,7.777777777777779
URY,2016-01-01 00:00:00.000,7.798066595059078
URY,2017-01-01 00:00:00.000,7.824175824175824
URY,2018-01-01 00:00:00.000,8.169790518191842
URY,2019-01-01 00:00:00.000,8.257575757575758
URY,2020-01-01 00:00:00.000,8.437158469945356
URY,2021-01-01 00:00:00.000,8.437158469945356
USA,2012-01-01 00:00:00.000,8.36734693877551
USA,2013-01-01 00:00:00.000,8.139059304703474
USA,2014-01-01 00:00:00.000,8.257655755015838
USA,2015-01-01 00:00:00.000,8.306364617044228
USA,2016-01-01 00:00:00.000,8.410311493018263
USA,2017-01-01 00:00:00.000,8.34065934065934
USA,2018-01-01 00:00:00.000,8.434399117971335
USA,2019-01-01 00:00:00.000,8.16017316017316
USA,2020-01-01 00:00:00.000,7.912568306010931
USA,2021-01-01 00:00:00.000,7.912568306010931
UZB,2012-01-01 00:00:00.000,2.3469387755102042
UZB,2013-01-01 00:00:00.000,2.4335378323108388
UZB,2014-01-01 00:00:00.000,2.7877507919746565
UZB,2015-01-01 00:00:00.000,2.6645091693635385
UZB,2016-01-01 00:00:00.000,2.8893662728249203
UZB,2017-01-01 00:00:00.000,2.89010989010989
UZB,2018-01-01 00:00:00.000,3.274531422271224
UZB,2019-01-01 00:00:00.000,3.647186147186147
UZB,2020-01-01 00:00:00.000,3.6174863387978147
UZB,2021-01-01 00:00:00.000,3.6174863387978147
VCT,2012-01-01 00:00:00.000,7.122448979591836
VCT,2013-01-01 00:00:00.000,7.0961145194274025
VCT,2014-01-01 00:00:00.000,6.969376979936642
VCT,2015-01-01 00:00:00.000,6.947141316073354
VCT,2016-01-01 00:00:00.000,6.917293233082708
VCT,2017-01-01 00:00:00.000,6.857142857142856
VCT,2018-01-01 00:00:00.000,6.979051819184123
VCT,2019-01-01 00:00:00.000,7.0995670995671
VCT,2020-01-01 00:00:00.000,7.169398907103826
VCT,2021-01-01 00:00:00.000,7.169398907103826
VEN,2012-01-01 00:00:00.000,3.0510204081632653
VEN,2013-01-01 00:00:00.000,2.975460122699387
VEN,2014-01-01 00:00:00.000,2.9250263991552266
VEN,2015-01-01 00:00:00.000,2.6645091693635385
VEN,2016-01-01 00:00:00.000,2.588614393125672
VEN,2017-01-01 00:00:00.000,2.3296703296703294
VEN,2018-01-01 00:00:00.000,2.1719955898566705
VEN,2019-01-01 00:00:00.000,2.088744588744589
VEN,2020-01-01 00:00:00.000,1.989071038251366
VEN,2021-01-01 00:00:00.000,1.989071038251366
VNM,2012-01-01 00:00:00.000,4.051020408163265
VNM,2013-01-01 00:00:00.000,4.100204498977505
VNM,2014-01-01 00:00:00.000,4.076029567053855
VNM,2015-01-01 00:00:00.000,4.077669902912621
VNM,2016-01-01 00:00:00.000,4.511278195488722
VNM,2017-01-01 00:00:00.000,4.439560439560439
VNM,2018-01-01 00:00:00.000,4.707828004410144
VNM,2019-01-01 00:00:00.000,4.686147186147186
VNM,2020-01-01 00:00:00.000,4.688524590163935
VNM,2021-01-01 00:00:00.000,4.688524590163935
VUT,2012-01-01 00:00:00.000,5.704081632653061
VUT,2013-01-01 00:00:00.000,5.664621676891616
VUT,2014-01-01 00:00:00.000,5.70221752903907
VUT,2015-01-01 00:00:00.000,5.2319309600862995
VUT,2016-01-01 00:00:00.000,5.467239527389904
VUT,2017-01-01 00:00:00.000,5.648351648351647
VUT,2018-01-01 00:00:00.000,5.667034178610805
VUT,2019-01-01 00:00:00.000,5.64935064935065
VUT,2020-01-01 00:00:00.000,5.60655737704918
VUT,2021-01-01 00:00:00.000,5.60655737704918
WSM,2012-01-01 00:00:00.000,5.704081632653061
WSM,2013-01-01 00:00:00.000,5.746421267893661
WSM,2014-01-01 00:00:00.000,6.209081309398099
WSM,2015-01-01 00:00:00.000,6.22437971952535
WSM,2016-01-01 00:00:00.000,6.380236305048336
WSM,2017-01-01 00:00:00.000,6.615384615384614
WSM,2018-01-01 00:00:00.000,6.714443219404631
WSM,2019-01-01 00:00:00.000,6.872294372294372
WSM,2020-01-01 00:00:00.000,6.775956284153006
WSM,2021-01-01 00:00:00.000,6.775956284153006
YEM,2012-01-01 00:00:00.000,1.683673469387755
YEM,2013-01-01 00:00:00.000,1.7484662576687118
YEM,2014-01-01 00:00:00.000,1.4149947201689548
YEM,2015-01-01 00:00:00.000,1.1974110032362462
YEM,2016-01-01 00:00:00.000,0.7733619763694953
YEM,2017-01-01 00:00:00.000,0.6153846153846153
YEM,2018-01-01 00:00:00.000,0.595369349503859
YEM,2019-01-01 00:00:00.000,0.6926406926406927
YEM,2020-01-01 00:00:00.000,0.7322404371584699
YEM,2021-01-01 00:00:00.000,0.7322404371584699
ZAF,2012-01-01 00:00:00.000,5.551020408163265
ZAF,2013-01-01 00:00:00.000,5.65439672801636
ZAF,2014-01-01 00:00:00.000,5.7127771911298835
ZAF,2015-01-01 00:00:00.000,5.652642934196333
ZAF,2016-01-01 00:00:00.000,5.800214822771214
ZAF,2017-01-01 00:00:00.000,5.549450549450548
ZAF,2018-01-01 00:00:00.000,5.788313120176406
ZAF,2019-01-01 00:00:00.000,5.974025974025974
ZAF,2020-01-01 00:00:00.000,6.0
ZAF,2021-01-01 00:00:00.000,6.0
ZMB,2012-01-01 00:00:00.000,4.418367346938775
ZMB,2013-01-01 00:00:00.000,4.325153374233128
ZMB,2014-01-01 00:00:00.000,4.202745512143611
ZMB,2015-01-01 00:00:00.000,4.131607335490831
ZMB,2016-01-01 00:00:00.000,3.9742212674543507
ZMB,2017-01-01 00:00:00.000,3.8131868131868125
ZMB,2018-01-01 00:00:00.000,3.8588754134509373
ZMB,2019-01-01 00:00:00.000,3.8095238095238098
ZMB,2020-01-01 00:00:00.000,3.6721311475409837
ZMB,2021-01-01 00:00:00.000,3.6721311475409837
ZWE,2012-01-01 00:00:00.000,2.0714285714285716
ZWE,2013-01-01 00:00:00.000,2.188139059304704
ZWE,2014-01-01 00:00:00.000,2.259767687434002
ZWE,2015-01-01 00:00:00.000,2.4163969795037756
ZWE,2016-01-01 00:00:00.000,2.4274973147153607
ZWE,2017-01-01 00:00:00.000,2.2747252747252746
ZWE,2018-01-01 00:00:00.000,2.4807056229327453
ZWE,2019-01-01 00:00:00.000,2.391774891774892
ZWE,2020-01-01 00:00:00.000,2.404371584699454
ZWE,2021-01-01 00:00:00.000,2.404371584699454
