"iso3","year","gdp"
AFG,2011-01-01 00:00:00.000,621.912310861592
ALB,2011-01-01 00:00:00.000,4437.14261222684
DZA,2011-01-01 00:00:00.000,5473.2805504316
AND,2011-01-01 00:00:00.000,51429.1919196159
AGO,2011-01-01 00:00:00.000,4511.15322719034
ATG,2011-01-01 00:00:00.000,13117.1469408968
ARG,2011-01-01 00:00:00.000,12848.8641969705
ARM,2011-01-01 00:00:00.000,3462.6816110805
AUS,2011-01-01 00:00:00.000,62596.4321748915
AUT,2011-01-01 00:00:00.000,51442.2762464407
AZE,2011-01-01 00:00:00.000,7189.69122920765
BHS,2011-01-01 00:00:00.000,26644.9265775896
BHR,2011-01-01 00:00:00.000,23741.5574626702
BGD,2011-01-01 00:00:00.000,856.381586098739
BRB,2011-01-01 00:00:00.000,16907.2092592727
BLR,2011-01-01 00:00:00.000,6527.17386871642
BEL,2011-01-01 00:00:00.000,47410.5669277464
BLZ,2011-01-01 00:00:00.000,5521.36627642336
BEN,2011-01-01 00:00:00.000,1099.4143113919
BTN,2011-01-01 00:00:00.000,2491.27167707216
BOL,2011-01-01 00:00:00.000,2304.96983521132
BIH,2011-01-01 00:00:00.000,4981.03568097896
BWA,2011-01-01 00:00:00.000,7080.81281326927
BRA,2011-01-01 00:00:00.000,13200.7850823986
BRN,2011-01-01 00:00:00.000,46139.5844090516
BGR,2011-01-01 00:00:00.000,7849.16528274432
BFA,2011-01-01 00:00:00.000,727.6125146559
BDI,2011-01-01 00:00:00.000,236.451353673737
CPV,2011-01-01 00:00:00.000,3537.13983732298
KHM,2011-01-01 00:00:00.000,880.310304425532
CMR,2011-01-01 00:00:00.000,1497.92666739037
CAN,2011-01-01 00:00:00.000,52223.696112356
CAF,2011-01-01 00:00:00.000,515.209531914838
TCD,2011-01-01 00:00:00.000,988.194214568524
CHL,2011-01-01 00:00:00.000,14628.5724573037
CHN,2011-01-01 00:00:00.000,5614.35213522574
COL,2011-01-01 00:00:00.000,7392.45236079278
COM,2011-01-01 00:00:00.000,1526.83250550796
COD,2011-01-01 00:00:00.000,376.374981122052
COG,2011-01-01 00:00:00.000,3415.06256258418
CRI,2011-01-01 00:00:00.000,9137.45582337247
CIV,2011-01-01 00:00:00.000,1701.70473363773
HRV,2011-01-01 00:00:00.000,14812.8694716528
CUB,2011-01-01 00:00:00.000,6106.0067919258
CYP,2011-01-01 00:00:00.000,32486.4296875
CZE,2011-01-01 00:00:00.000,21871.2660754128
DNK,2011-01-01 00:00:00.000,61753.647131977
DJI,2011-01-01 00:00:00.000,1322.72625083956
DMA,2011-01-01 00:00:00.000,7288.49794777466
DOM,2011-01-01 00:00:00.000,5859.37921671885
ECU,2011-01-01 00:00:00.000,5202.65645902066
EGY,2011-01-01 00:00:00.000,2645.6225349104
SLV,2011-01-01 00:00:00.000,3304.97418347889
GNQ,2011-01-01 00:00:00.000,18659.4170544306
ERI,2011-01-01 00:00:00.000,643.790042311239
EST,2011-01-01 00:00:00.000,17487.8047830922
SWZ,2011-01-01 00:00:00.000,4360.97918640339
ETH,2011-01-01 00:00:00.000,348.001348291465
FJI,2011-01-01 00:00:00.000,4160.68402100408
FIN,2011-01-01 00:00:00.000,51148.9316365833
FRA,2011-01-01 00:00:00.000,43846.4660764798
GAB,2011-01-01 00:00:00.000,10273.7990117299
GMB,2011-01-01 00:00:00.000,705.477974263661
GEO,2011-01-01 00:00:00.000,4021.74330617286
DEU,2011-01-01 00:00:00.000,46705.8957963353
GHA,2011-01-01 00:00:00.000,1501.08385003017
GRC,2011-01-01 00:00:00.000,25483.8825644931
GRD,2011-01-01 00:00:00.000,6775.7525011393
GTM,2011-01-01 00:00:00.000,3228.0457411296
GIN,2011-01-01 00:00:00.000,644.50254459569
GNB,2011-01-01 00:00:00.000,683.534513296715
GUY,2011-01-01 00:00:00.000,4960.00472639074
HTI,2011-01-01 00:00:00.000,1306.84612967841
HND,2011-01-01 00:00:00.000,2053.96425516299
HUN,2011-01-01 00:00:00.000,14234.471576937
ISL,2011-01-01 00:00:00.000,47714.5922308485
IND,2011-01-01 00:00:00.000,1449.60178853415
IDN,2011-01-01 00:00:00.000,3613.80090208324
IRN,2011-01-01 00:00:00.000,8201.58170850865
IRQ,2011-01-01 00:00:00.000,5736.89895897239
IRL,2011-01-01 00:00:00.000,52183.1329312154
ISR,2011-01-01 00:00:00.000,34354.7161182231
ITA,2011-01-01 00:00:00.000,38649.6394836789
JAM,2011-01-01 00:00:00.000,5259.92948717911
JPN,2011-01-01 00:00:00.000,48760.0789494211
JOR,2011-01-01 00:00:00.000,4152.49398238806
KAZ,2011-01-01 00:00:00.000,11634.0012021103
KEN,2011-01-01 00:00:00.000,1099.31509362919
KIR,2011-01-01 00:00:00.000,1644.34479632542
PRK,2011-01-01 00:00:00.000,
KOR,2011-01-01 00:00:00.000,25096.2638838239
KWT,2011-01-01 00:00:00.000,49006.5814547658
KGZ,2011-01-01 00:00:00.000,1123.8831680627
LAO,2011-01-01 00:00:00.000,1363.72529043154
LVA,2011-01-01 00:00:00.000,13338.9622350852
LBN,2011-01-01 00:00:00.000,7914.10956809875
LSO,2011-01-01 00:00:00.000,1265.86386667226
LBR,2011-01-01 00:00:00.000,573.526422156584
LBY,2011-01-01 00:00:00.000,7783.83114839688
LIE,2011-01-01 00:00:00.000,158611.110488753
LTU,2011-01-01 00:00:00.000,14376.9478643932
LUX,2011-01-01 00:00:00.000,119025.057203467
MDG,2011-01-01 00:00:00.000,516.902539244045
MWI,2011-01-01 00:00:00.000,528.453127077329
MYS,2011-01-01 00:00:00.000,10209.3819536909
MDV,2011-01-01 00:00:00.000,7409.33596846724
MLI,2011-01-01 00:00:00.000,810.182600735989
MLT,2011-01-01 00:00:00.000,23155.5628148844
MHL,2011-01-01 00:00:00.000,3238.88731570104
MRT,2011-01-01 00:00:00.000,1919.45452401163
MUS,2011-01-01 00:00:00.000,9197.02697152061
MEX,2011-01-01 00:00:00.000,10341.5210484975
FSM,2011-01-01 00:00:00.000,2885.44124871393
MDA,2011-01-01 00:00:00.000,2941.36211882435
MCO,2011-01-01 00:00:00.000,179372.76368395
MNG,2011-01-01 00:00:00.000,3793.74375416147
MNE,2011-01-01 00:00:00.000,7328.93225247529
MAR,2011-01-01 00:00:00.000,3041.14575195313
MOZ,2011-01-01 00:00:00.000,605.273468552994
MMR,2011-01-01 00:00:00.000,1086.83846738793
NAM,2011-01-01 00:00:00.000,5873.0794942491
NRU,2011-01-01 00:00:00.000,6423.74867940431
NPL,2011-01-01 00:00:00.000,791.225217045595
NLD,2011-01-01 00:00:00.000,54230.3129029852
NZL,2011-01-01 00:00:00.000,38387.6270784076
NIC,2011-01-01 00:00:00.000,1644.79935412236
NER,2011-01-01 00:00:00.000,507.602523308191
NGA,2011-01-01 00:00:00.000,2504.87827884434
MKD,2011-01-01 00:00:00.000,5098.09758250193
NOR,2011-01-01 00:00:00.000,100600.562407589
OMN,2011-01-01 00:00:00.000,24166.0963053624
PAK,2011-01-01 00:00:00.000,1075.45049647803
PLW,2011-01-01 00:00:00.000,10795.5646929825
PAN,2011-01-01 00:00:00.000,9403.43990821634
PNG,2011-01-01 00:00:00.000,2303.79746130093
PRY,2011-01-01 00:00:00.000,5776.2818479967
PER,2011-01-01 00:00:00.000,5826.83230656078
PHL,2011-01-01 00:00:00.000,2431.20203745534
POL,2011-01-01 00:00:00.000,13776.6115521996
PRT,2011-01-01 00:00:00.000,23217.2954965207
QAT,2011-01-01 00:00:00.000,92992.9971307452
ROU,2011-01-01 00:00:00.000,9560.18451265292
RUS,2011-01-01 00:00:00.000,14311.083984375
RWA,2011-01-01 00:00:00.000,650.602628610861
WSM,2011-01-01 00:00:00.000,3789.66667899642
SMR,2011-01-01 00:00:00.000,55816.3651012268
STP,2011-01-01 00:00:00.000,1244.27162469378
SAU,2011-01-01 00:00:00.000,22262.6136629624
SEN,2011-01-01 00:00:00.000,1383.53919282968
SRB,2011-01-01 00:00:00.000,6809.15980400146
SYC,2011-01-01 00:00:00.000,12189.0951601357
SLE,2011-01-01 00:00:00.000,445.005362066105
SGP,2011-01-01 00:00:00.000,53890.4287270504
SVK,2011-01-01 00:00:00.000,18509.7402157541
SVN,2011-01-01 00:00:00.000,25128.0150431304
SLB,2011-01-01 00:00:00.000,1921.34604301498
SOM,2011-01-01 00:00:00.000,
ZAF,2011-01-01 00:00:00.000,8737.07977396507
SSD,2011-01-01 00:00:00.000,1455.35840718862
ESP,2011-01-01 00:00:00.000,31677.9003083652
LKA,2011-01-01 00:00:00.000,3321.4845323033
KNA,2011-01-01 00:00:00.000,17571.9805680294
LCA,2011-01-01 00:00:00.000,9160.81447272594
VCT,2011-01-01 00:00:00.000,6566.482713176
SDN,2011-01-01 00:00:00.000,1982.8310546875
SUR,2011-01-01 00:00:00.000,8009.25230244723
SWE,2011-01-01 00:00:00.000,60755.7595508465
CHE,2011-01-01 00:00:00.000,90476.7589651577
SYR,2011-01-01 00:00:00.000,2971.2824338307
TJK,2011-01-01 00:00:00.000,837.878466089897
TZA,2011-01-01 00:00:00.000,768.933471679688
THA,2011-01-01 00:00:00.000,5396.64942631764
TLS,2011-01-01 00:00:00.000,936.598344846142
TGO,2011-01-01 00:00:00.000,573.810558543416
TON,2011-01-01 00:00:00.000,3852.05405080641
TTO,2011-01-01 00:00:00.000,17910.319154168
TUN,2011-01-01 00:00:00.000,4361.89644912346
TUR,2011-01-01 00:00:00.000,11308.0649033577
TKM,2011-01-01 00:00:00.000,5453.15500459414
TUV,2011-01-01 00:00:00.000,3663.12725029281
UGA,2011-01-01 00:00:00.000,837.09588312989
UKR,2011-01-01 00:00:00.000,3704.82495117188
ARE,2011-01-01 00:00:00.000,40893.0233597739
GBR,2011-01-01 00:00:00.000,42150.6981408821
USA,2011-01-01 00:00:00.000,50065.9665041742
URY,2011-01-01 00:00:00.000,14267.5843060166
UZB,2011-01-01 00:00:00.000,2051.12951516418
VUT,2011-01-01 00:00:00.000,3064.7500702517
VEN,2011-01-01 00:00:00.000,10877.1123638816
VNM,2011-01-01 00:00:00.000,1953.55697860752
YEM,2011-01-01 00:00:00.000,1284.61763539287
ZMB,2011-01-01 00:00:00.000,1644.45683054452
ZWE,2011-01-01 00:00:00.000,1082.61577402053
AFG,2021-01-01 00:00:00.000,663.141052810937
ALB,2021-01-01 00:00:00.000,4247.63004748194
DZA,2021-01-01 00:00:00.000,5610.73089400516
AND,2021-01-01 00:00:00.000,44904.5800426279
AGO,2021-01-01 00:00:00.000,4962.55207190082
ATG,2021-01-01 00:00:00.000,13686.4765853976
ARG,2021-01-01 00:00:00.000,13082.664325572
ARM,2021-01-01 00:00:00.000,3643.71518342262
AUS,2021-01-01 00:00:00.000,68044.714816234
AUT,2021-01-01 00:00:00.000,48564.9173350875
AZE,2021-01-01 00:00:00.000,7496.29464768263
BHS,2021-01-01 00:00:00.000,28059.6553953426
BHR,2021-01-01 00:00:00.000,25102.726348527
BGD,2021-01-01 00:00:00.000,876.817545058129
BRB,2021-01-01 00:00:00.000,16691.3326357636
BLR,2021-01-01 00:00:00.000,6953.13251493684
BEL,2021-01-01 00:00:00.000,44670.5606845101
BLZ,2021-01-01 00:00:00.000,5645.89582239311
BEN,2021-01-01 00:00:00.000,1112.56953520687
BTN,2021-01-01 00:00:00.000,2470.07367669349
BOL,2021-01-01 00:00:00.000,2562.46678423329
BIH,2021-01-01 00:00:00.000,4688.37662297884
BWA,2021-01-01 00:00:00.000,6393.00826546062
BRA,2021-01-01 00:00:00.000,12327.3174365132
BRN,2021-01-01 00:00:00.000,46842.9602563885
BGR,2021-01-01 00:00:00.000,7432.47876568071
BFA,2021-01-01 00:00:00.000,733.972934218398
BDI,2021-01-01 00:00:00.000,238.205949387117
CPV,2021-01-01 00:00:00.000,3262.6470579856
KHM,2021-01-01 00:00:00.000,950.482544612158
CMR,2021-01-01 00:00:00.000,1433.72403512901
CAN,2021-01-01 00:00:00.000,52669.0899632316
CAF,2021-01-01 00:00:00.000,525.86754317732
TCD,2021-01-01 00:00:00.000,969.616214938776
CHL,2021-01-01 00:00:00.000,15406.4929435446
CHN,2021-01-01 00:00:00.000,6300.61511825789
COL,2021-01-01 00:00:00.000,8101.82909177914
COM,2021-01-01 00:00:00.000,1483.95137964493
COD,2021-01-01 00:00:00.000,412.776268166757
COG,2021-01-01 00:00:00.000,3753.86120747571
CRI,2021-01-01 00:00:00.000,9971.65090241867
CIV,2021-01-01 00:00:00.000,1649.30173900093
HRV,2021-01-01 00:00:00.000,13443.1352298628
CUB,2021-01-01 00:00:00.000,6467.33791422804
CYP,2021-01-01 00:00:00.000,28993.349609375
CZE,2021-01-01 00:00:00.000,19870.8012123403
DNK,2021-01-01 00:00:00.000,58507.5080517852
DJI,2021-01-01 00:00:00.000,1418.46085811933
DMA,2021-01-01 00:00:00.000,7054.87597689432
DOM,2021-01-01 00:00:00.000,6049.47174094956
ECU,2021-01-01 00:00:00.000,5678.45572070003
EGY,2021-01-01 00:00:00.000,3059.13542779204
SLV,2021-01-01 00:00:00.000,3471.05126865498
GNQ,2021-01-01 00:00:00.000,18756.4264233373
ERI,2021-01-01 00:00:00.000,
EST,2021-01-01 00:00:00.000,17403.2053254767
SWZ,2021-01-01 00:00:00.000,4396.56251946722
ETH,2021-01-01 00:00:00.000,458.550920793057
FJI,2021-01-01 00:00:00.000,4359.77534993306
FIN,2021-01-01 00:00:00.000,47708.0612784469
FRA,2021-01-01 00:00:00.000,40870.8523645734
GAB,2021-01-01 00:00:00.000,9348.5155721976
GMB,2021-01-01 00:00:00.000,686.558285433815
GEO,2021-01-01 00:00:00.000,4421.81824228013
DEU,2021-01-01 00:00:00.000,43855.8544658618
GHA,2021-01-01 00:00:00.000,1536.59184802508
GRC,2021-01-01 00:00:00.000,21912.9982879517
GRD,2021-01-01 00:00:00.000,6900.77178600369
GTM,2021-01-01 00:00:00.000,3355.03691881272
GIN,2021-01-01 00:00:00.000,707.967680829951
GNB,2021-01-01 00:00:00.000,598.572671326768
GUY,2021-01-01 00:00:00.000,5461.39096662381
HTI,2021-01-01 00:00:00.000,1356.17288178571
HND,2021-01-01 00:00:00.000,2107.35083070622
HUN,2021-01-01 00:00:00.000,12984.8365730133
ISL,2021-01-01 00:00:00.000,45995.5478789467
IND,2021-01-01 00:00:00.000,1434.01819806113
IDN,2021-01-01 00:00:00.000,3668.21207047486
IRN,2021-01-01 00:00:00.000,8329.00204422921
IRQ,2021-01-01 00:00:00.000,6437.50307624074
IRL,2021-01-01 00:00:00.000,49054.6974340641
ISR,2021-01-01 00:00:00.000,33156.2283157638
ITA,2021-01-01 00:00:00.000,35051.5212697703
JAM,2021-01-01 00:00:00.000,5365.24229295272
JPN,2021-01-01 00:00:00.000,49145.2804308193
JOR,2021-01-01 00:00:00.000,4386.46181582146
KAZ,2021-01-01 00:00:00.000,12386.6992652963
KEN,2021-01-01 00:00:00.000,1289.78082201489
KIR,2021-01-01 00:00:00.000,1698.92088345979
PRK,2021-01-01 00:00:00.000,
KOR,2021-01-01 00:00:00.000,25466.7605170594
KWT,2021-01-01 00:00:00.000,51277.6621064846
KGZ,2021-01-01 00:00:00.000,1177.97473487848
LAO,2021-01-01 00:00:00.000,1566.00974499584
LVA,2021-01-01 00:00:00.000,13847.3379393194
LBN,2021-01-01 00:00:00.000,8500.1805629531
LSO,2021-01-01 00:00:00.000,1205.86000258954
LBR,2021-01-01 00:00:00.000,644.455576742833
LBY,2021-01-01 00:00:00.000,15764.9154546761
LIE,2021-01-01 00:00:00.000,149459.235301044
LTU,2021-01-01 00:00:00.000,14367.709424872
LUX,2021-01-01 00:00:00.000,112584.676270958
MDG,2021-01-01 00:00:00.000,504.173730134152
MWI,2021-01-01 00:00:00.000,386.906540998121
MYS,2021-01-01 00:00:00.000,10601.5138881391
MDV,2021-01-01 00:00:00.000,7447.43257245424
MLI,2021-01-01 00:00:00.000,753.392193575841
MLT,2021-01-01 00:00:00.000,22527.7591149889
MHL,2021-01-01 00:00:00.000,3445.31540332931
MRT,2021-01-01 00:00:00.000,1850.38496774479
MUS,2021-01-01 00:00:00.000,9291.22761861899
MEX,2021-01-01 00:00:00.000,10376.0576664423
FSM,2021-01-01 00:00:00.000,3023.58544607879
MDA,2021-01-01 00:00:00.000,3044.80847790641
MCO,2021-01-01 00:00:00.000,165505.178100056
MNG,2021-01-01 00:00:00.000,4402.30452253522
MNE,2021-01-01 00:00:00.000,6586.7212793222
MAR,2021-01-01 00:00:00.000,2907.44921875
MOZ,2021-01-01 00:00:00.000,667.717424253901
MMR,2021-01-01 00:00:00.000,1161.30596207229
NAM,2021-01-01 00:00:00.000,6017.15706904775
NRU,2021-01-01 00:00:00.000,9280.65889360803
NPL,2021-01-01 00:00:00.000,794.09276990798
NLD,2021-01-01 00:00:00.000,50070.1416045904
NZL,2021-01-01 00:00:00.000,39973.3807587223
NIC,2021-01-01 00:00:00.000,1746.42562649907
NER,2021-01-01 00:00:00.000,525.047323992555
NGA,2021-01-01 00:00:00.000,2728.02268335423
MKD,2021-01-01 00:00:00.000,4728.30814189843
NOR,2021-01-01 00:00:00.000,101524.141851985
OMN,2021-01-01 00:00:00.000,24722.6388245874
PAK,2021-01-01 00:00:00.000,1109.67911473926
PLW,2021-01-01 00:00:00.000,11835.3839295665
PAN,2021-01-01 00:00:00.000,10767.2931788172
PNG,2021-01-01 00:00:00.000,2653.15390913735
PRY,2021-01-01 00:00:00.000,5617.10491786787
PER,2021-01-01 00:00:00.000,6475.68607048931
PHL,2021-01-01 00:00:00.000,2671.77720537356
POL,2021-01-01 00:00:00.000,13010.923390231
PRT,2021-01-01 00:00:00.000,20563.7136012629
QAT,2021-01-01 00:00:00.000,98041.3622380894
ROU,2021-01-01 00:00:00.000,8930.72991164974
RUS,2021-01-01 00:00:00.000,15420.875
RWA,2021-01-01 00:00:00.000,705.759755829457
WSM,2021-01-01 00:00:00.000,3902.39170055714
SMR,2021-01-01 00:00:00.000,48435.9425314096
STP,2021-01-01 00:00:00.000,1319.90083269011
SAU,2021-01-01 00:00:00.000,23878.5852917443
SEN,2021-01-01 00:00:00.000,1334.72601460415
SRB,2021-01-01 00:00:00.000,6015.94522756969
SYC,2021-01-01 00:00:00.000,11998.4472049381
SLE,2021-01-01 00:00:00.000,560.037399736372
SGP,2021-01-01 00:00:00.000,55546.4885386921
SVK,2021-01-01 00:00:00.000,17498.3539002594
SVN,2021-01-01 00:00:00.000,22641.805122503
SLB,2021-01-01 00:00:00.000,2087.51873876072
SOM,2021-01-01 00:00:00.000,
ZAF,2021-01-01 00:00:00.000,8173.8691381716
SSD,2021-01-01 00:00:00.000,1114.92372260191
ESP,2021-01-01 00:00:00.000,28322.9465923276
LKA,2021-01-01 00:00:00.000,3449.06690309332
KNA,2021-01-01 00:00:00.000,17311.6187824424
LCA,2021-01-01 00:00:00.000,9271.65949133441
VCT,2021-01-01 00:00:00.000,6754.37018395671
SDN,2021-01-01 00:00:00.000,1797.37976074219
SUR,2021-01-01 00:00:00.000,8922.95618613502
SWE,2021-01-01 00:00:00.000,58037.8213192173
CHE,2021-01-01 00:00:00.000,85836.2076767359
SYR,2021-01-01 00:00:00.000,1910.60452580833
TJK,2021-01-01 00:00:00.000,959.361904957958
TZA,2021-01-01 00:00:00.000,854.543212890625
THA,2021-01-01 00:00:00.000,5748.63124106961
TLS,2021-01-01 00:00:00.000,1019.96486775121
TGO,2021-01-01 00:00:00.000,559.190485610988
TON,2021-01-01 00:00:00.000,4378.65419644984
TTO,2021-01-01 00:00:00.000,18961.2335932644
TUN,2021-01-01 00:00:00.000,4233.89456807077
TUR,2021-01-01 00:00:00.000,11697.4805131124
TKM,2021-01-01 00:00:00.000,6441.88661774322
TUV,2021-01-01 00:00:00.000,3624.98804230918
UGA,2021-01-01 00:00:00.000,796.711135048199
UKR,2021-01-01 00:00:00.000,4004.80444335938
ARE,2021-01-01 00:00:00.000,44386.7860789846
GBR,2021-01-01 00:00:00.000,42485.5860695397
USA,2021-01-01 00:00:00.000,51784.4185738837
URY,2021-01-01 00:00:00.000,15206.8726201223
UZB,2021-01-01 00:00:00.000,2267.62327535512
VUT,2021-01-01 00:00:00.000,2906.34246130818
VEN,2021-01-01 00:00:00.000,12937.9275972349
VNM,2021-01-01 00:00:00.000,2190.23228396054
YEM,2021-01-01 00:00:00.000,1349.99029491959
ZMB,2021-01-01 00:00:00.000,1729.64747097057
ZWE,2021-01-01 00:00:00.000,1290.19395595933
AFG,2013-01-01 00:00:00.000,651.987861948108
ALB,2013-01-01 00:00:00.000,4413.06200528903
DZA,2013-01-01 00:00:00.000,5519.77757552373
AND,2013-01-01 00:00:00.000,44750.4356804443
AGO,2013-01-01 00:00:00.000,5101.98387641128
ATG,2013-01-01 00:00:00.000,13350.149136673
ARG,2013-01-01 00:00:00.000,13080.2547323367
ARM,2013-01-01 00:00:00.000,3833.1575324911
AUS,2013-01-01 00:00:00.000,68158.5797427053
AUT,2013-01-01 00:00:00.000,50731.1272541847
AZE,2013-01-01 00:00:00.000,7875.75695254288
BHS,2013-01-01 00:00:00.000,27389.6019706988
BHR,2013-01-01 00:00:00.000,25790.7303121382
BGD,2013-01-01 00:00:00.000,973.773392636423
BRB,2013-01-01 00:00:00.000,16893.6062702039
BLR,2013-01-01 00:00:00.000,7998.12523878099
BEL,2013-01-01 00:00:00.000,46757.9518559598
BLZ,2013-01-01 00:00:00.000,5887.93343545467
BEN,2013-01-01 00:00:00.000,1214.29556576586
BTN,2013-01-01 00:00:00.000,2409.44185615811
BOL,2013-01-01 00:00:00.000,2853.79716191598
BIH,2013-01-01 00:00:00.000,5025.07459738709
BWA,2013-01-01 00:00:00.000,6436.60944956683
BRA,2013-01-01 00:00:00.000,12258.5031683848
BRN,2013-01-01 00:00:00.000,43948.8511672852
BGR,2013-01-01 00:00:00.000,7681.93461995882
BFA,2013-01-01 00:00:00.000,762.303817145668
BDI,2013-01-01 00:00:00.000,241.54767083565
CPV,2013-01-01 00:00:00.000,3427.17717233918
KHM,2013-01-01 00:00:00.000,1015.2208813493
CMR,2013-01-01 00:00:00.000,1559.13912494614
CAN,2013-01-01 00:00:00.000,52635.1749580433
CAF,2013-01-01 00:00:00.000,352.226871986924
TCD,2013-01-01 00:00:00.000,980.083591998081
CHL,2013-01-01 00:00:00.000,15833.2752047998
CHN,2013-01-01 00:00:00.000,7020.33848453658
COL,2013-01-01 00:00:00.000,8264.1268955859
COM,2013-01-01 00:00:00.000,1595.98989563495
COD,2013-01-01 00:00:00.000,444.864360951453
COG,2013-01-01 00:00:00.000,3719.65121681283
CRI,2013-01-01 00:00:00.000,10633.2672527524
CIV,2013-01-01 00:00:00.000,1903.05432119282
HRV,2013-01-01 00:00:00.000,13871.3299049143
CUB,2013-01-01 00:00:00.000,6814.24384354868
CYP,2013-01-01 00:00:00.000,27799.119140625
CZE,2013-01-01 00:00:00.000,20133.1691431353
DNK,2013-01-01 00:00:00.000,61191.1937042028
DJI,2013-01-01 00:00:00.000,2102.19794830208
DMA,2013-01-01 00:00:00.000,7240.67911908479
DOM,2013-01-01 00:00:00.000,6171.29556968327
ECU,2013-01-01 00:00:00.000,6050.3546113274
EGY,2013-01-01 00:00:00.000,3088.8908340843
SLV,2013-01-01 00:00:00.000,3555.16209958481
GNQ,2013-01-01 00:00:00.000,17644.5951619429
ERI,2013-01-01 00:00:00.000,
EST,2013-01-01 00:00:00.000,19056.0019226989
SWZ,2013-01-01 00:00:00.000,4111.10964734079
ETH,2013-01-01 00:00:00.000,490.791804039986
FJI,2013-01-01 00:00:00.000,4586.89792093973
FIN,2013-01-01 00:00:00.000,49892.2233632732
FRA,2013-01-01 00:00:00.000,42602.7179652667
GAB,2013-01-01 00:00:00.000,9250.08156410837
GMB,2013-01-01 00:00:00.000,647.385300507399
GEO,2013-01-01 00:00:00.000,4623.74572473419
DEU,2013-01-01 00:00:00.000,46298.9229177341
GHA,2013-01-01 00:00:00.000,2282.34990530706
GRC,2013-01-01 00:00:00.000,21787.7877636035
GRD,2013-01-01 00:00:00.000,7205.26838352312
GTM,2013-01-01 00:00:00.000,3522.77370621475
GIN,2013-01-01 00:00:00.000,757.692269162995
GNB,2013-01-01 00:00:00.000,616.159958468139
GUY,2013-01-01 00:00:00.000,5576.24930990457
HTI,2013-01-01 00:00:00.000,1452.3121444609
HND,2013-01-01 00:00:00.000,2064.54840619818
HUN,2013-01-01 00:00:00.000,13715.0703590361
ISL,2013-01-01 00:00:00.000,49804.9829978371
IND,2013-01-01 00:00:00.000,1438.05748041006
IDN,2013-01-01 00:00:00.000,3602.88551680629
IRN,2013-01-01 00:00:00.000,6280.68185751355
IRQ,2013-01-01 00:00:00.000,6612.90225210234
IRL,2013-01-01 00:00:00.000,51546.3547634545
ISR,2013-01-01 00:00:00.000,36941.8423573582
ITA,2013-01-01 00:00:00.000,35560.0814062288
JAM,2013-01-01 00:00:00.000,5143.72131166933
JPN,2013-01-01 00:00:00.000,40898.6478964744
JOR,2013-01-01 00:00:00.000,4477.61832588262
KAZ,2013-01-01 00:00:00.000,13890.6309562926
KEN,2013-01-01 00:00:00.000,1376.82886892748
KIR,2013-01-01 00:00:00.000,1628.71020469547
PRK,2013-01-01 00:00:00.000,
KOR,2013-01-01 00:00:00.000,27182.7343101936
KWT,2013-01-01 00:00:00.000,47760.9441264683
KGZ,2013-01-01 00:00:00.000,1282.43716202467
LAO,2013-01-01 00:00:00.000,1815.44023554818
LVA,2013-01-01 00:00:00.000,15007.4918561719
LBN,2013-01-01 00:00:00.000,8255.20921057153
LSO,2013-01-01 00:00:00.000,1141.36103810369
LBR,2013-01-01 00:00:00.000,717.635753333907
LBY,2013-01-01 00:00:00.000,12589.4487456571
LIE,2013-01-01 00:00:00.000,173660.161219358
LTU,2013-01-01 00:00:00.000,15729.6524666512
LUX,2013-01-01 00:00:00.000,120000.140729859
MDG,2013-01-01 00:00:00.000,526.688011750229
MWI,2013-01-01 00:00:00.000,344.396771160878
MYS,2013-01-01 00:00:00.000,10727.6996632824
MDV,2013-01-01 00:00:00.000,8222.56338901712
MLI,2013-01-01 00:00:00.000,778.797090642802
MLT,2013-01-01 00:00:00.000,24770.934082103
MHL,2013-01-01 00:00:00.000,3611.69964168874
MRT,2013-01-01 00:00:00.000,1929.7735213577
MUS,2013-01-01 00:00:00.000,9766.75646458689
MEX,2013-01-01 00:00:00.000,10865.6802017218
FSM,2013-01-01 00:00:00.000,2920.70086272777
MDA,2013-01-01 00:00:00.000,3321.04391743353
MCO,2013-01-01 00:00:00.000,185066.578132655
MNG,2013-01-01 00:00:00.000,4422.30087597824
MNE,2013-01-01 00:00:00.000,7189.29328653737
MAR,2013-01-01 00:00:00.000,3117.51513671875
MOZ,2013-01-01 00:00:00.000,672.204236256964
MMR,2013-01-01 00:00:00.000,1195.93779969734
NAM,2013-01-01 00:00:00.000,5463.01736050918
NRU,2013-01-01 00:00:00.000,9210.00969180832
NPL,2013-01-01 00:00:00.000,809.384600551033
NLD,2013-01-01 00:00:00.000,52198.8975607454
NZL,2013-01-01 00:00:00.000,42976.6495882584
NIC,2013-01-01 00:00:00.000,1794.78657461684
NER,2013-01-01 00:00:00.000,548.157875478729
NGA,2013-01-01 00:00:00.000,2976.75673612767
MKD,2013-01-01 00:00:00.000,5241.05834548355
NOR,2013-01-01 00:00:00.000,102913.450843674
OMN,2013-01-01 00:00:00.000,23563.9405992228
PAK,2013-01-01 00:00:00.000,1126.04126067776
PLW,2013-01-01 00:00:00.000,12418.8261724235
PAN,2013-01-01 00:00:00.000,11932.2862205866
PNG,2013-01-01 00:00:00.000,2578.51013528353
PRY,2013-01-01 00:00:00.000,6410.81470278733
PER,2013-01-01 00:00:00.000,6697.18526837489
PHL,2013-01-01 00:00:00.000,2847.5669365201
POL,2013-01-01 00:00:00.000,13558.414058018
PRT,2013-01-01 00:00:00.000,21653.1959752225
QAT,2013-01-01 00:00:00.000,97630.8255152088
ROU,2013-01-01 00:00:00.000,9497.25499044431
RUS,2013-01-01 00:00:00.000,15974.64453125
RWA,2013-01-01 00:00:00.000,704.056289881296
WSM,2013-01-01 00:00:00.000,3989.86017401682
SMR,2013-01-01 00:00:00.000,50438.3900153695
STP,2013-01-01 00:00:00.000,1551.19290457442
SAU,2013-01-01 00:00:00.000,23716.2606159022
SEN,2013-01-01 00:00:00.000,1391.53225722225
SRB,2013-01-01 00:00:00.000,6755.07367461629
SYC,2013-01-01 00:00:00.000,14764.9392658304
SLE,2013-01-01 00:00:00.000,706.452664008474
SGP,2013-01-01 00:00:00.000,56967.4257940383
SVK,2013-01-01 00:00:00.000,18276.0095516546
SVN,2013-01-01 00:00:00.000,23503.2824850255
SLB,2013-01-01 00:00:00.000,2208.09586717685
SOM,2013-01-01 00:00:00.000,356.11790249123
ZAF,2013-01-01 00:00:00.000,7441.23085399675
SSD,2013-01-01 00:00:00.000,1659.14078728478
ESP,2013-01-01 00:00:00.000,29077.1820557563
LKA,2013-01-01 00:00:00.000,3740.6167919104
KNA,2013-01-01 00:00:00.000,18325.9657798775
LCA,2013-01-01 00:00:00.000,9569.1221921205
VCT,2013-01-01 00:00:00.000,7117.55476276649
SDN,2013-01-01 00:00:00.000,1834.5458984375
SUR,2013-01-01 00:00:00.000,9124.54109297075
SWE,2013-01-01 00:00:00.000,61126.9431963979
CHE,2013-01-01 00:00:00.000,87304.3305813557
SYR,2013-01-01 00:00:00.000,993.739883114507
TJK,2013-01-01 00:00:00.000,1038.32798149823
TZA,2013-01-01 00:00:00.000,955.218933105469
THA,2013-01-01 00:00:00.000,6041.1274597099
TLS,2013-01-01 00:00:00.000,1201.42358143838
TGO,2013-01-01 00:00:00.000,608.150350394249
TON,2013-01-01 00:00:00.000,4208.12235785681
TTO,2013-01-01 00:00:00.000,19821.5286451733
TUN,2013-01-01 00:00:00.000,4308.22693040853
TUR,2013-01-01 00:00:00.000,12507.594513483
TKM,2013-01-01 00:00:00.000,7049.79750519535
TUV,2013-01-01 00:00:00.000,3537.04833528643
UGA,2013-01-01 00:00:00.000,819.757880944623
UKR,2013-01-01 00:00:00.000,4187.73974609375
ARE,2013-01-01 00:00:00.000,45729.6076756823
GBR,2013-01-01 00:00:00.000,43449.0917173139
USA,2013-01-01 00:00:00.000,53291.1276891406
URY,2013-01-01 00:00:00.000,17015.1347609149
UZB,2013-01-01 00:00:00.000,2419.71870345484
VUT,2013-01-01 00:00:00.000,2877.44452801285
VEN,2013-01-01 00:00:00.000,12433.9807853398
VNM,2013-01-01 00:00:00.000,2367.4995386408
YEM,2013-01-01 00:00:00.000,1497.7479410273
ZMB,2013-01-01 00:00:00.000,1840.32055335789
ZWE,2013-01-01 00:00:00.000,1408.36780957465
AFG,2014-01-01 00:00:00.000,628.146803888496
ALB,2014-01-01 00:00:00.000,4578.63320812155
DZA,2014-01-01 00:00:00.000,5516.23060417242
AND,2014-01-01 00:00:00.000,45682.2462308595
AGO,2014-01-01 00:00:00.000,5059.08044128816
ATG,2014-01-01 00:00:00.000,14004.8112122163
ARG,2014-01-01 00:00:00.000,12334.7982453893
ARM,2014-01-01 00:00:00.000,4017.22980824942
AUS,2014-01-01 00:00:00.000,62513.4112171122
AUT,2014-01-01 00:00:00.000,51786.3771747905
AZE,2014-01-01 00:00:00.000,7891.31314749986
BHS,2014-01-01 00:00:00.000,28720.6621934516
BHR,2014-01-01 00:00:00.000,25464.760097715
BGD,2014-01-01 00:00:00.000,1108.51509983546
BRB,2014-01-01 00:00:00.000,16924.1903399365
BLR,2014-01-01 00:00:00.000,8341.39967861093
BEL,2014-01-01 00:00:00.000,47764.0715120833
BLZ,2014-01-01 00:00:00.000,6068.08860885237
BEN,2014-01-01 00:00:00.000,1251.5047654269
BTN,2014-01-01 00:00:00.000,2589.89975441133
BOL,2014-01-01 00:00:00.000,3022.46288443562
BIH,2014-01-01 00:00:00.000,5196.86080042254
BWA,2014-01-01 00:00:00.000,6844.02028762371
BRA,2014-01-01 00:00:00.000,12071.1582132348
BRN,2014-01-01 00:00:00.000,41037.0726485073
BGR,2014-01-01 00:00:00.000,7901.78587639382
BFA,2014-01-01 00:00:00.000,767.371390675917
BDI,2014-01-01 00:00:00.000,257.818551909332
CPV,2014-01-01 00:00:00.000,3405.93344748456
KHM,2014-01-01 00:00:00.000,1098.07453750857
CMR,2014-01-01 00:00:00.000,1631.71408426148
CAN,2014-01-01 00:00:00.000,50955.9983232404
CAF,2014-01-01 00:00:00.000,394.856956966036
TCD,2014-01-01 00:00:00.000,1017.7878239279
CHL,2014-01-01 00:00:00.000,14666.3435315712
CHN,2014-01-01 00:00:00.000,7636.11660125265
COL,2014-01-01 00:00:00.000,8164.71449537797
COM,2014-01-01 00:00:00.000,1608.68786375537
COD,2014-01-01 00:00:00.000,472.266227045325
COG,2014-01-01 00:00:00.000,3622.53029274349
CRI,2014-01-01 00:00:00.000,10737.6788809612
CIV,2014-01-01 00:00:00.000,2124.01955857681
HRV,2014-01-01 00:00:00.000,13784.4783575033
CUB,2014-01-01 00:00:00.000,7117.52691001591
CYP,2014-01-01 00:00:00.000,27245.365234375
CZE,2014-01-01 00:00:00.000,19890.9199056648
DNK,2014-01-01 00:00:00.000,62548.9847332908
DJI,2014-01-01 00:00:00.000,2239.11453821208
DMA,2014-01-01 00:00:00.000,7498.91752183776
DOM,2014-01-01 00:00:00.000,6533.66686007327
ECU,2014-01-01 00:00:00.000,6374.6314856366
EGY,2014-01-01 00:00:00.000,3196.86138078687
SLV,2014-01-01 00:00:00.000,3638.51765819162
GNQ,2014-01-01 00:00:00.000,16804.9259482413
ERI,2014-01-01 00:00:00.000,
EST,2014-01-01 00:00:00.000,20261.0667303886
SWZ,2014-01-01 00:00:00.000,3928.50682779538
ETH,2014-01-01 00:00:00.000,557.534148360438
FJI,2014-01-01 00:00:00.000,5305.19092336933
FIN,2014-01-01 00:00:00.000,50327.2402902632
FRA,2014-01-01 00:00:00.000,43068.5487241739
GAB,2014-01-01 00:00:00.000,9255.36859701951
GMB,2014-01-01 00:00:00.000,561.649123155962
GEO,2014-01-01 00:00:00.000,4739.18833846421
DEU,2014-01-01 00:00:00.000,48023.8699845462
GHA,2014-01-01 00:00:00.000,1942.90509974861
GRC,2014-01-01 00:00:00.000,21616.7100094908
GRD,2014-01-01 00:00:00.000,7726.40965652867
GTM,2014-01-01 00:00:00.000,3779.64233613025
GIN,2014-01-01 00:00:00.000,774.569037046568
GNB,2014-01-01 00:00:00.000,605.122583085693
GUY,2014-01-01 00:00:00.000,5495.37619674792
HTI,2014-01-01 00:00:00.000,1453.91747709273
HND,2014-01-01 00:00:00.000,2164.42021860394
HUN,2014-01-01 00:00:00.000,14294.2584180751
ISL,2014-01-01 00:00:00.000,54576.7448146565
IND,2014-01-01 00:00:00.000,1559.86451848257
IDN,2014-01-01 00:00:00.000,3476.62485324343
IRN,2014-01-01 00:00:00.000,5757.54333684193
IRQ,2014-01-01 00:00:00.000,6215.98603314029
IRL,2014-01-01 00:00:00.000,55643.0594338748
ISR,2014-01-01 00:00:00.000,38259.6810956173
ITA,2014-01-01 00:00:00.000,35565.7213771496
JAM,2014-01-01 00:00:00.000,4991.56551872824
JPN,2014-01-01 00:00:00.000,38475.3952461838
JOR,2014-01-01 00:00:00.000,4255.89430976972
KAZ,2014-01-01 00:00:00.000,12807.2606866152
KEN,2014-01-01 00:00:00.000,1489.91911052082
KIR,2014-01-01 00:00:00.000,1546.83017691485
PRK,2014-01-01 00:00:00.000,
KOR,2014-01-01 00:00:00.000,29249.5752209742
KWT,2014-01-01 00:00:00.000,43234.8214233111
KGZ,2014-01-01 00:00:00.000,1279.76978265986
LAO,2014-01-01 00:00:00.000,1984.50867013598
LVA,2014-01-01 00:00:00.000,15742.3913381908
LBN,2014-01-01 00:00:00.000,7665.37969184142
LSO,2014-01-01 00:00:00.000,1165.04593536567
LBR,2014-01-01 00:00:00.000,713.734882389203
LBY,2014-01-01 00:00:00.000,9408.76783223652
LIE,2014-01-01 00:00:00.000,179457.9179259
LTU,2014-01-01 00:00:00.000,16551.018202078
LUX,2014-01-01 00:00:00.000,123678.702143275
MDG,2014-01-01 00:00:00.000,517.136176058996
MWI,2014-01-01 00:00:00.000,367.024269701615
MYS,2014-01-01 00:00:00.000,11045.4451263498
MDV,2014-01-01 00:00:00.000,8872.12492462299
MLI,2014-01-01 00:00:00.000,818.430391118894
MLT,2014-01-01 00:00:00.000,26754.2623307031
MHL,2014-01-01 00:00:00.000,3672.68093377497
MRT,2014-01-01 00:00:00.000,1715.38883792802
MUS,2014-01-01 00:00:00.000,10368.6134328483
MEX,2014-01-01 00:00:00.000,11076.0924511013
FSM,2014-01-01 00:00:00.000,2928.44878191958
MDA,2014-01-01 00:00:00.000,3327.78677471175
MCO,2014-01-01 00:00:00.000,195780.006892569
MNG,2014-01-01 00:00:00.000,4211.93945414035
MNE,2014-01-01 00:00:00.000,7388.14779373126
MAR,2014-01-01 00:00:00.000,3430.54956054688
MOZ,2014-01-01 00:00:00.000,680.375033549628
MMR,2014-01-01 00:00:00.000,1238.72871010838
NAM,2014-01-01 00:00:00.000,5544.09742281386
NRU,2014-01-01 00:00:00.000,9566.21254009628
NPL,2014-01-01 00:00:00.000,827.744345971451
NLD,2014-01-01 00:00:00.000,52900.537415323
NZL,2014-01-01 00:00:00.000,44572.8987536626
NIC,2014-01-01 00:00:00.000,1913.52134831663
NER,2014-01-01 00:00:00.000,560.754509239933
NGA,2014-01-01 00:00:00.000,3200.95314600431
MKD,2014-01-01 00:00:00.000,5495.73504918897
NOR,2014-01-01 00:00:00.000,97019.1827527462
OMN,2014-01-01 00:00:00.000,23121.2063768559
PAK,2014-01-01 00:00:00.000,1173.39245362734
PLW,2014-01-01 00:00:00.000,13580.0067430883
PAN,2014-01-01 00:00:00.000,12837.2479584282
PNG,2014-01-01 00:00:00.000,2742.23333845605
PRY,2014-01-01 00:00:00.000,6629.41699277341
PER,2014-01-01 00:00:00.000,6614.93333937211
PHL,2014-01-01 00:00:00.000,2935.92555618062
POL,2014-01-01 00:00:00.000,14182.1375046373
PRT,2014-01-01 00:00:00.000,22103.7009703321
QAT,2014-01-01 00:00:00.000,93126.1494633822
ROU,2014-01-01 00:00:00.000,10031.267274026
RUS,2014-01-01 00:00:00.000,14095.6484375
RWA,2014-01-01 00:00:00.000,724.352174367351
WSM,2014-01-01 00:00:00.000,3948.80112799601
SMR,2014-01-01 00:00:00.000,50135.484581721
STP,2014-01-01 00:00:00.000,1754.6004708083
SAU,2014-01-01 00:00:00.000,23543.5663423802
SEN,2014-01-01 00:00:00.000,1417.0950735747
SRB,2014-01-01 00:00:00.000,6600.05680854589
SYC,2014-01-01 00:00:00.000,15188.2287645444
SLE,2014-01-01 00:00:00.000,702.335379410788
SGP,2014-01-01 00:00:00.000,57562.5307937678
SVK,2014-01-01 00:00:00.000,18719.9881409371
SVN,2014-01-01 00:00:00.000,24247.1733184083
SLB,2014-01-01 00:00:00.000,2235.74734403787
SOM,2014-01-01 00:00:00.000,377.557387161667
ZAF,2014-01-01 00:00:00.000,6965.1378973693
SSD,2014-01-01 00:00:00.000,1245.14931107226
ESP,2014-01-01 00:00:00.000,29513.6511800405
LKA,2014-01-01 00:00:00.000,3971.91867501802
KNA,2014-01-01 00:00:00.000,19945.4701725099
LCA,2014-01-01 00:00:00.000,10007.1468771353
VCT,2014-01-01 00:00:00.000,7210.61662343277
SDN,2014-01-01 00:00:00.000,2075.98901367188
SUR,2014-01-01 00:00:00.000,9199.17789329145
SWE,2014-01-01 00:00:00.000,60020.3604576572
CHE,2014-01-01 00:00:00.000,88724.9909402638
SYR,2014-01-01 00:00:00.000,1071.23420366067
TJK,2014-01-01 00:00:00.000,1094.42273564108
TZA,2014-01-01 00:00:00.000,1012.76690673828
THA,2014-01-01 00:00:00.000,5822.38369858276
TLS,2014-01-01 00:00:00.000,1221.53426954268
TGO,2014-01-01 00:00:00.000,627.709402333537
TON,2014-01-01 00:00:00.000,4125.43683537418
TTO,2014-01-01 00:00:00.000,20327.9834552237
TUN,2014-01-01 00:00:00.000,4398.57392191064
TUR,2014-01-01 00:00:00.000,12020.5826390508
TKM,2014-01-01 00:00:00.000,7685.50985852327
TUV,2014-01-01 00:00:00.000,3556.26111776132
UGA,2014-01-01 00:00:00.000,897.509742423677
UKR,2014-01-01 00:00:00.000,3104.64331054688
ARE,2014-01-01 00:00:00.000,46865.9645983676
GBR,2014-01-01 00:00:00.000,47447.5889322667
USA,2014-01-01 00:00:00.000,55123.8497869046
URY,2014-01-01 00:00:00.000,16875.506193165
UZB,2014-01-01 00:00:00.000,2628.46000757936
VUT,2014-01-01 00:00:00.000,2861.20218157438
VEN,2014-01-01 00:00:00.000,15975.7293753361
VNM,2014-01-01 00:00:00.000,2558.7789242001
YEM,2014-01-01 00:00:00.000,1557.60140563182
ZMB,2014-01-01 00:00:00.000,1724.57621968232
ZWE,2014-01-01 00:00:00.000,1407.03429326432
AFG,2015-01-01 00:00:00.000,592.476537451681
ALB,2015-01-01 00:00:00.000,3952.80253807527
DZA,2015-01-01 00:00:00.000,4197.42136055142
AND,2015-01-01 00:00:00.000,38885.3760140905
AGO,2015-01-01 00:00:00.000,3100.83068530533
ATG,2015-01-01 00:00:00.000,14861.8827074704
ARG,2015-01-01 00:00:00.000,13789.060424772
ARM,2015-01-01 00:00:00.000,3666.1418758065
AUS,2015-01-01 00:00:00.000,56710.4457244504
AUT,2015-01-01 00:00:00.000,44195.8175947748
AZE,2015-01-01 00:00:00.000,5500.31038244408
BHS,2015-01-01 00:00:00.000,30206.2404347372
BHR,2015-01-01 00:00:00.000,22795.4488576612
BGD,2015-01-01 00:00:00.000,1236.00506049059
BRB,2015-01-01 00:00:00.000,16990.2194668498
BLR,2015-01-01 00:00:00.000,5967.05220384914
BEL,2015-01-01 00:00:00.000,41008.296719472
BLZ,2015-01-01 00:00:00.000,6142.47883269283
BEN,2015-01-01 00:00:00.000,1041.65252315983
BTN,2015-01-01 00:00:00.000,2695.63877250025
BOL,2015-01-01 00:00:00.000,2975.64881137847
BIH,2015-01-01 00:00:00.000,4599.90102879933
BWA,2015-01-01 00:00:00.000,5869.73294292043
BRA,2015-01-01 00:00:00.000,8783.22598387817
BRN,2015-01-01 00:00:00.000,30681.6794391894
BGR,2015-01-01 00:00:00.000,7074.68102325059
BFA,2015-01-01 00:00:00.000,632.12668368394
BDI,2015-01-01 00:00:00.000,289.359633280865
CPV,2015-01-01 00:00:00.000,2891.88448249992
KHM,2015-01-01 00:00:00.000,1170.74281578324
CMR,2015-01-01 00:00:00.000,1399.67533119236
CAN,2015-01-01 00:00:00.000,43596.1355365546
CAF,2015-01-01 00:00:00.000,351.879753579186
TCD,2015-01-01 00:00:00.000,774.411600504375
CHL,2015-01-01 00:00:00.000,13569.9478008231
CHN,2015-01-01 00:00:00.000,8016.43143498352
COL,2015-01-01 00:00:00.000,6228.4262990412
COM,2015-01-01 00:00:00.000,1322.93669549676
COD,2015-01-01 00:00:00.000,482.0645483336
COG,2015-01-01 00:00:00.000,2347.81849884859
CRI,2015-01-01 00:00:00.000,11529.9545258398
CIV,2015-01-01 00:00:00.000,1941.56633627815
HRV,2015-01-01 00:00:00.000,11952.3111753908
CUB,2015-01-01 00:00:00.000,7683.75789050585
CYP,2015-01-01 00:00:00.000,23487.125
CZE,2015-01-01 00:00:00.000,17829.6983223668
DNK,2015-01-01 00:00:00.000,53254.8563700916
DJI,2015-01-01 00:00:00.000,2409.31190224284
DMA,2015-01-01 00:00:00.000,7724.04241057376
DOM,2015-01-01 00:00:00.000,6838.93659408348
ECU,2015-01-01 00:00:00.000,6130.58667556768
EGY,2015-01-01 00:00:00.000,3370.38244716015
SLV,2015-01-01 00:00:00.000,3761.51368000275
GNQ,2015-01-01 00:00:00.000,9788.98377058219
ERI,2015-01-01 00:00:00.000,
EST,2015-01-01 00:00:00.000,17402.0376128079
SWZ,2015-01-01 00:00:00.000,3583.31129031343
ETH,2015-01-01 00:00:00.000,630.31268211446
FJI,2015-01-01 00:00:00.000,5105.26262664449
FIN,2015-01-01 00:00:00.000,42801.9081167285
FRA,2015-01-01 00:00:00.000,36652.9223052178
GAB,2015-01-01 00:00:00.000,7090.45460996325
GMB,2015-01-01 00:00:00.000,611.671334233568
GEO,2015-01-01 00:00:00.000,4014.18594419329
DEU,2015-01-01 00:00:00.000,41103.2564363768
GHA,2015-01-01 00:00:00.000,1711.29066611485
GRC,2015-01-01 00:00:00.000,18083.8779056547
GRD,2015-01-01 00:00:00.000,8379.62184743156
GTM,2015-01-01 00:00:00.000,3994.63691288475
GIN,2015-01-01 00:00:00.000,756.425594058563
GNB,2015-01-01 00:00:00.000,585.957010585942
GUY,2015-01-01 00:00:00.000,5668.42976474423
HTI,2015-01-01 00:00:00.000,1404.15521407257
HND,2015-01-01 00:00:00.000,2257.2227122596
HUN,2015-01-01 00:00:00.000,12717.038597002
ISL,2015-01-01 00:00:00.000,52951.6815110898
IND,2015-01-01 00:00:00.000,1590.17391842781
IDN,2015-01-01 00:00:00.000,3322.58168813599
IRN,2015-01-01 00:00:00.000,4990.93679760475
IRQ,2015-01-01 00:00:00.000,4416.94304894546
IRL,2015-01-01 00:00:00.000,62053.9844381587
ISR,2015-01-01 00:00:00.000,36206.5222171621
ITA,2015-01-01 00:00:00.000,30242.3861352184
JAM,2015-01-01 00:00:00.000,5077.55062188355
JPN,2015-01-01 00:00:00.000,34960.6393843385
JOR,2015-01-01 00:00:00.000,4064.25301644124
KAZ,2015-01-01 00:00:00.000,10510.7718884149
KEN,2015-01-01 00:00:00.000,1496.65285612239
KIR,2015-01-01 00:00:00.000,1459.13302105094
PRK,2015-01-01 00:00:00.000,
KOR,2015-01-01 00:00:00.000,28732.2310762599
KWT,2015-01-01 00:00:00.000,29310.522105363
KGZ,2015-01-01 00:00:00.000,1121.08283510739
LAO,2015-01-01 00:00:00.000,2125.45905698314
LVA,2015-01-01 00:00:00.000,13786.4567953114
LBN,2015-01-01 00:00:00.000,7802.75136773923
LSO,2015-01-01 00:00:00.000,1113.87132770562
LBR,2015-01-01 00:00:00.000,699.662946853965
LBY,2015-01-01 00:00:00.000,7867.57189285698
LIE,2015-01-01 00:00:00.000,167805.956932057
LTU,2015-01-01 00:00:00.000,14263.9645773495
LUX,2015-01-01 00:00:00.000,105462.012584423
MDG,2015-01-01 00:00:00.000,455.638039705577
MWI,2015-01-01 00:00:00.000,376.246204801105
MYS,2015-01-01 00:00:00.000,9699.58402084731
MDV,2015-01-01 00:00:00.000,9434.3310782449
MLI,2015-01-01 00:00:00.000,723.504202500133
MLT,2015-01-01 00:00:00.000,24921.5790015791
MHL,2015-01-01 00:00:00.000,3703.64905889496
MRT,2015-01-01 00:00:00.000,1562.72524811646
MUS,2015-01-01 00:00:00.000,9509.93465545353
MEX,2015-01-01 00:00:00.000,9753.38004823861
FSM,2015-01-01 00:00:00.000,2891.32210264749
MDA,2015-01-01 00:00:00.000,2731.06558405856
MCO,2015-01-01 00:00:00.000,170337.924412652
MNG,2015-01-01 00:00:00.000,3919.35114779589
MNE,2015-01-01 00:00:00.000,6517.16375162528
MAR,2015-01-01 00:00:00.000,3139.24365234375
MOZ,2015-01-01 00:00:00.000,594.226533517809
MMR,2015-01-01 00:00:00.000,1224.56234328693
NAM,2015-01-01 00:00:00.000,4965.68085962392
NRU,2015-01-01 00:00:00.000,7736.22363607495
NPL,2015-01-01 00:00:00.000,882.307448776577
NLD,2015-01-01 00:00:00.000,45193.4032187971
NZL,2015-01-01 00:00:00.000,38630.7265886928
NIC,2015-01-01 00:00:00.000,2025.32477597575
NER,2015-01-01 00:00:00.000,481.111299477459
NGA,2015-01-01 00:00:00.000,2679.55476480921
MKD,2015-01-01 00:00:00.000,4861.55397141497
NOR,2015-01-01 00:00:00.000,74355.5158575643
OMN,2015-01-01 00:00:00.000,18777.4330589162
PAK,2015-01-01 00:00:00.000,1282.44315294243
PLW,2015-01-01 00:00:00.000,15761.3633809149
PAN,2015-01-01 00:00:00.000,13669.5594424097
PNG,2015-01-01 00:00:00.000,2502.08429055221
PRY,2015-01-01 00:00:00.000,5861.40189546648
PER,2015-01-01 00:00:00.000,6180.1949572907
PHL,2015-01-01 00:00:00.000,2974.29953130009
POL,2015-01-01 00:00:00.000,12560.051419682
PRT,2015-01-01 00:00:00.000,19250.1065376852
QAT,2015-01-01 00:00:00.000,66984.9102002396
ROU,2015-01-01 00:00:00.000,8976.88053477541
RUS,2015-01-01 00:00:00.000,9313.013671875
RWA,2015-01-01 00:00:00.000,733.441121804147
WSM,2015-01-01 00:00:00.000,4048.51387550813
SMR,2015-01-01 00:00:00.000,42281.643467688
STP,2015-01-01 00:00:00.000,1571.4985399244
SAU,2015-01-01 00:00:00.000,19977.7946924217
SEN,2015-01-01 00:00:00.000,1238.12639559545
SRB,2015-01-01 00:00:00.000,5588.98072768556
SYC,2015-01-01 00:00:00.000,15157.5302874866
SLE,2015-01-01 00:00:00.000,576.740231738962
SGP,2015-01-01 00:00:00.000,55646.6187469505
SVK,2015-01-01 00:00:00.000,16390.8821748507
SVN,2015-01-01 00:00:00.000,20890.1664304173
SLB,2015-01-01 00:00:00.000,2134.80245126853
SOM,2015-01-01 00:00:00.000,387.607994416701
ZAF,2015-01-01 00:00:00.000,6204.92990145846
SSD,2015-01-01 00:00:00.000,1071.77776475545
ESP,2015-01-01 00:00:00.000,25754.36102944
LKA,2015-01-01 00:00:00.000,4060.13178524716
KNA,2015-01-01 00:00:00.000,20025.9623507165
LCA,2015-01-01 00:00:00.000,10290.3789108118
VCT,2015-01-01 00:00:00.000,7386.73759501693
SDN,2015-01-01 00:00:00.000,2226.42163085938
SUR,2015-01-01 00:00:00.000,8907.75122246823
SWE,2015-01-01 00:00:00.000,51545.4836095322
CHE,2015-01-01 00:00:00.000,83806.4476003837
SYR,2015-01-01 00:00:00.000,857.497867522093
TJK,2015-01-01 00:00:00.000,970.365223790049
TZA,2015-01-01 00:00:00.000,928.806457519531
THA,2015-01-01 00:00:00.000,5708.79692481031
TLS,2015-01-01 00:00:00.000,1322.3009129909
TGO,2015-01-01 00:00:00.000,559.445746549378
TON,2015-01-01 00:00:00.000,4117.96071656001
TTO,2015-01-01 00:00:00.000,18389.5310320673
TUN,2015-01-01 00:00:00.000,3960.97532992845
TUR,2015-01-01 00:00:00.000,10851.9541305658
TKM,2015-01-01 00:00:00.000,6208.2966545016
TUV,2015-01-01 00:00:00.000,3384.35777601473
UGA,2015-01-01 00:00:00.000,864.18006234671
UKR,2015-01-01 00:00:00.000,2124.66235351563
ARE,2015-01-01 00:00:00.000,41525.1389031283
GBR,2015-01-01 00:00:00.000,45071.0743234873
USA,2015-01-01 00:00:00.000,56762.7294515989
URY,2015-01-01 00:00:00.000,15655.936997552
UZB,2015-01-01 00:00:00.000,2753.97107219949
VUT,2015-01-01 00:00:00.000,2643.88608538737
VEN,2015-01-01 00:00:00.000,
VNM,2015-01-01 00:00:00.000,2595.23497870737
YEM,2015-01-01 00:00:00.000,1488.41648208462
ZMB,2015-01-01 00:00:00.000,1307.90964916032
ZWE,2015-01-01 00:00:00.000,1410.32917419555
AFG,2016-01-01 00:00:00.000,520.252064031151
ALB,2016-01-01 00:00:00.000,4124.05538986272
DZA,2016-01-01 00:00:00.000,3967.19945122178
AND,2016-01-01 00:00:00.000,39932.1644867147
AGO,2016-01-01 00:00:00.000,1709.51553404553
ATG,2016-01-01 00:00:00.000,15862.6516627488
ARG,2016-01-01 00:00:00.000,12790.2424732447
ARM,2016-01-01 00:00:00.000,3679.95197212365
AUS,2016-01-01 00:00:00.000,49875.5651433836
AUT,2016-01-01 00:00:00.000,45307.5878620429
AZE,2016-01-01 00:00:00.000,3880.73873089556
BHS,2016-01-01 00:00:00.000,29887.1648786795
BHR,2016-01-01 00:00:00.000,22867.1811196134
BGD,2016-01-01 00:00:00.000,1659.96160523559
BRB,2016-01-01 00:00:00.000,17343.7254395315
BLR,2016-01-01 00:00:00.000,5039.68188628499
BEL,2016-01-01 00:00:00.000,42012.6227191016
BLZ,2016-01-01 00:00:00.000,6148.70696109313
BEN,2016-01-01 00:00:00.000,1049.82030349923
BTN,2016-01-01 00:00:00.000,2879.54712101999
BOL,2016-01-01 00:00:00.000,3013.5027077617
BIH,2016-01-01 00:00:00.000,4858.77592634808
BWA,2016-01-01 00:00:00.000,6411.5271592539
BRA,2016-01-01 00:00:00.000,8680.76879182018
BRN,2016-01-01 00:00:00.000,26762.9456464617
BGR,2016-01-01 00:00:00.000,7569.47881476759
BFA,2016-01-01 00:00:00.000,665.786345451309
BDI,2016-01-01 00:00:00.000,242.065670543589
CPV,2016-01-01 00:00:00.000,2978.19942029293
KHM,2016-01-01 00:00:00.000,1281.10596442243
CMR,2016-01-01 00:00:00.000,1426.0655172286
CAN,2016-01-01 00:00:00.000,42315.6037056806
CAF,2016-01-01 00:00:00.000,372.135465512503
TCD,2016-01-01 00:00:00.000,691.980094943092
CHL,2016-01-01 00:00:00.000,13785.6883317516
CHN,2016-01-01 00:00:00.000,8094.36336674652
COL,2016-01-01 00:00:00.000,5938.46385585875
COM,2016-01-01 00:00:00.000,1357.26626338776
COD,2016-01-01 00:00:00.000,456.027931170745
COG,2016-01-01 00:00:00.000,1970.25024887995
CRI,2016-01-01 00:00:00.000,11899.8132624909
CIV,2016-01-01 00:00:00.000,1980.87814206612
HRV,2016-01-01 00:00:00.000,12552.2553786198
CUB,2016-01-01 00:00:00.000,8055.88990736388
CYP,2016-01-01 00:00:00.000,24715.73046875
CZE,2016-01-01 00:00:00.000,18575.2320271915
DNK,2016-01-01 00:00:00.000,54663.9983719195
DJI,2016-01-01 00:00:00.000,2545.73879850905
DMA,2016-01-01 00:00:00.000,8223.04145029796
DOM,2016-01-01 00:00:00.000,7191.07657188469
ECU,2016-01-01 00:00:00.000,6079.08873612077
EGY,2016-01-01 00:00:00.000,3331.61246134688
SLV,2016-01-01 00:00:00.000,3870.31298246063
GNQ,2016-01-01 00:00:00.000,8035.30786982776
ERI,2016-01-01 00:00:00.000,
EST,2016-01-01 00:00:00.000,18295.3429322114
SWZ,2016-01-01 00:00:00.000,3339.99289890327
ETH,2016-01-01 00:00:00.000,705.616304982959
FJI,2016-01-01 00:00:00.000,5368.42324040397
FIN,2016-01-01 00:00:00.000,43814.0265056965
FRA,2016-01-01 00:00:00.000,37062.5335723829
GAB,2016-01-01 00:00:00.000,6722.1983928425
GMB,2016-01-01 00:00:00.000,640.676678884585
GEO,2016-01-01 00:00:00.000,4062.16988757379
DEU,2016-01-01 00:00:00.000,42136.1207907991
GHA,2016-01-01 00:00:00.000,1900.40593746601
GRC,2016-01-01 00:00:00.000,17923.9668134716
GRD,2016-01-01 00:00:00.000,8849.51353500776
GTM,2016-01-01 00:00:00.000,4173.30166619474
GIN,2016-01-01 00:00:00.000,720.473253567737
GNB,2016-01-01 00:00:00.000,642.666406419137
GUY,2016-01-01 00:00:00.000,5905.38019563205
HTI,2016-01-01 00:00:00.000,1305.57129738556
HND,2016-01-01 00:00:00.000,2295.53807949199
HUN,2016-01-01 00:00:00.000,13104.6995457458
ISL,2016-01-01 00:00:00.000,61987.9263620283
IND,2016-01-01 00:00:00.000,1714.28035526737
IDN,2016-01-01 00:00:00.000,3558.81885229219
IRN,2016-01-01 00:00:00.000,5497.24322713074
IRQ,2016-01-01 00:00:00.000,4305.20270154631
IRL,2016-01-01 00:00:00.000,62895.9111239282
ISR,2016-01-01 00:00:00.000,37690.4739511859
ITA,2016-01-01 00:00:00.000,30960.7315088902
JAM,2016-01-01 00:00:00.000,5022.70471701644
JPN,2016-01-01 00:00:00.000,39375.4731620781
JOR,2016-01-01 00:00:00.000,4003.40474862656
KAZ,2016-01-01 00:00:00.000,7714.84184376024
KEN,2016-01-01 00:00:00.000,1562.07614156101
KIR,2016-01-01 00:00:00.000,1506.24667899101
PRK,2016-01-01 00:00:00.000,
KOR,2016-01-01 00:00:00.000,29288.8704389833
KWT,2016-01-01 00:00:00.000,27029.9977808519
KGZ,2016-01-01 00:00:00.000,1120.66651300848
LAO,2016-01-01 00:00:00.000,2309.0490761946
LVA,2016-01-01 00:00:00.000,14331.7515885049
LBN,2016-01-01 00:00:00.000,8172.29947595953
LSO,2016-01-01 00:00:00.000,986.265986678849
LBR,2016-01-01 00:00:00.000,722.131226789418
LBY,2016-01-01 00:00:00.000,7944.82707552717
LIE,2016-01-01 00:00:00.000,165844.985381318
LTU,2016-01-01 00:00:00.000,15008.3132445526
LUX,2016-01-01 00:00:00.000,106899.293549552
MDG,2016-01-01 00:00:00.000,464.616153538796
MWI,2016-01-01 00:00:00.000,312.142797057288
MYS,2016-01-01 00:00:00.000,9555.65120152294
MDV,2016-01-01 00:00:00.000,9640.32400920804
MLI,2016-01-01 00:00:00.000,750.051828087565
MLT,2016-01-01 00:00:00.000,25624.4636404081
MHL,2016-01-01 00:00:00.000,4153.11717602268
MRT,2016-01-01 00:00:00.000,1579.19855406867
MUS,2016-01-01 00:00:00.000,9967.88173591323
MEX,2016-01-01 00:00:00.000,8875.06225558599
FSM,2016-01-01 00:00:00.000,3022.65362747328
MDA,2016-01-01 00:00:00.000,2879.3912909285
MCO,2016-01-01 00:00:00.000,174610.636971733
MNG,2016-01-01 00:00:00.000,3690.75671558111
MNE,2016-01-01 00:00:00.000,7033.60489868635
MAR,2016-01-01 00:00:00.000,3132.94458007813
MOZ,2016-01-01 00:00:00.000,430.993168816685
MMR,2016-01-01 00:00:00.000,1161.86177838933
NAM,2016-01-01 00:00:00.000,4614.88172099748
NRU,2016-01-01 00:00:00.000,8719.36652643846
NPL,2016-01-01 00:00:00.000,880.224488097816
NLD,2016-01-01 00:00:00.000,46039.1059284098
NZL,2016-01-01 00:00:00.000,40058.1961621466
NIC,2016-01-01 00:00:00.000,2079.44826647887
NER,2016-01-01 00:00:00.000,497.036133412676
NGA,2016-01-01 00:00:00.000,2144.77993839856
MKD,2016-01-01 00:00:00.000,5149.58907435906
NOR,2016-01-01 00:00:00.000,70460.5605323322
OMN,2016-01-01 00:00:00.000,17082.2061998982
PAK,2016-01-01 00:00:00.000,1468.82142077515
PLW,2016-01-01 00:00:00.000,16743.376740009
PAN,2016-01-01 00:00:00.000,14382.2323819969
PNG,2016-01-01 00:00:00.000,2332.69748030362
PRY,2016-01-01 00:00:00.000,5759.04219789251
PER,2016-01-01 00:00:00.000,6163.79102629697
PHL,2016-01-01 00:00:00.000,3038.1497339217
POL,2016-01-01 00:00:00.000,12378.75943742
PRT,2016-01-01 00:00:00.000,19991.9724878805
QAT,2016-01-01 00:00:00.000,58467.2355711087
ROU,2016-01-01 00:00:00.000,9404.34187358344
RUS,2016-01-01 00:00:00.000,8704.8984375
RWA,2016-01-01 00:00:00.000,728.434489970531
WSM,2016-01-01 00:00:00.000,4105.83446840571
SMR,2016-01-01 00:00:00.000,43399.4583004844
STP,2016-01-01 00:00:00.000,1688.37530288509
SAU,2016-01-01 00:00:00.000,19300.0500059245
SEN,2016-01-01 00:00:00.000,1290.75000394091
SRB,2016-01-01 00:00:00.000,5765.20076202711
SYC,2016-01-01 00:00:00.000,15740.1303244742
SLE,2016-01-01 00:00:00.000,490.370588795141
SGP,2016-01-01 00:00:00.000,56860.4132375207
SVK,2016-01-01 00:00:00.000,16563.4404971229
SVN,2016-01-01 00:00:00.000,21678.3594670629
SLB,2016-01-01 00:00:00.000,2196.27090329466
SOM,2016-01-01 00:00:00.000,387.186681561763
ZAF,2016-01-01 00:00:00.000,5735.06678717842
SSD,2016-01-01 00:00:00.000,
ESP,2016-01-01 00:00:00.000,26537.1594894542
LKA,2016-01-01 00:00:00.000,4150.93440819051
KNA,2016-01-01 00:00:00.000,21095.2540386708
LCA,2016-01-01 00:00:00.000,10574.3889059563
VCT,2016-01-01 00:00:00.000,7684.77920839594
SDN,2016-01-01 00:00:00.000,2614.30029296875
SUR,2016-01-01 00:00:00.000,5705.42696732652
SWE,2016-01-01 00:00:00.000,51965.1571531985
CHE,2016-01-01 00:00:00.000,82153.0745447889
SYR,2016-01-01 00:00:00.000,664.341672265103
TJK,2016-01-01 00:00:00.000,801.391283092365
TZA,2016-01-01 00:00:00.000,942.472961425781
THA,2016-01-01 00:00:00.000,5854.46108800162
TLS,2016-01-01 00:00:00.000,1347.92633571751
TGO,2016-01-01 00:00:00.000,787.280181567633
TON,2016-01-01 00:00:00.000,3978.35695433064
TTO,2016-01-01 00:00:00.000,15991.1087945367
TUN,2016-01-01 00:00:00.000,3796.16792006345
TUR,2016-01-01 00:00:00.000,10734.3799728439
TKM,2016-01-01 00:00:00.000,6163.25340597611
TUV,2016-01-01 00:00:00.000,3836.11292595787
UGA,2016-01-01 00:00:00.000,753.684408569709
UKR,2016-01-01 00:00:00.000,2187.73046875
ARE,2016-01-01 00:00:00.000,41054.5395699204
GBR,2016-01-01 00:00:00.000,41146.0773555246
USA,2016-01-01 00:00:00.000,57866.7449341091
URY,2016-01-01 00:00:00.000,16766.4252588402
UZB,2016-01-01 00:00:00.000,2704.67718798168
VUT,2016-01-01 00:00:00.000,2757.20330593386
VEN,2016-01-01 00:00:00.000,
VNM,2016-01-01 00:00:00.000,2760.71710527049
YEM,2016-01-01 00:00:00.000,1069.81712249613
ZMB,2016-01-01 00:00:00.000,1249.92314348406
ZWE,2016-01-01 00:00:00.000,1421.78778932994
AFG,2017-01-01 00:00:00.000,530.149830802984
ALB,2017-01-01 00:00:00.000,4531.0193737689
DZA,2017-01-01 00:00:00.000,4134.93671999429
AND,2017-01-01 00:00:00.000,40632.4843928243
AGO,2017-01-01 00:00:00.000,2283.21423255725
ATG,2017-01-01 00:00:00.000,16110.5562811025
ARG,2017-01-01 00:00:00.000,14613.041824658
ARM,2017-01-01 00:00:00.000,4041.99502080997
AUS,2017-01-01 00:00:00.000,53936.1402549903
AUT,2017-01-01 00:00:00.000,47429.1584564387
AZE,2017-01-01 00:00:00.000,4147.08971569171
BHS,2017-01-01 00:00:00.000,30969.8761966819
BHR,2017-01-01 00:00:00.000,24349.9098701325
BGD,2017-01-01 00:00:00.000,1815.6094264579
BRB,2017-01-01 00:00:00.000,17843.1979282703
BLR,2017-01-01 00:00:00.000,5785.67067254068
BEL,2017-01-01 00:00:00.000,44198.4823908691
BLZ,2017-01-01 00:00:00.000,6100.99468097883
BEN,2017-01-01 00:00:00.000,1095.27445905119
BTN,2017-01-01 00:00:00.000,3240.70476560368
BOL,2017-01-01 00:00:00.000,3280.00821346382
BIH,2017-01-01 00:00:00.000,5255.80705791233
BWA,2017-01-01 00:00:00.000,6705.35186204355
BRA,2017-01-01 00:00:00.000,9896.68478335903
BRN,2017-01-01 00:00:00.000,28186.8030267778
BGR,2017-01-01 00:00:00.000,8366.29322145748
BFA,2017-01-01 00:00:00.000,711.184604673297
BDI,2017-01-01 00:00:00.000,243.135809436375
CPV,2017-01-01 00:00:00.000,3132.62179827279
KHM,2017-01-01 00:00:00.000,1400.89926039107
CMR,2017-01-01 00:00:00.000,1479.86234930121
CAN,2017-01-01 00:00:00.000,45129.4292980922
CAF,2017-01-01 00:00:00.000,414.740286565386
TCD,2017-01-01 00:00:00.000,662.897530045018
CHL,2017-01-01 00:00:00.000,15045.5276791243
CHN,2017-01-01 00:00:00.000,8816.98690451883
COL,2017-01-01 00:00:00.000,6450.31958548124
COM,2017-01-01 00:00:00.000,1414.586566491
COD,2017-01-01 00:00:00.000,451.089098377617
COG,2017-01-01 00:00:00.000,2088.50011733964
CRI,2017-01-01 00:00:00.000,12118.1334111458
CIV,2017-01-01 00:00:00.000,2076.14799980549
HRV,2017-01-01 00:00:00.000,13655.8159387619
CUB,2017-01-01 00:00:00.000,8543.36096849045
CYP,2017-01-01 00:00:00.000,26697.171875
CZE,2017-01-01 00:00:00.000,20636.199952435
DNK,2017-01-01 00:00:00.000,57610.0981801135
DJI,2017-01-01 00:00:00.000,2655.73321960188
DMA,2017-01-01 00:00:00.000,7408.09130082314
DOM,2017-01-01 00:00:00.000,7513.49134309925
ECU,2017-01-01 00:00:00.000,6246.40425217932
EGY,2017-01-01 00:00:00.000,2315.89662651245
SLV,2017-01-01 00:00:00.000,3986.04901435439
GNQ,2017-01-01 00:00:00.000,8410.39725012272
ERI,2017-01-01 00:00:00.000,
EST,2017-01-01 00:00:00.000,20437.765376736
SWZ,2017-01-01 00:00:00.000,3824.04678338499
ETH,2017-01-01 00:00:00.000,755.751767671957
FJI,2017-01-01 00:00:00.000,5825.1292069741
FIN,2017-01-01 00:00:00.000,46412.1364777169
FRA,2017-01-01 00:00:00.000,38781.0494870836
GAB,2017-01-01 00:00:00.000,6975.69579258695
GMB,2017-01-01 00:00:00.000,632.001146190196
GEO,2017-01-01 00:00:00.000,4357.00093554628
DEU,2017-01-01 00:00:00.000,44652.5891722719
GHA,2017-01-01 00:00:00.000,1998.73797992081
GRC,2017-01-01 00:00:00.000,18582.0893411631
GRD,2017-01-01 00:00:00.000,9309.23066697663
GTM,2017-01-01 00:00:00.000,4454.04814983548
GIN,2017-01-01 00:00:00.000,843.464278862423
GNB,2017-01-01 00:00:00.000,718.2457991071
GUY,2017-01-01 00:00:00.000,6220.97856820609
HTI,2017-01-01 00:00:00.000,1384.0383724393
HND,2017-01-01 00:00:00.000,2403.30445120081
HUN,2017-01-01 00:00:00.000,14621.2395956755
ISL,2017-01-01 00:00:00.000,72010.1490316258
IND,2017-01-01 00:00:00.000,1957.968841235
IDN,2017-01-01 00:00:00.000,3839.78506857872
IRN,2017-01-01 00:00:00.000,5758.59071996595
IRQ,2017-01-01 00:00:00.000,4725.19357334032
IRL,2017-01-01 00:00:00.000,69970.9489145762
ISR,2017-01-01 00:00:00.000,41114.7817082553
ITA,2017-01-01 00:00:00.000,32406.7203150134
JAM,2017-01-01 00:00:00.000,5273.15074381723
JPN,2017-01-01 00:00:00.000,38834.0529341227
JOR,2017-01-01 00:00:00.000,4073.11640376315
KAZ,2017-01-01 00:00:00.000,9247.58133129626
KEN,2017-01-01 00:00:00.000,1675.97391639619
KIR,2017-01-01 00:00:00.000,1563.55045683718
PRK,2017-01-01 00:00:00.000,
KOR,2017-01-01 00:00:00.000,31616.8434004683
KWT,2017-01-01 00:00:00.000,29263.089648236
KGZ,2017-01-01 00:00:00.000,1242.76964282023
LAO,2017-01-01 00:00:00.000,2439.4633552251
LVA,2017-01-01 00:00:00.000,15695.1151541059
LBN,2017-01-01 00:00:00.000,8679.8974221128
LSO,2017-01-01 00:00:00.000,1062.71251234993
LBR,2017-01-01 00:00:00.000,706.892691974846
LBY,2017-01-01 00:00:00.000,10529.267435369
LIE,2017-01-01 00:00:00.000,170874.293821817
LTU,2017-01-01 00:00:00.000,16885.4073948373
LUX,2017-01-01 00:00:00.000,110193.213797228
MDG,2017-01-01 00:00:00.000,503.498058680237
MWI,2017-01-01 00:00:00.000,500.165547203323
MYS,2017-01-01 00:00:00.000,9979.80084103497
MDV,2017-01-01 00:00:00.000,10062.9831158963
MLI,2017-01-01 00:00:00.000,795.682733038008
MLT,2017-01-01 00:00:00.000,28823.5251162141
MHL,2017-01-01 00:00:00.000,4507.622862229
MRT,2017-01-01 00:00:00.000,1634.64360624694
MUS,2017-01-01 00:00:00.000,10844.0363275302
MEX,2017-01-01 00:00:00.000,9434.38648739127
FSM,2017-01-01 00:00:00.000,3320.3549760029
MDA,2017-01-01 00:00:00.000,3509.64733969975
MCO,2017-01-01 00:00:00.000,173612.864622391
MNG,2017-01-01 00:00:00.000,3708.24822282688
MNE,2017-01-01 00:00:00.000,7803.41113682269
MAR,2017-01-01 00:00:00.000,3288.50219726563
MOZ,2017-01-01 00:00:00.000,462.700136882846
MMR,2017-01-01 00:00:00.000,1175.20255722301
NAM,2017-01-01 00:00:00.000,5453.57062209566
NRU,2017-01-01 00:00:00.000,9361.3833433668
NPL,2017-01-01 00:00:00.000,1027.96548628326
NLD,2017-01-01 00:00:00.000,48675.2223350213
NZL,2017-01-01 00:00:00.000,42924.9955958449
NIC,2017-01-01 00:00:00.000,2127.28058532733
NER,2017-01-01 00:00:00.000,514.543312814178
NGA,2017-01-01 00:00:00.000,1941.87948520625
MKD,2017-01-01 00:00:00.000,5450.4928808666
NOR,2017-01-01 00:00:00.000,75496.7540581998
OMN,2017-01-01 00:00:00.000,17802.5751178049
PAK,2017-01-01 00:00:00.000,1567.64098625255
PLW,2017-01-01 00:00:00.000,16011.6611537815
PAN,2017-01-01 00:00:00.000,15185.9724813803
PNG,2017-01-01 00:00:00.000,2495.13138348767
PRY,2017-01-01 00:00:00.000,6136.0583014952
PER,2017-01-01 00:00:00.000,6676.28422114802
PHL,2017-01-01 00:00:00.000,3077.43564004791
POL,2017-01-01 00:00:00.000,13815.6217986247
PRT,2017-01-01 00:00:00.000,21490.429863104
QAT,2017-01-01 00:00:00.000,59407.6980498883
ROU,2017-01-01 00:00:00.000,10727.9496853377
RUS,2017-01-01 00:00:00.000,10720.3330078125
RWA,2017-01-01 00:00:00.000,756.547641107379
WSM,2017-01-01 00:00:00.000,4261.65378900332
SMR,2017-01-01 00:00:00.000,44885.7971428807
STP,2017-01-01 00:00:00.000,1805.52465051182
SAU,2017-01-01 00:00:00.000,20138.1463328409
SEN,2017-01-01 00:00:00.000,1385.19933288437
SRB,2017-01-01 00:00:00.000,6292.54362926707
SYC,2017-01-01 00:00:00.000,16416.7761942925
SLE,2017-01-01 00:00:00.000,484.446449798852
SGP,2017-01-01 00:00:00.000,61150.7271966595
SVK,2017-01-01 00:00:00.000,17585.197002257
SVN,2017-01-01 00:00:00.000,23514.0254604147
SLB,2017-01-01 00:00:00.000,2283.5761560497
SOM,2017-01-01 00:00:00.000,377.349071976258
ZAF,2017-01-01 00:00:00.000,6734.47515312493
SSD,2017-01-01 00:00:00.000,
ESP,2017-01-01 00:00:00.000,28185.3213671969
LKA,2017-01-01 00:00:00.000,4401.05607475074
KNA,2017-01-01 00:00:00.000,22160.4486143567
LCA,2017-01-01 00:00:00.000,11270.4716144957
VCT,2017-01-01 00:00:00.000,8030.58505738777
SDN,2017-01-01 00:00:00.000,3188.75
SUR,2017-01-01 00:00:00.000,6112.85117509336
SWE,2017-01-01 00:00:00.000,53791.5087298403
CHE,2017-01-01 00:00:00.000,82254.3769269767
SYR,2017-01-01 00:00:00.000,862.319063807846
TJK,2017-01-01 00:00:00.000,844.369364836616
TZA,2017-01-01 00:00:00.000,976.212219238281
THA,2017-01-01 00:00:00.000,6436.79174605157
TLS,2017-01-01 00:00:00.000,1283.52585046874
TGO,2017-01-01 00:00:00.000,814.41990710498
TON,2017-01-01 00:00:00.000,4367.30204420454
TTO,2017-01-01 00:00:00.000,16094.6667814968
TUN,2017-01-01 00:00:00.000,3569.75572524285
TUR,2017-01-01 00:00:00.000,10464.1013990681
TKM,2017-01-01 00:00:00.000,6354.53282979422
TUV,2017-01-01 00:00:00.000,4175.99352406743
UGA,2017-01-01 00:00:00.000,766.177605762572
UKR,2017-01-01 00:00:00.000,2638.326171875
ARE,2017-01-01 00:00:00.000,43063.9674770763
GBR,2017-01-01 00:00:00.000,40621.334478632
USA,2017-01-01 00:00:00.000,59907.754260885
URY,2017-01-01 00:00:00.000,18769.787523012
UZB,2017-01-01 00:00:00.000,1916.76464246779
VUT,2017-01-01 00:00:00.000,3032.19795770056
VEN,2017-01-01 00:00:00.000,
VNM,2017-01-01 00:00:00.000,2992.07174150097
YEM,2017-01-01 00:00:00.000,893.716572852695
ZMB,2017-01-01 00:00:00.000,1495.75213841021
ZWE,2017-01-01 00:00:00.000,1192.10701204487
AFG,2018-01-01 00:00:00.000,502.056770622973
ALB,2018-01-01 00:00:00.000,5287.66369446913
DZA,2018-01-01 00:00:00.000,4171.79501086373
AND,2018-01-01 00:00:00.000,42903.4435794631
AGO,2018-01-01 00:00:00.000,2487.50099555267
ATG,2018-01-01 00:00:00.000,17527.1696291931
ARG,2018-01-01 00:00:00.000,11795.1593866287
ARM,2018-01-01 00:00:00.000,4391.92369729686
AUS,2018-01-01 00:00:00.000,57207.8715094806
AUT,2018-01-01 00:00:00.000,51466.5565633634
AZE,2018-01-01 00:00:00.000,4739.84171028393
BHS,2018-01-01 00:00:00.000,31738.2671569969
BHR,2018-01-01 00:00:00.000,25415.8466249472
BGD,2018-01-01 00:00:00.000,1963.41185467584
BRB,2018-01-01 00:00:00.000,18224.8905923744
BLR,2018-01-01 00:00:00.000,6360.06247301284
BEL,2018-01-01 00:00:00.000,47544.9811472757
BLZ,2018-01-01 00:00:00.000,6059.16255306675
BEN,2018-01-01 00:00:00.000,1194.43821427144
BTN,2018-01-01 00:00:00.000,3210.70626919782
BOL,2018-01-01 00:00:00.000,3471.00695064499
BIH,2018-01-01 00:00:00.000,5936.10150173874
BWA,2018-01-01 00:00:00.000,6947.80081217637
BRA,2018-01-01 00:00:00.000,9121.08340257783
BRN,2018-01-01 00:00:00.000,31241.4539554095
BGR,2018-01-01 00:00:00.000,9446.71709419731
BFA,2018-01-01 00:00:00.000,779.202709700092
BDI,2018-01-01 00:00:00.000,231.446476548394
CPV,2018-01-01 00:00:00.000,3442.74200302219
KHM,2018-01-01 00:00:00.000,1533.31598466695
CMR,2018-01-01 00:00:00.000,1594.05998970315
CAN,2018-01-01 00:00:00.000,46548.6384108296
CAF,2018-01-01 00:00:00.000,435.932263645028
TCD,2018-01-01 00:00:00.000,720.265046964353
CHL,2018-01-01 00:00:00.000,15795.7084630954
CHN,2018-01-01 00:00:00.000,9905.34200388822
COL,2018-01-01 00:00:00.000,6782.03792033195
COM,2018-01-01 00:00:00.000,1531.33797185868
COD,2018-01-01 00:00:00.000,546.212593877879
COG,2018-01-01 00:00:00.000,2512.38397871635
CRI,2018-01-01 00:00:00.000,12383.1499737386
CIV,2018-01-01 00:00:00.000,2275.4959502948
HRV,2018-01-01 00:00:00.000,15244.4310483476
CUB,2018-01-01 00:00:00.000,8831.90722233737
CYP,2018-01-01 00:00:00.000,29418.935546875
CZE,2018-01-01 00:00:00.000,23424.4804601855
DNK,2018-01-01 00:00:00.000,61591.9288698958
DJI,2018-01-01 00:00:00.000,2755.83829341814
DMA,2018-01-01 00:00:00.000,7833.19501250117
DOM,2018-01-01 00:00:00.000,7947.15820732109
ECU,2018-01-01 00:00:00.000,6321.34940071717
EGY,2018-01-01 00:00:00.000,2407.08654343598
SLV,2018-01-01 00:00:00.000,4145.86235103186
GNQ,2018-01-01 00:00:00.000,8719.18621660567
ERI,2018-01-01 00:00:00.000,
EST,2018-01-01 00:00:00.000,23165.8494786437
SWZ,2018-01-01 00:00:00.000,4020.27305022394
ETH,2018-01-01 00:00:00.000,758.299059582623
FJI,2018-01-01 00:00:00.000,6073.33638842434
FIN,2018-01-01 00:00:00.000,49987.6261584968
FRA,2018-01-01 00:00:00.000,41557.8548588876
GAB,2018-01-01 00:00:00.000,7694.90604516325
GMB,2018-01-01 00:00:00.000,683.324363124911
GEO,2018-01-01 00:00:00.000,4722.0424231414
DEU,2018-01-01 00:00:00.000,47939.2782884504
GHA,2018-01-01 00:00:00.000,2180.04157022729
GRC,2018-01-01 00:00:00.000,19756.990456255
GRD,2018-01-01 00:00:00.000,9574.27987254478
GTM,2018-01-01 00:00:00.000,4485.73125489372
GIN,2018-01-01 00:00:00.000,944.417266210548
GNB,2018-01-01 00:00:00.000,781.644309083979
GUY,2018-01-01 00:00:00.000,6094.90885870963
HTI,2018-01-01 00:00:00.000,1494.2249622283
HND,2018-01-01 00:00:00.000,2457.68892139081
HUN,2018-01-01 00:00:00.000,16425.1012999059
ISL,2018-01-01 00:00:00.000,74461.479998678
IND,2018-01-01 00:00:00.000,1974.37778792366
IDN,2018-01-01 00:00:00.000,3902.6616681577
IRN,2018-01-01 00:00:00.000,3873.99534020792
IRQ,2018-01-01 00:00:00.000,5601.46706102705
IRL,2018-01-01 00:00:00.000,79250.3878517684
ISR,2018-01-01 00:00:00.000,42406.8454263606
ITA,2018-01-01 00:00:00.000,34622.1696664741
JAM,2018-01-01 00:00:00.000,5594.49393466948
JPN,2018-01-01 00:00:00.000,39727.1165995928
JOR,2018-01-01 00:00:00.000,4146.40729580484
KAZ,2018-01-01 00:00:00.000,9812.62637077396
KEN,2018-01-01 00:00:00.000,1845.78294001398
KIR,2018-01-01 00:00:00.000,1605.01364964695
PRK,2018-01-01 00:00:00.000,
KOR,2018-01-01 00:00:00.000,33436.9230646064
KWT,2018-01-01 00:00:00.000,32007.5235352632
KGZ,2018-01-01 00:00:00.000,1308.14016549619
LAO,2018-01-01 00:00:00.000,2553.36186646266
LVA,2018-01-01 00:00:00.000,17865.0310947642
LBN,2018-01-01 00:00:00.000,9225.84515488016
LSO,2018-01-01 00:00:00.000,1161.72710028722
LBR,2018-01-01 00:00:00.000,700.037039377706
LBY,2018-01-01 00:00:00.000,11838.0096159565
LIE,2018-01-01 00:00:00.000,175283.631807644
LTU,2018-01-01 00:00:00.000,19186.359591641
LUX,2018-01-01 00:00:00.000,116786.511654677
MDG,2018-01-01 00:00:00.000,512.543984587107
MWI,2018-01-01 00:00:00.000,537.932204050438
MYS,2018-01-01 00:00:00.000,11074.0640947671
MDV,2018-01-01 00:00:00.000,10823.636693042
MLI,2018-01-01 00:00:00.000,856.356531797333
MLT,2018-01-01 00:00:00.000,31567.9422383122
MHL,2018-01-01 00:00:00.000,4769.19045858792
MRT,2018-01-01 00:00:00.000,1749.95423645373
MUS,2018-01-01 00:00:00.000,11645.9819750468
MEX,2018-01-01 00:00:00.000,9857.02882925559
FSM,2018-01-01 00:00:00.000,3623.32933678299
MDA,2018-01-01 00:00:00.000,4232.20688845801
MCO,2018-01-01 00:00:00.000,194280.82214105
MNG,2018-01-01 00:00:00.000,4165.02273851435
MNE,2018-01-01 00:00:00.000,8850.09273291116
MAR,2018-01-01 00:00:00.000,3492.67333984375
MOZ,2018-01-01 00:00:00.000,504.53588998541
MMR,2018-01-01 00:00:00.000,1274.91565681381
NAM,2018-01-01 00:00:00.000,5687.3990933188
NRU,2018-01-01 00:00:00.000,10400.9890716548
NPL,2018-01-01 00:00:00.000,1161.53437379778
NLD,2018-01-01 00:00:00.000,53044.5324352253
NZL,2018-01-01 00:00:00.000,43250.440973659
NIC,2018-01-01 00:00:00.000,1981.85912037433
NER,2018-01-01 00:00:00.000,567.330806700397
NGA,2018-01-01 00:00:00.000,2125.83428239448
MKD,2018-01-01 00:00:00.000,6108.74010831698
NOR,2018-01-01 00:00:00.000,82267.809316159
OMN,2018-01-01 00:00:00.000,19887.5743113149
PAK,2018-01-01 00:00:00.000,1620.74285658945
PLW,2018-01-01 00:00:00.000,15948.275862069
PAN,2018-01-01 00:00:00.000,15588.337328687
PNG,2018-01-01 00:00:00.000,2584.29876909847
PRY,2018-01-01 00:00:00.000,6242.96145417898
PER,2018-01-01 00:00:00.000,6912.11029696274
PHL,2018-01-01 00:00:00.000,3194.67452128933
POL,2018-01-01 00:00:00.000,15504.5804848188
PRT,2018-01-01 00:00:00.000,23562.5545228191
QAT,2018-01-01 00:00:00.000,66264.081168209
ROU,2018-01-01 00:00:00.000,12494.4774670309
RUS,2018-01-01 00:00:00.000,11287.3603515625
RWA,2018-01-01 00:00:00.000,769.437310706602
WSM,2018-01-01 00:00:00.000,4188.98853207466
SMR,2018-01-01 00:00:00.000,48462.960315443
STP,2018-01-01 00:00:00.000,1950.62935180937
SAU,2018-01-01 00:00:00.000,23318.7381671416
SEN,2018-01-01 00:00:00.000,1484.2396733777
SRB,2018-01-01 00:00:00.000,7252.40185773992
SYC,2018-01-01 00:00:00.000,16910.6881816609
SLE,2018-01-01 00:00:00.000,519.650015592018
SGP,2018-01-01 00:00:00.000,66859.3383447804
SVK,2018-01-01 00:00:00.000,19486.3936845505
SVN,2018-01-01 00:00:00.000,26123.7471277911
SLB,2018-01-01 00:00:00.000,2450.48442847981
SOM,2018-01-01 00:00:00.000,379.986002695329
ZAF,2018-01-01 00:00:00.000,7048.52221139611
SSD,2018-01-01 00:00:00.000,
ESP,2018-01-01 00:00:00.000,30379.7211126422
LKA,2018-01-01 00:00:00.000,4360.58363413213
KNA,2018-01-01 00:00:00.000,22547.9179898057
LCA,2018-01-01 00:00:00.000,11563.837467004
VCT,2018-01-01 00:00:00.000,8399.69401112437
SDN,2018-01-01 00:00:00.000,769.869140625
SUR,2018-01-01 00:00:00.000,6730.84688296393
SWE,2018-01-01 00:00:00.000,54589.0603860606
CHE,2018-01-01 00:00:00.000,85217.3691512274
SYR,2018-01-01 00:00:00.000,1104.39244843571
TJK,2018-01-01 00:00:00.000,850.668507459992
TZA,2018-01-01 00:00:00.000,1010.93762207031
THA,2018-01-01 00:00:00.000,7124.56454354255
TLS,2018-01-01 00:00:00.000,1239.36612167153
TGO,2018-01-01 00:00:00.000,883.867832307256
TON,2018-01-01 00:00:00.000,4649.5793900131
TTO,2018-01-01 00:00:00.000,16164.1613326627
TUN,2018-01-01 00:00:00.000,3577.12441191204
TUR,2018-01-01 00:00:00.000,9400.77821401543
TKM,2018-01-01 00:00:00.000,6721.34954037245
TUV,2018-01-01 00:00:00.000,4401.13120074687
UGA,2018-01-01 00:00:00.000,793.128081123392
UKR,2018-01-01 00:00:00.000,3096.56176757813
ARE,2018-01-01 00:00:00.000,46722.2687183733
GBR,2018-01-01 00:00:00.000,43306.3083049317
USA,2018-01-01 00:00:00.000,62823.309438197
URY,2018-01-01 00:00:00.000,18825.2838068916
UZB,2018-01-01 00:00:00.000,1597.0683366109
VUT,2018-01-01 00:00:00.000,3076.8353148388
VEN,2018-01-01 00:00:00.000,
VNM,2018-01-01 00:00:00.000,3267.22500852051
YEM,2018-01-01 00:00:00.000,701.714877767947
ZMB,2018-01-01 00:00:00.000,1475.20453821416
ZWE,2018-01-01 00:00:00.000,2269.17701232332
AFG,2019-01-01 00:00:00.000,500.522664145294
ALB,2019-01-01 00:00:00.000,5396.21586434732
DZA,2019-01-01 00:00:00.000,4022.15018374716
AND,2019-01-01 00:00:00.000,41327.5020305489
AGO,2019-01-01 00:00:00.000,2142.23875712854
ATG,2019-01-01 00:00:00.000,18319.4560540762
ARG,2019-01-01 00:00:00.000,9963.6725062053
ARM,2019-01-01 00:00:00.000,4828.50517771789
AUS,2019-01-01 00:00:00.000,54941.4341793948
AUT,2019-01-01 00:00:00.000,50070.4033482901
AZE,2019-01-01 00:00:00.000,4805.75371765917
BHS,2019-01-01 00:00:00.000,32610.4850490784
BHR,2019-01-01 00:00:00.000,25869.1129129041
BGD,2019-01-01 00:00:00.000,2122.07885124799
BRB,2019-01-01 00:00:00.000,19002.9623813263
BLR,2019-01-01 00:00:00.000,6837.71782606351
BEL,2019-01-01 00:00:00.000,46638.6813054855
BLZ,2019-01-01 00:00:00.000,6210.56554311929
BEN,2019-01-01 00:00:00.000,1170.96553298099
BTN,2019-01-01 00:00:00.000,3303.96421053812
BOL,2019-01-01 00:00:00.000,3472.38083075685
BIH,2019-01-01 00:00:00.000,6011.37067052755
BWA,2019-01-01 00:00:00.000,6679.16767381458
BRA,2019-01-01 00:00:00.000,8845.25911841876
BRN,2019-01-01 00:00:00.000,30748.7374865551
BGR,2019-01-01 00:00:00.000,9879.33434282707
BFA,2019-01-01 00:00:00.000,772.166894917835
BDI,2019-01-01 00:00:00.000,216.972968085123
CPV,2019-01-01 00:00:00.000,3434.56274492859
KHM,2019-01-01 00:00:00.000,1671.38538492515
CMR,2019-01-01 00:00:00.000,1538.68794663506
CAN,2019-01-01 00:00:00.000,46328.6718408497
CAF,2019-01-01 00:00:00.000,426.408762581226
TCD,2019-01-01 00:00:00.000,701.621216594764
CHL,2019-01-01 00:00:00.000,14631.9468779229
CHN,2019-01-01 00:00:00.000,10143.8381955585
COL,2019-01-01 00:00:00.000,6438.06018290435
COM,2019-01-01 00:00:00.000,1510.79735809965
COD,2019-01-01 00:00:00.000,575.882790805511
COG,2019-01-01 00:00:00.000,2288.80813763495
CRI,2019-01-01 00:00:00.000,12669.341068679
CIV,2019-01-01 00:00:00.000,2238.81100489009
HRV,2019-01-01 00:00:00.000,15331.8830536722
CUB,2019-01-01 00:00:00.000,9139.41585605765
CYP,2019-01-01 00:00:00.000,29417.138671875
CZE,2019-01-01 00:00:00.000,23664.8478631108
DNK,2019-01-01 00:00:00.000,59592.9806886454
DJI,2019-01-01 00:00:00.000,2876.04366371536
DMA,2019-01-01 00:00:00.000,8561.58701121461
DOM,2019-01-01 00:00:00.000,8173.33800656006
ECU,2019-01-01 00:00:00.000,6233.25816692363
EGY,2019-01-01 00:00:00.000,2869.57658843903
SLV,2019-01-01 00:00:00.000,4280.28840404719
GNQ,2019-01-01 00:00:00.000,7317.39018853546
ERI,2019-01-01 00:00:00.000,
EST,2019-01-01 00:00:00.000,23424.4847073518
SWZ,2019-01-01 00:00:00.000,3843.3773913814
ETH,2019-01-01 00:00:00.000,840.449451464836
FJI,2019-01-01 00:00:00.000,5968.30055949885
FIN,2019-01-01 00:00:00.000,48629.8582283032
FRA,2019-01-01 00:00:00.000,40494.8982936276
GAB,2019-01-01 00:00:00.000,7523.8622784598
GMB,2019-01-01 00:00:00.000,722.874793145171
GEO,2019-01-01 00:00:00.000,4696.15058555612
DEU,2019-01-01 00:00:00.000,46793.6867616004
GHA,2019-01-01 00:00:00.000,2167.91158941087
GRC,2019-01-01 00:00:00.000,19144.284387556
GRD,2019-01-01 00:00:00.000,9887.92074235834
GTM,2019-01-01 00:00:00.000,4647.69334663252
GIN,2019-01-01 00:00:00.000,1043.8998820932
GNB,2019-01-01 00:00:00.000,730.611448705215
GUY,2019-01-01 00:00:00.000,6477.29672607993
HTI,2019-01-01 00:00:00.000,1324.84400548618
HND,2019-01-01 00:00:00.000,2519.37019370185
HUN,2019-01-01 00:00:00.000,16782.9524639857
ISL,2019-01-01 00:00:00.000,68853.71521658
IND,2019-01-01 00:00:00.000,2047.23270433512
IDN,2019-01-01 00:00:00.000,4151.22754296453
IRN,2019-01-01 00:00:00.000,3277.875595507
IRQ,2019-01-01 00:00:00.000,5621.18169491752
IRL,2019-01-01 00:00:00.000,80927.0746710666
ISR,2019-01-01 00:00:00.000,44452.2325623093
ITA,2019-01-01 00:00:00.000,33673.7509627421
JAM,2019-01-01 00:00:00.000,5626.17117652759
JPN,2019-01-01 00:00:00.000,40458.0018755824
JOR,2019-01-01 00:00:00.000,4205.56365350106
KAZ,2019-01-01 00:00:00.000,9812.5958082732
KEN,2019-01-01 00:00:00.000,1970.10514317888
KIR,2019-01-01 00:00:00.000,1432.17898537689
PRK,2019-01-01 00:00:00.000,
KOR,2019-01-01 00:00:00.000,31902.4169048194
KWT,2019-01-01 00:00:00.000,30667.3482202553
KGZ,2019-01-01 00:00:00.000,1374.03210467421
LAO,2019-01-01 00:00:00.000,2598.50552320723
LVA,2019-01-01 00:00:00.000,17945.2222164984
LBN,2019-01-01 00:00:00.000,8985.57249887356
LSO,2019-01-01 00:00:00.000,1102.56486953249
LBR,2019-01-01 00:00:00.000,665.878447568436
LBY,2019-01-01 00:00:00.000,10542.1492864798
LIE,2019-01-01 00:00:00.000,167019.618092859
LTU,2019-01-01 00:00:00.000,19595.1415724355
LUX,2019-01-01 00:00:00.000,112621.821337404
MDG,2019-01-01 00:00:00.000,512.279659659088
MWI,2019-01-01 00:00:00.000,584.362867276266
MYS,2019-01-01 00:00:00.000,11132.0239344924
MDV,2019-01-01 00:00:00.000,11118.5565375032
MLI,2019-01-01 00:00:00.000,840.175765032737
MLT,2019-01-01 00:00:00.000,31198.2414453028
MHL,2019-01-01 00:00:00.000,5188.97111429082
MRT,2019-01-01 00:00:00.000,1839.964449578
MUS,2019-01-01 00:00:00.000,11405.7268191397
MEX,2019-01-01 00:00:00.000,10145.1701829207
FSM,2019-01-01 00:00:00.000,3699.08151446862
MDA,2019-01-01 00:00:00.000,4493.37030323867
MCO,2019-01-01 00:00:00.000,199377.481831603
MNG,2019-01-01 00:00:00.000,4394.94714713374
MNE,2019-01-01 00:00:00.000,8909.65333601178
MAR,2019-01-01 00:00:00.000,3498.57397460938
MOZ,2019-01-01 00:00:00.000,508.163674567861
MMR,2019-01-01 00:00:00.000,1295.2014475589
NAM,2019-01-01 00:00:00.000,5126.17614357634
NRU,2019-01-01 00:00:00.000,9786.02652564979
NPL,2019-01-01 00:00:00.000,1185.68267540752
NLD,2019-01-01 00:00:00.000,52476.2732533327
NZL,2019-01-01 00:00:00.000,42865.233643554
NIC,2019-01-01 00:00:00.000,1890.27306467363
NER,2019-01-01 00:00:00.000,550.963555536013
NGA,2019-01-01 00:00:00.000,2204.18157415589
MKD,2019-01-01 00:00:00.000,6070.38805358275
NOR,2019-01-01 00:00:00.000,75719.7528965342
OMN,2019-01-01 00:00:00.000,19132.1522739094
PAK,2019-01-01 00:00:00.000,1437.16590678288
PLW,2019-01-01 00:00:00.000,15567.0908684974
PAN,2019-01-01 00:00:00.000,15826.0823544866
PNG,2019-01-01 00:00:00.000,2593.80465015989
PRY,2019-01-01 00:00:00.000,5807.83879407975
PER,2019-01-01 00:00:00.000,6955.80995882668
PHL,2019-01-01 00:00:00.000,3413.84792378255
POL,2019-01-01 00:00:00.000,15699.9113500703
PRT,2019-01-01 00:00:00.000,23330.817288932
QAT,2019-01-01 00:00:00.000,62637.2751084291
ROU,2019-01-01 00:00:00.000,12958.0755553785
RUS,2019-01-01 00:00:00.000,11536.2509765625
RWA,2019-01-01 00:00:00.000,806.879981050775
WSM,2019-01-01 00:00:00.000,4308.27275342784
SMR,2019-01-01 00:00:00.000,47287.3983949924
STP,2019-01-01 00:00:00.000,1991.73826385183
SAU,2019-01-01 00:00:00.000,22430.238229402
SEN,2019-01-01 00:00:00.000,1462.35433280275
SRB,2019-01-01 00:00:00.000,7417.20364852201
SYC,2019-01-01 00:00:00.000,17253.5056614424
SLE,2019-01-01 00:00:00.000,506.606894364098
SGP,2019-01-01 00:00:00.000,65831.1894308765
SVK,2019-01-01 00:00:00.000,19383.4810445228
SVN,2019-01-01 00:00:00.000,26016.078683914
SLB,2019-01-01 00:00:00.000,2398.77275659429
SOM,2019-01-01 00:00:00.000,405.786763279583
ZAF,2019-01-01 00:00:00.000,6688.78727128797
SSD,2019-01-01 00:00:00.000,
ESP,2019-01-01 00:00:00.000,29581.5185513299
LKA,2019-01-01 00:00:00.000,4082.69461963515
KNA,2019-01-01 00:00:00.000,23219.3314206225
LCA,2019-01-01 00:00:00.000,11726.7697662964
VCT,2019-01-01 00:00:00.000,8674.37100857481
SDN,2019-01-01 00:00:00.000,748.010925292969
SUR,2019-01-01 00:00:00.000,6690.04478601228
SWE,2019-01-01 00:00:00.000,51939.4297445291
CHE,2019-01-01 00:00:00.000,84121.9310304414
SYR,2019-01-01 00:00:00.000,1116.67924613649
TJK,2019-01-01 00:00:00.000,889.02026237745
TZA,2019-01-01 00:00:00.000,1052.02172851563
THA,2019-01-01 00:00:00.000,7630.03960991873
TLS,2019-01-01 00:00:00.000,1584.26384378261
TGO,2019-01-01 00:00:00.000,875.932659234798
TON,2019-01-01 00:00:00.000,4879.0173416227
TTO,2019-01-01 00:00:00.000,15690.9630955493
TUN,2019-01-01 00:00:00.000,3477.88377711232
TUR,2019-01-01 00:00:00.000,9103.04337531894
TKM,2019-01-01 00:00:00.000,7344.64823305792
TUV,2019-01-01 00:00:00.000,4949.17388770172
UGA,2019-01-01 00:00:00.000,823.138950454868
UKR,2019-01-01 00:00:00.000,3661.45629882813
ARE,2019-01-01 00:00:00.000,45376.1708381558
GBR,2019-01-01 00:00:00.000,42747.080460496
USA,2019-01-01 00:00:00.000,65120.3946628653
URY,2019-01-01 00:00:00.000,17859.9314960921
UZB,2019-01-01 00:00:00.000,1784.00981608195
VUT,2019-01-01 00:00:00.000,3076.58988588361
VEN,2019-01-01 00:00:00.000,
VNM,2019-01-01 00:00:00.000,3491.09127354876
YEM,2019-01-01 00:00:00.000,
ZMB,2019-01-01 00:00:00.000,1268.12094056241
ZWE,2019-01-01 00:00:00.000,1421.86859641758
AFG,2020-01-01 00:00:00.000,516.866552182696
ALB,2020-01-01 00:00:00.000,5332.16047456847
DZA,2020-01-01 00:00:00.000,3337.25251157504
AND,2020-01-01 00:00:00.000,37207.4938608348
AGO,2020-01-01 00:00:00.000,1603.99347745326
ATG,2020-01-01 00:00:00.000,14787.6357752901
ARG,2020-01-01 00:00:00.000,8496.42414176374
ARM,2020-01-01 00:00:00.000,4505.86736397124
AUS,2020-01-01 00:00:00.000,51720.3707634401
AUT,2020-01-01 00:00:00.000,48809.2268762243
AZE,2020-01-01 00:00:00.000,4229.91064904503
BHS,2020-01-01 00:00:00.000,23862.7109929122
BHR,2020-01-01 00:00:00.000,23501.9194628168
BGD,2020-01-01 00:00:00.000,2233.30552399269
BRB,2020-01-01 00:00:00.000,16643.8065787177
BLR,2020-01-01 00:00:00.000,6542.79749130553
BEL,2020-01-01 00:00:00.000,45517.7949301847
BLZ,2020-01-01 00:00:00.000,5266.87616004213
BEN,2020-01-01 00:00:00.000,1237.94929535039
BTN,2020-01-01 00:00:00.000,3009.92417072191
BOL,2020-01-01 00:00:00.000,3068.81255507604
BIH,2020-01-01 00:00:00.000,6012.06276705855
BWA,2020-01-01 00:00:00.000,5863.20324072216
BRA,2020-01-01 00:00:00.000,6794.48915877166
BRN,2020-01-01 00:00:00.000,27179.4119853371
BGR,2020-01-01 00:00:00.000,10129.8129597638
BFA,2020-01-01 00:00:00.000,833.244342636324
BDI,2020-01-01 00:00:00.000,216.826741341377
CPV,2020-01-01 00:00:00.000,2924.10180677162
KHM,2020-01-01 00:00:00.000,1577.91174726099
CMR,2020-01-01 00:00:00.000,1539.13055856256
CAN,2020-01-01 00:00:00.000,43258.2638715601
CAF,2020-01-01 00:00:00.000,435.469251582856
TCD,2020-01-01 00:00:00.000,643.772221286329
CHL,2020-01-01 00:00:00.000,13094.4595313609
CHN,2020-01-01 00:00:00.000,10408.6697561349
COL,2020-01-01 00:00:00.000,5307.21522798919
COM,2020-01-01 00:00:00.000,1519.58682298786
COD,2020-01-01 00:00:00.000,524.666675441091
COG,2020-01-01 00:00:00.000,1838.44813852491
CRI,2020-01-01 00:00:00.000,12132.8768848243
CIV,2020-01-01 00:00:00.000,2288.11949762033
HRV,2020-01-01 00:00:00.000,14198.7539594744
CUB,2020-01-01 00:00:00.000,9499.59020230432
CYP,2020-01-01 00:00:00.000,28036.189453125
CZE,2020-01-01 00:00:00.000,22992.8793833348
DNK,2020-01-01 00:00:00.000,60915.4243995462
DJI,2020-01-01 00:00:00.000,2917.9962809563
DMA,2020-01-01 00:00:00.000,7003.46989117043
DOM,2020-01-01 00:00:00.000,7167.91915908327
ECU,2020-01-01 00:00:00.000,5645.19928965332
EGY,2020-01-01 00:00:00.000,3398.80143153083
SLV,2020-01-01 00:00:00.000,3903.39583878605
GNQ,2020-01-01 00:00:00.000,6327.59901151363
ERI,2020-01-01 00:00:00.000,
EST,2020-01-01 00:00:00.000,23595.2436836441
SWZ,2020-01-01 00:00:00.000,3372.89560064925
ETH,2020-01-01 00:00:00.000,918.652594077418
FJI,2020-01-01 00:00:00.000,4864.11704680273
FIN,2020-01-01 00:00:00.000,49170.7521512441
FRA,2020-01-01 00:00:00.000,39055.2829280754
GAB,2020-01-01 00:00:00.000,6680.08267035383
GMB,2020-01-01 00:00:00.000,704.029916035493
GEO,2020-01-01 00:00:00.000,4255.74299321254
DEU,2020-01-01 00:00:00.000,46772.8253507545
GHA,2020-01-01 00:00:00.000,2176.57945945697
GRC,2020-01-01 00:00:00.000,17658.9473011192
GRD,2020-01-01 00:00:00.000,8437.56673228706
GTM,2020-01-01 00:00:00.000,4604.57667897864
GIN,2020-01-01 00:00:00.000,1073.65933709951
GNB,2020-01-01 00:00:00.000,710.258138543444
GUY,2020-01-01 00:00:00.000,6863.07434593017
HTI,2020-01-01 00:00:00.000,1283.14082978936
HND,2020-01-01 00:00:00.000,2354.11961431042
HUN,2020-01-01 00:00:00.000,16120.9890495243
ISL,2020-01-01 00:00:00.000,59200.1779441092
IND,2020-01-01 00:00:00.000,1910.42147282449
IDN,2020-01-01 00:00:00.000,3894.27220196922
IRN,2020-01-01 00:00:00.000,2746.42044957439
IRQ,2020-01-01 00:00:00.000,4332.30412463995
IRL,2020-01-01 00:00:00.000,85420.1908556097
ISR,2020-01-01 00:00:00.000,44846.7915954816
ITA,2020-01-01 00:00:00.000,31911.0357890017
JAM,2020-01-01 00:00:00.000,4897.26589668631
JPN,2020-01-01 00:00:00.000,39918.1675583443
JOR,2020-01-01 00:00:00.000,4042.7693498462
KAZ,2020-01-01 00:00:00.000,9121.63713797145
KEN,2020-01-01 00:00:00.000,1936.42458891104
KIR,2020-01-01 00:00:00.000,1430.55157354026
PRK,2020-01-01 00:00:00.000,
KOR,2020-01-01 00:00:00.000,31721.2989141857
KWT,2020-01-01 00:00:00.000,24300.32943621
KGZ,2020-01-01 00:00:00.000,1182.52170043018
LAO,2020-01-01 00:00:00.000,2593.35509719847
LVA,2020-01-01 00:00:00.000,18207.1396408631
LBN,2020-01-01 00:00:00.000,5599.95752260733
LSO,2020-01-01 00:00:00.000,989.847170700549
LBR,2020-01-01 00:00:00.000,597.529691893048
LBY,2020-01-01 00:00:00.000,7568.04201096325
LIE,2020-01-01 00:00:00.000,157754.954373893
LTU,2020-01-01 00:00:00.000,20339.5212699052
LUX,2020-01-01 00:00:00.000,117370.496900162
MDG,2020-01-01 00:00:00.000,462.404223694817
MWI,2020-01-01 00:00:00.000,628.699481965162
MYS,2020-01-01 00:00:00.000,10160.7832470071
MDV,2020-01-01 00:00:00.000,7282.35848902548
MLI,2020-01-01 00:00:00.000,822.906143972366
MLT,2020-01-01 00:00:00.000,28977.5655673636
MHL,2020-01-01 00:00:00.000,5567.97272706332
MRT,2020-01-01 00:00:00.000,1868.4665735741
MUS,2020-01-01 00:00:00.000,9007.41910231356
MEX,2020-01-01 00:00:00.000,8655.00068206803
FSM,2020-01-01 00:00:00.000,3639.41269869588
MDA,2020-01-01 00:00:00.000,4500.62446389838
MCO,2020-01-01 00:00:00.000,182538.638340211
MNG,2020-01-01 00:00:00.000,4041.17419587656
MNE,2020-01-01 00:00:00.000,7677.15222569996
MAR,2020-01-01 00:00:00.000,3258.12133789063
MOZ,2020-01-01 00:00:00.000,449.95520984244
MMR,2020-01-01 00:00:00.000,1477.45287032594
NAM,2020-01-01 00:00:00.000,4251.17276622988
NRU,2020-01-01 00:00:00.000,9307.88676841439
NPL,2020-01-01 00:00:00.000,1139.19027666733
NLD,2020-01-01 00:00:00.000,52162.5701150406
NZL,2020-01-01 00:00:00.000,41596.5055023403
NIC,2020-01-01 00:00:00.000,1863.10925664373
NER,2020-01-01 00:00:00.000,564.822001755189
NGA,2020-01-01 00:00:00.000,2074.61392802438
MKD,2020-01-01 00:00:00.000,5965.45023195365
NOR,2020-01-01 00:00:00.000,67329.6777910967
OMN,2020-01-01 00:00:00.000,16707.6230063214
PAK,2020-01-01 00:00:00.000,1322.31503608163
PLW,2020-01-01 00:00:00.000,14016.2474961051
PAN,2020-01-01 00:00:00.000,12569.1715435651
PNG,2020-01-01 00:00:00.000,2446.06630562295
PRY,2020-01-01 00:00:00.000,5353.34806456279
PER,2020-01-01 00:00:00.000,6056.34390291445
PHL,2020-01-01 00:00:00.000,3224.42255131214
POL,2020-01-01 00:00:00.000,15816.989398397
PRT,2020-01-01 00:00:00.000,22242.406417972
QAT,2020-01-01 00:00:00.000,52315.6600783116
ROU,2020-01-01 00:00:00.000,13047.4320617591
RUS,2020-01-01 00:00:00.000,10169.0869140625
RWA,2020-01-01 00:00:00.000,774.689259444614
WSM,2020-01-01 00:00:00.000,4042.75122353237
SMR,2020-01-01 00:00:00.000,45320.2087156066
STP,2020-01-01 00:00:00.000,2161.31019577016
SAU,2020-01-01 00:00:00.000,19539.5658107346
SEN,2020-01-01 00:00:00.000,1490.20313694645
SRB,2020-01-01 00:00:00.000,7733.80286920471
SYC,2020-01-01 00:00:00.000,12808.9874683728
SLE,2020-01-01 00:00:00.000,493.478777501977
SGP,2020-01-01 00:00:00.000,60729.4503486794
SVK,2020-01-01 00:00:00.000,19545.7428171932
SVN,2020-01-01 00:00:00.000,25545.2410027136
SLB,2020-01-01 00:00:00.000,2222.4656361989
SOM,2020-01-01 00:00:00.000,416.217774718244
ZAF,2020-01-01 00:00:00.000,5741.64312911877
SSD,2020-01-01 00:00:00.000,
ESP,2020-01-01 00:00:00.000,26959.6754367326
LKA,2020-01-01 00:00:00.000,3893.84151516764
KNA,2020-01-01 00:00:00.000,18566.0955863718
LCA,2020-01-01 00:00:00.000,8458.1627606739
VCT,2020-01-01 00:00:00.000,8335.25647560551
SDN,2020-01-01 00:00:00.000,608.33251953125
SUR,2020-01-01 00:00:00.000,4796.53331389928
SWE,2020-01-01 00:00:00.000,52837.9039778149
CHE,2020-01-01 00:00:00.000,85656.322666307
SYR,2020-01-01 00:00:00.000,533.3852317094
TJK,2020-01-01 00:00:00.000,852.333670212118
TZA,2020-01-01 00:00:00.000,1042.0966796875
THA,2020-01-01 00:00:00.000,6990.93550262041
TLS,2020-01-01 00:00:00.000,1660.30833959898
TGO,2020-01-01 00:00:00.000,897.194575433309
TON,2020-01-01 00:00:00.000,4606.06455169288
TTO,2020-01-01 00:00:00.000,13871.7982194664
TUN,2020-01-01 00:00:00.000,3497.68141046011
TUR,2020-01-01 00:00:00.000,8561.07094781987
TKM,2020-01-01 00:00:00.000,
TUV,2020-01-01 00:00:00.000,4973.77456126816
UGA,2020-01-01 00:00:00.000,846.767201292225
UKR,2020-01-01 00:00:00.000,3751.74072265625
ARE,2020-01-01 00:00:00.000,37629.1741687956
GBR,2020-01-01 00:00:00.000,40318.5575660493
USA,2020-01-01 00:00:00.000,63530.633483909
URY,2020-01-01 00:00:00.000,15619.5426555695
UZB,2020-01-01 00:00:00.000,1749.65581532206
VUT,2020-01-01 00:00:00.000,2877.52017323582
VEN,2020-01-01 00:00:00.000,
VNM,2020-01-01 00:00:00.000,3586.34730171843
YEM,2020-01-01 00:00:00.000,
ZMB,2020-01-01 00:00:00.000,956.831363865706
ZWE,2020-01-01 00:00:00.000,1372.69667433317
AFG,2021-01-01 00:00:00.000,368.754614175459
ALB,2021-01-01 00:00:00.000,6492.87201224634
DZA,2021-01-01 00:00:00.000,3690.62787797599
AND,2021-01-01 00:00:00.000,42137.3272710372
AGO,2021-01-01 00:00:00.000,1953.53375721508
ATG,2021-01-01 00:00:00.000,15781.3957017982
ARG,2021-01-01 00:00:00.000,10636.1201956183
ARM,2021-01-01 00:00:00.000,4966.51347122366
AUS,2021-01-01 00:00:00.000,60443.1091649968
AUT,2021-01-01 00:00:00.000,53637.7057109897
AZE,2021-01-01 00:00:00.000,5387.99797495383
BHS,2021-01-01 00:00:00.000,27478.3896289831
BHR,2021-01-01 00:00:00.000,26562.9691354026
BGD,2021-01-01 00:00:00.000,2457.92487986361
BRB,2021-01-01 00:00:00.000,17225.4623044097
BLR,2021-01-01 00:00:00.000,7302.25779418774
BEL,2021-01-01 00:00:00.000,51247.0143531626
BLZ,2021-01-01 00:00:00.000,6228.26730928353
BEN,2021-01-01 00:00:00.000,1319.1549945174
BTN,2021-01-01 00:00:00.000,3266.36490519183
BOL,2021-01-01 00:00:00.000,3345.19658873831
BIH,2021-01-01 00:00:00.000,7143.3105484321
BWA,2021-01-01 00:00:00.000,6805.22127398897
BRA,2021-01-01 00:00:00.000,7507.16097080234
BRN,2021-01-01 00:00:00.000,31449.0765620727
BGR,2021-01-01 00:00:00.000,12221.4966064171
BFA,2021-01-01 00:00:00.000,893.077155776863
BDI,2021-01-01 00:00:00.000,221.477676223363
CPV,2021-01-01 00:00:00.000,3293.23305430614
KHM,2021-01-01 00:00:00.000,1625.23501955454
CMR,2021-01-01 00:00:00.000,1666.93273443122
CAN,2021-01-01 00:00:00.000,51987.9390529728
CAF,2021-01-01 00:00:00.000,461.137490166508
TCD,2021-01-01 00:00:00.000,685.690284124456
CHL,2021-01-01 00:00:00.000,16265.0959767147
CHN,2021-01-01 00:00:00.000,12556.3331200058
COL,2021-01-01 00:00:00.000,6104.1367093039
COM,2021-01-01 00:00:00.000,1577.47102705052
COD,2021-01-01 00:00:00.000,577.209215199828
COG,2021-01-01 00:00:00.000,2290.38289133244
CRI,2021-01-01 00:00:00.000,12472.4437294954
CIV,2021-01-01 00:00:00.000,2549.04129724734
HRV,2021-01-01 00:00:00.000,17685.3252834553
CUB,2021-01-01 00:00:00.000,
CYP,2021-01-01 00:00:00.000,31551.81640625
CZE,2021-01-01 00:00:00.000,26821.2452279995
DNK,2021-01-01 00:00:00.000,68007.7566732954
DJI,2021-01-01 00:00:00.000,3150.43672926335
DMA,2021-01-01 00:00:00.000,7653.17187042868
DOM,2021-01-01 00:00:00.000,8476.75215730978
ECU,2021-01-01 00:00:00.000,5965.13287054416
EGY,2021-01-01 00:00:00.000,3698.83498105861
SLV,2021-01-01 00:00:00.000,4551.18466141298
GNQ,2021-01-01 00:00:00.000,7506.66752306086
ERI,2021-01-01 00:00:00.000,
EST,2021-01-01 00:00:00.000,27943.701219882
SWZ,2021-01-01 00:00:00.000,3978.4035281759
ETH,2021-01-01 00:00:00.000,925.077428048534
FJI,2021-01-01 00:00:00.000,4646.6127232145
FIN,2021-01-01 00:00:00.000,53654.7502964259
FRA,2021-01-01 00:00:00.000,43658.9789781222
GAB,2021-01-01 00:00:00.000,8635.32569443437
GMB,2021-01-01 00:00:00.000,772.152395143237
GEO,2021-01-01 00:00:00.000,5023.27437961979
DEU,2021-01-01 00:00:00.000,51203.5544731043
GHA,2021-01-01 00:00:00.000,2363.29929621422
GRC,2021-01-01 00:00:00.000,20192.5963039061
GRD,2021-01-01 00:00:00.000,9010.57224466261
GTM,2021-01-01 00:00:00.000,5025.5422907779
GIN,2021-01-01 00:00:00.000,1189.17599946631
GNB,2021-01-01 00:00:00.000,795.118569260485
GUY,2021-01-01 00:00:00.000,9998.54431136155
HTI,2021-01-01 00:00:00.000,1829.59304417211
HND,2021-01-01 00:00:00.000,2771.71746050946
HUN,2021-01-01 00:00:00.000,18728.1218948689
ISL,2021-01-01 00:00:00.000,68727.636664709
IND,2021-01-01 00:00:00.000,2256.59040870506
IDN,2021-01-01 00:00:00.000,4332.70928089396
IRN,2021-01-01 00:00:00.000,4091.20918670534
IRQ,2021-01-01 00:00:00.000,4775.3774539013
IRL,2021-01-01 00:00:00.000,100172.079253421
ISR,2021-01-01 00:00:00.000,52170.7118623335
ITA,2021-01-01 00:00:00.000,35657.4975631691
JAM,2021-01-01 00:00:00.000,5183.58130458676
JPN,2021-01-01 00:00:00.000,39312.6603730693
JOR,2021-01-01 00:00:00.000,4103.25896599583
KAZ,2021-01-01 00:00:00.000,10373.7897924367
KEN,2021-01-01 00:00:00.000,2081.79985458438
KIR,2021-01-01 00:00:00.000,1606.46251377314
PRK,2021-01-01 00:00:00.000,
KOR,2021-01-01 00:00:00.000,34997.7816427848
KWT,2021-01-01 00:00:00.000,
KGZ,2021-01-01 00:00:00.000,1276.7003650159
LAO,2021-01-01 00:00:00.000,2535.6234315211
LVA,2021-01-01 00:00:00.000,21148.1629405415
LBN,2021-01-01 00:00:00.000,4136.14634699332
LSO,2021-01-01 00:00:00.000,1094.09818489303
LBR,2021-01-01 00:00:00.000,675.66318584916
LBY,2021-01-01 00:00:00.000,6357.19555043805
LIE,2021-01-01 00:00:00.000,
LTU,2021-01-01 00:00:00.000,23723.3402510345
LUX,2021-01-01 00:00:00.000,133590.146975586
MDG,2021-01-01 00:00:00.000,500.511031950657
MWI,2021-01-01 00:00:00.000,634.835660105302
MYS,2021-01-01 00:00:00.000,11109.2618387745
MDV,2021-01-01 00:00:00.000,10366.2933584066
MLI,2021-01-01 00:00:00.000,873.794862375503
MLT,2021-01-01 00:00:00.000,33486.671983855
MHL,2021-01-01 00:00:00.000,6172.14506539834
MRT,2021-01-01 00:00:00.000,2166.04679858214
MUS,2021-01-01 00:00:00.000,9106.23720230699
MEX,2021-01-01 00:00:00.000,10045.6805004963
FSM,2021-01-01 00:00:00.000,3571.33676887856
MDA,2021-01-01 00:00:00.000,5230.66173289497
MCO,2021-01-01 00:00:00.000,234315.460503547
MNG,2021-01-01 00:00:00.000,4566.14015433014
MNE,2021-01-01 00:00:00.000,9465.70399879557
MAR,2021-01-01 00:00:00.000,3795.38012695313
MOZ,2021-01-01 00:00:00.000,491.839112773674
MMR,2021-01-01 00:00:00.000,1209.92694225482
NAM,2021-01-01 00:00:00.000,4865.55776470864
NRU,2021-01-01 00:00:00.000,10648.1413901852
NPL,2021-01-01 00:00:00.000,1208.21853383767
NLD,2021-01-01 00:00:00.000,57767.8788108173
NZL,2021-01-01 00:00:00.000,48781.0266328884
NIC,2021-01-01 00:00:00.000,2045.53540189014
NER,2021-01-01 00:00:00.000,590.629454795899
NGA,2021-01-01 00:00:00.000,2065.74906750923
MKD,2021-01-01 00:00:00.000,6694.64112581709
NOR,2021-01-01 00:00:00.000,89154.2760934922
OMN,2021-01-01 00:00:00.000,19509.4664633867
PAK,2021-01-01 00:00:00.000,1505.01019279429
PLW,2021-01-01 00:00:00.000,12083.8881491345
PAN,2021-01-01 00:00:00.000,14617.6044816372
PNG,2021-01-01 00:00:00.000,2672.94579035518
PRY,2021-01-01 00:00:00.000,5891.49996504641
PER,2021-01-01 00:00:00.000,6621.57433601881
PHL,2021-01-01 00:00:00.000,3460.53096344408
POL,2021-01-01 00:00:00.000,17999.9099495446
PRT,2021-01-01 00:00:00.000,24567.5092651
QAT,2021-01-01 00:00:00.000,66838.357433014
ROU,2021-01-01 00:00:00.000,14858.2294290445
RUS,2021-01-01 00:00:00.000,12194.77734375
RWA,2021-01-01 00:00:00.000,822.3479885942
WSM,2021-01-01 00:00:00.000,3857.31846401804
SMR,2021-01-01 00:00:00.000,
STP,2021-01-01 00:00:00.000,2360.54355385897
SAU,2021-01-01 00:00:00.000,23185.8707917797
SEN,2021-01-01 00:00:00.000,1636.89320864296
SRB,2021-01-01 00:00:00.000,9230.17831602601
SYC,2021-01-01 00:00:00.000,14653.3093943039
SLE,2021-01-01 00:00:00.000,480.039211301066
SGP,2021-01-01 00:00:00.000,72794.0030226738
SVK,2021-01-01 00:00:00.000,21391.9253336042
SVN,2021-01-01 00:00:00.000,29291.4006234431
SLB,2021-01-01 00:00:00.000,2304.84456746354
SOM,2021-01-01 00:00:00.000,446.981559635259
ZAF,2021-01-01 00:00:00.000,7055.04477598783
SSD,2021-01-01 00:00:00.000,
ESP,2021-01-01 00:00:00.000,30103.513733191
LKA,2021-01-01 00:00:00.000,4013.68765683604
KNA,2021-01-01 00:00:00.000,18082.6101907478
LCA,2021-01-01 00:00:00.000,9414.22623085983
VCT,2021-01-01 00:00:00.000,8666.38704104884
SDN,2021-01-01 00:00:00.000,751.821350097656
SUR,2021-01-01 00:00:00.000,4869.13422621242
SWE,2021-01-01 00:00:00.000,61028.7380600287
CHE,2021-01-01 00:00:00.000,91991.6004583563
SYR,2021-01-01 00:00:00.000,
TJK,2021-01-01 00:00:00.000,897.047510293411
TZA,2021-01-01 00:00:00.000,1099.28759765625
THA,2021-01-01 00:00:00.000,7066.19054595323
TLS,2021-01-01 00:00:00.000,2741.39393111832
TGO,2021-01-01 00:00:00.000,973.206129076133
TON,2021-01-01 00:00:00.000,4426.00063706281
TTO,2021-01-01 00:00:00.000,16032.5027680992
TUN,2021-01-01 00:00:00.000,3807.13915027254
TUR,2021-01-01 00:00:00.000,9661.23597511355
TKM,2021-01-01 00:00:00.000,
TUV,2021-01-01 00:00:00.000,5632.00299343641
UGA,2021-01-01 00:00:00.000,883.892032311279
UKR,2021-01-01 00:00:00.000,4835.57177734375
ARE,2021-01-01 00:00:00.000,44315.5541834116
GBR,2021-01-01 00:00:00.000,46510.2827819127
USA,2021-01-01 00:00:00.000,70248.6290002242
URY,2021-01-01 00:00:00.000,17313.1883484186
UZB,2021-01-01 00:00:00.000,1983.06472288992
VUT,2021-01-01 00:00:00.000,2996.62106154483
VEN,2021-01-01 00:00:00.000,
VNM,2021-01-01 00:00:00.000,3756.48912117326
YEM,2021-01-01 00:00:00.000,
ZMB,2021-01-01 00:00:00.000,1137.34363269164
ZWE,2021-01-01 00:00:00.000,1773.92041088078
