"iso3","year","lgb_score"
AFG,2012-01-01 00:00:00.000,2.1739130434782603
AFG,2013-01-01 00:00:00.000,2.1739130434782603
AFG,2014-01-01 00:00:00.000,2.1739130434782603
AFG,2015-01-01 00:00:00.000,2.1739130434782603
AFG,2016-01-01 00:00:00.000,2.1739130434782603
AFG,2017-01-01 00:00:00.000,2.1739130434782603
AFG,2018-01-01 00:00:00.000,2.0
AFG,2019-01-01 00:00:00.000,1.5999999999999996
AFG,2020-01-01 00:00:00.000,1.290322580645161
AFG,2021-01-01 00:00:00.000,1.290322580645162
AGO,2012-01-01 00:00:00.000,4.3478260869565215
AGO,2013-01-01 00:00:00.000,4.3478260869565215
AGO,2014-01-01 00:00:00.000,4.3478260869565215
AGO,2015-01-01 00:00:00.000,4.3478260869565215
AGO,2016-01-01 00:00:00.000,4.3478260869565215
AGO,2017-01-01 00:00:00.000,3.913043478260869
AGO,2018-01-01 00:00:00.000,3.5999999999999996
AGO,2019-01-01 00:00:00.000,4.8
AGO,2020-01-01 00:00:00.000,5.161290322580645
AGO,2021-01-01 00:00:00.000,4.838709677419355
ALB,2012-01-01 00:00:00.000,4.782608695652174
ALB,2013-01-01 00:00:00.000,6.08695652173913
ALB,2014-01-01 00:00:00.000,6.08695652173913
ALB,2015-01-01 00:00:00.000,6.08695652173913
ALB,2016-01-01 00:00:00.000,6.08695652173913
ALB,2017-01-01 00:00:00.000,6.08695652173913
ALB,2018-01-01 00:00:00.000,5.6
ALB,2019-01-01 00:00:00.000,6.0
ALB,2020-01-01 00:00:00.000,4.838709677419355
ALB,2021-01-01 00:00:00.000,5.161290322580645
AND,2012-01-01 00:00:00.000,6.956521739130435
AND,2013-01-01 00:00:00.000,6.956521739130435
AND,2014-01-01 00:00:00.000,6.956521739130435
AND,2015-01-01 00:00:00.000,7.826086956521738
AND,2016-01-01 00:00:00.000,9.130434782608695
AND,2017-01-01 00:00:00.000,9.130434782608695
AND,2018-01-01 00:00:00.000,8.4
AND,2019-01-01 00:00:00.000,8.4
AND,2020-01-01 00:00:00.000,7.096774193548387
AND,2021-01-01 00:00:00.000,6.451612903225807
ARE,2012-01-01 00:00:00.000,0.8695652173913038
ARE,2013-01-01 00:00:00.000,0.8695652173913038
ARE,2014-01-01 00:00:00.000,0.8695652173913038
ARE,2015-01-01 00:00:00.000,0.43478260869565144
ARE,2016-01-01 00:00:00.000,0.43478260869565144
ARE,2017-01-01 00:00:00.000,0.43478260869565144
ARE,2018-01-01 00:00:00.000,1.5999999999999996
ARE,2019-01-01 00:00:00.000,1.5999999999999996
ARE,2020-01-01 00:00:00.000,1.290322580645161
ARE,2021-01-01 00:00:00.000,1.290322580645162
ARG,2012-01-01 00:00:00.000,7.826086956521738
ARG,2013-01-01 00:00:00.000,7.826086956521738
ARG,2014-01-01 00:00:00.000,7.826086956521738
ARG,2015-01-01 00:00:00.000,7.826086956521738
ARG,2016-01-01 00:00:00.000,7.826086956521738
ARG,2017-01-01 00:00:00.000,7.826086956521738
ARG,2018-01-01 00:00:00.000,8.0
ARG,2019-01-01 00:00:00.000,8.4
ARG,2020-01-01 00:00:00.000,9.032258064516128
ARG,2021-01-01 00:00:00.000,7.741935483870968
ARM,2012-01-01 00:00:00.000,5.652173913043478
ARM,2013-01-01 00:00:00.000,5.217391304347825
ARM,2014-01-01 00:00:00.000,5.217391304347825
ARM,2015-01-01 00:00:00.000,5.652173913043478
ARM,2016-01-01 00:00:00.000,5.217391304347825
ARM,2017-01-01 00:00:00.000,5.217391304347825
ARM,2018-01-01 00:00:00.000,5.2
ARM,2019-01-01 00:00:00.000,5.2
ARM,2020-01-01 00:00:00.000,4.516129032258064
ARM,2021-01-01 00:00:00.000,4.516129032258065
ATG,2012-01-01 00:00:00.000,4.3478260869565215
ATG,2013-01-01 00:00:00.000,4.3478260869565215
ATG,2014-01-01 00:00:00.000,4.3478260869565215
ATG,2015-01-01 00:00:00.000,4.3478260869565215
ATG,2016-01-01 00:00:00.000,4.3478260869565215
ATG,2017-01-01 00:00:00.000,4.3478260869565215
ATG,2018-01-01 00:00:00.000,4.0
ATG,2019-01-01 00:00:00.000,4.0
ATG,2020-01-01 00:00:00.000,3.225806451612903
ATG,2021-01-01 00:00:00.000,3.870967741935484
AUS,2012-01-01 00:00:00.000,7.391304347826086
AUS,2013-01-01 00:00:00.000,7.391304347826086
AUS,2014-01-01 00:00:00.000,7.391304347826086
AUS,2015-01-01 00:00:00.000,7.826086956521738
AUS,2016-01-01 00:00:00.000,7.391304347826086
AUS,2017-01-01 00:00:00.000,7.391304347826086
AUS,2018-01-01 00:00:00.000,8.4
AUS,2019-01-01 00:00:00.000,8.4
AUS,2020-01-01 00:00:00.000,8.064516129032258
AUS,2021-01-01 00:00:00.000,8.70967741935484
AUT,2012-01-01 00:00:00.000,7.826086956521738
AUT,2013-01-01 00:00:00.000,7.826086956521738
AUT,2014-01-01 00:00:00.000,8.26086956521739
AUT,2015-01-01 00:00:00.000,7.826086956521738
AUT,2016-01-01 00:00:00.000,8.695652173913043
AUT,2017-01-01 00:00:00.000,9.130434782608695
AUT,2018-01-01 00:00:00.000,9.2
AUT,2019-01-01 00:00:00.000,9.6
AUT,2020-01-01 00:00:00.000,9.67741935483871
AUT,2021-01-01 00:00:00.000,9.032258064516128
AZE,2012-01-01 00:00:00.000,5.217391304347825
AZE,2013-01-01 00:00:00.000,5.217391304347825
AZE,2014-01-01 00:00:00.000,5.217391304347825
AZE,2015-01-01 00:00:00.000,5.652173913043478
AZE,2016-01-01 00:00:00.000,5.217391304347825
AZE,2017-01-01 00:00:00.000,5.217391304347825
AZE,2018-01-01 00:00:00.000,4.4
AZE,2019-01-01 00:00:00.000,4.0
AZE,2020-01-01 00:00:00.000,3.225806451612903
AZE,2021-01-01 00:00:00.000,2.580645161290323
BDI,2012-01-01 00:00:00.000,3.913043478260869
BDI,2013-01-01 00:00:00.000,3.913043478260869
BDI,2014-01-01 00:00:00.000,3.913043478260869
BDI,2015-01-01 00:00:00.000,3.913043478260869
BDI,2016-01-01 00:00:00.000,3.913043478260869
BDI,2017-01-01 00:00:00.000,3.913043478260869
BDI,2018-01-01 00:00:00.000,3.5999999999999996
BDI,2019-01-01 00:00:00.000,3.5999999999999996
BDI,2020-01-01 00:00:00.000,2.903225806451613
BDI,2021-01-01 00:00:00.000,2.903225806451613
BEL,2012-01-01 00:00:00.000,9.565217391304348
BEL,2013-01-01 00:00:00.000,9.565217391304348
BEL,2014-01-01 00:00:00.000,9.565217391304348
BEL,2015-01-01 00:00:00.000,9.565217391304348
BEL,2016-01-01 00:00:00.000,9.565217391304348
BEL,2017-01-01 00:00:00.000,9.565217391304348
BEL,2018-01-01 00:00:00.000,9.6
BEL,2019-01-01 00:00:00.000,9.6
BEL,2020-01-01 00:00:00.000,8.387096774193548
BEL,2021-01-01 00:00:00.000,8.064516129032258
BEN,2012-01-01 00:00:00.000,6.08695652173913
BEN,2013-01-01 00:00:00.000,6.08695652173913
BEN,2014-01-01 00:00:00.000,6.08695652173913
BEN,2015-01-01 00:00:00.000,6.08695652173913
BEN,2016-01-01 00:00:00.000,6.08695652173913
BEN,2017-01-01 00:00:00.000,6.08695652173913
BEN,2018-01-01 00:00:00.000,6.0
BEN,2019-01-01 00:00:00.000,6.0
BEN,2020-01-01 00:00:00.000,4.838709677419355
BEN,2021-01-01 00:00:00.000,4.193548387096774
BFA,2012-01-01 00:00:00.000,4.782608695652174
BFA,2013-01-01 00:00:00.000,4.782608695652174
BFA,2014-01-01 00:00:00.000,4.782608695652174
BFA,2015-01-01 00:00:00.000,4.782608695652174
BFA,2016-01-01 00:00:00.000,4.782608695652174
BFA,2017-01-01 00:00:00.000,4.782608695652174
BFA,2018-01-01 00:00:00.000,4.8
BFA,2019-01-01 00:00:00.000,4.8
BFA,2020-01-01 00:00:00.000,3.870967741935484
BFA,2021-01-01 00:00:00.000,3.548387096774194
BGD,2012-01-01 00:00:00.000,3.478260869565217
BGD,2013-01-01 00:00:00.000,3.478260869565217
BGD,2014-01-01 00:00:00.000,3.478260869565217
BGD,2015-01-01 00:00:00.000,3.478260869565217
BGD,2016-01-01 00:00:00.000,3.478260869565217
BGD,2017-01-01 00:00:00.000,2.6086956521739126
BGD,2018-01-01 00:00:00.000,3.1999999999999997
BGD,2019-01-01 00:00:00.000,3.1999999999999997
BGD,2020-01-01 00:00:00.000,3.225806451612903
BGD,2021-01-01 00:00:00.000,3.2258064516129035
BGR,2012-01-01 00:00:00.000,6.521739130434782
BGR,2013-01-01 00:00:00.000,6.521739130434782
BGR,2014-01-01 00:00:00.000,6.521739130434782
BGR,2015-01-01 00:00:00.000,6.956521739130435
BGR,2016-01-01 00:00:00.000,6.08695652173913
BGR,2017-01-01 00:00:00.000,6.08695652173913
BGR,2018-01-01 00:00:00.000,6.0
BGR,2019-01-01 00:00:00.000,6.0
BGR,2020-01-01 00:00:00.000,4.838709677419355
BGR,2021-01-01 00:00:00.000,4.838709677419355
BHR,2012-01-01 00:00:00.000,3.043478260869565
BHR,2013-01-01 00:00:00.000,3.043478260869565
BHR,2014-01-01 00:00:00.000,3.043478260869565
BHR,2015-01-01 00:00:00.000,3.913043478260869
BHR,2016-01-01 00:00:00.000,3.913043478260869
BHR,2017-01-01 00:00:00.000,3.913043478260869
BHR,2018-01-01 00:00:00.000,3.5999999999999996
BHR,2019-01-01 00:00:00.000,3.5999999999999996
BHR,2020-01-01 00:00:00.000,3.225806451612903
BHR,2021-01-01 00:00:00.000,2.903225806451613
BHS,2012-01-01 00:00:00.000,3.478260869565217
BHS,2013-01-01 00:00:00.000,3.478260869565217
BHS,2014-01-01 00:00:00.000,3.478260869565217
BHS,2015-01-01 00:00:00.000,3.478260869565217
BHS,2016-01-01 00:00:00.000,3.478260869565217
BHS,2017-01-01 00:00:00.000,3.478260869565217
BHS,2018-01-01 00:00:00.000,4.0
BHS,2019-01-01 00:00:00.000,4.0
BHS,2020-01-01 00:00:00.000,3.225806451612903
BHS,2021-01-01 00:00:00.000,2.903225806451613
BIH,2012-01-01 00:00:00.000,6.08695652173913
BIH,2013-01-01 00:00:00.000,6.08695652173913
BIH,2014-01-01 00:00:00.000,6.08695652173913
BIH,2015-01-01 00:00:00.000,6.521739130434782
BIH,2016-01-01 00:00:00.000,6.521739130434782
BIH,2017-01-01 00:00:00.000,6.521739130434782
BIH,2018-01-01 00:00:00.000,6.8
BIH,2019-01-01 00:00:00.000,6.8
BIH,2020-01-01 00:00:00.000,5.483870967741935
BIH,2021-01-01 00:00:00.000,5.483870967741936
BLR,2012-01-01 00:00:00.000,4.3478260869565215
BLR,2013-01-01 00:00:00.000,3.913043478260869
BLR,2014-01-01 00:00:00.000,3.913043478260869
BLR,2015-01-01 00:00:00.000,3.913043478260869
BLR,2016-01-01 00:00:00.000,3.913043478260869
BLR,2017-01-01 00:00:00.000,3.913043478260869
BLR,2018-01-01 00:00:00.000,4.0
BLR,2019-01-01 00:00:00.000,3.5999999999999996
BLR,2020-01-01 00:00:00.000,2.903225806451613
BLR,2021-01-01 00:00:00.000,2.580645161290323
BLZ,2012-01-01 00:00:00.000,4.3478260869565215
BLZ,2013-01-01 00:00:00.000,4.3478260869565215
BLZ,2014-01-01 00:00:00.000,4.3478260869565215
BLZ,2015-01-01 00:00:00.000,3.913043478260869
BLZ,2016-01-01 00:00:00.000,3.913043478260869
BLZ,2017-01-01 00:00:00.000,4.3478260869565215
BLZ,2018-01-01 00:00:00.000,4.4
BLZ,2019-01-01 00:00:00.000,4.4
BLZ,2020-01-01 00:00:00.000,4.193548387096774
BLZ,2021-01-01 00:00:00.000,4.193548387096774
BOL,2012-01-01 00:00:00.000,5.652173913043478
BOL,2013-01-01 00:00:00.000,5.652173913043478
BOL,2014-01-01 00:00:00.000,5.652173913043478
BOL,2015-01-01 00:00:00.000,6.521739130434782
BOL,2016-01-01 00:00:00.000,6.521739130434782
BOL,2017-01-01 00:00:00.000,6.521739130434782
BOL,2018-01-01 00:00:00.000,7.2
BOL,2019-01-01 00:00:00.000,7.2
BOL,2020-01-01 00:00:00.000,5.806451612903226
BOL,2021-01-01 00:00:00.000,5.483870967741936
BRA,2012-01-01 00:00:00.000,6.956521739130435
BRA,2013-01-01 00:00:00.000,8.26086956521739
BRA,2014-01-01 00:00:00.000,8.26086956521739
BRA,2015-01-01 00:00:00.000,8.26086956521739
BRA,2016-01-01 00:00:00.000,8.26086956521739
BRA,2017-01-01 00:00:00.000,8.695652173913043
BRA,2018-01-01 00:00:00.000,6.4
BRA,2019-01-01 00:00:00.000,6.0
BRA,2020-01-01 00:00:00.000,5.806451612903226
BRA,2021-01-01 00:00:00.000,6.451612903225807
BRB,2012-01-01 00:00:00.000,4.3478260869565215
BRB,2013-01-01 00:00:00.000,4.3478260869565215
BRB,2014-01-01 00:00:00.000,4.3478260869565215
BRB,2015-01-01 00:00:00.000,4.3478260869565215
BRB,2016-01-01 00:00:00.000,4.3478260869565215
BRB,2017-01-01 00:00:00.000,4.3478260869565215
BRB,2018-01-01 00:00:00.000,4.0
BRB,2019-01-01 00:00:00.000,4.0
BRB,2020-01-01 00:00:00.000,3.225806451612903
BRB,2021-01-01 00:00:00.000,3.870967741935484
BRN,2012-01-01 00:00:00.000,3.478260869565217
BRN,2013-01-01 00:00:00.000,3.478260869565217
BRN,2014-01-01 00:00:00.000,3.478260869565217
BRN,2015-01-01 00:00:00.000,3.478260869565217
BRN,2016-01-01 00:00:00.000,3.478260869565217
BRN,2017-01-01 00:00:00.000,3.478260869565217
BRN,2018-01-01 00:00:00.000,3.1999999999999997
BRN,2019-01-01 00:00:00.000,3.1999999999999997
BRN,2020-01-01 00:00:00.000,2.258064516129032
BRN,2021-01-01 00:00:00.000,2.2580645161290325
BTN,2012-01-01 00:00:00.000,3.478260869565217
BTN,2013-01-01 00:00:00.000,3.478260869565217
BTN,2014-01-01 00:00:00.000,3.478260869565217
BTN,2015-01-01 00:00:00.000,3.478260869565217
BTN,2016-01-01 00:00:00.000,3.478260869565217
BTN,2017-01-01 00:00:00.000,3.478260869565217
BTN,2018-01-01 00:00:00.000,3.1999999999999997
BTN,2019-01-01 00:00:00.000,3.1999999999999997
BTN,2020-01-01 00:00:00.000,3.5483870967741935
BTN,2021-01-01 00:00:00.000,5.161290322580645
BWA,2012-01-01 00:00:00.000,4.3478260869565215
BWA,2013-01-01 00:00:00.000,4.3478260869565215
BWA,2014-01-01 00:00:00.000,4.3478260869565215
BWA,2015-01-01 00:00:00.000,4.3478260869565215
BWA,2016-01-01 00:00:00.000,4.782608695652174
BWA,2017-01-01 00:00:00.000,4.782608695652174
BWA,2018-01-01 00:00:00.000,5.6
BWA,2019-01-01 00:00:00.000,5.6
BWA,2020-01-01 00:00:00.000,5.483870967741935
BWA,2021-01-01 00:00:00.000,4.516129032258065
CAF,2012-01-01 00:00:00.000,3.478260869565217
CAF,2013-01-01 00:00:00.000,3.478260869565217
CAF,2014-01-01 00:00:00.000,3.478260869565217
CAF,2015-01-01 00:00:00.000,3.478260869565217
CAF,2016-01-01 00:00:00.000,3.478260869565217
CAF,2017-01-01 00:00:00.000,3.478260869565217
CAF,2018-01-01 00:00:00.000,3.1999999999999997
CAF,2019-01-01 00:00:00.000,3.1999999999999997
CAF,2020-01-01 00:00:00.000,2.5806451612903225
CAF,2021-01-01 00:00:00.000,2.903225806451613
CAN,2012-01-01 00:00:00.000,8.695652173913043
CAN,2013-01-01 00:00:00.000,8.695652173913043
CAN,2014-01-01 00:00:00.000,9.130434782608695
CAN,2015-01-01 00:00:00.000,9.565217391304348
CAN,2016-01-01 00:00:00.000,9.565217391304348
CAN,2017-01-01 00:00:00.000,9.565217391304348
CAN,2018-01-01 00:00:00.000,10.0
CAN,2019-01-01 00:00:00.000,10.0
CAN,2020-01-01 00:00:00.000,10.0
CAN,2021-01-01 00:00:00.000,10.0
CHE,2012-01-01 00:00:00.000,7.826086956521738
CHE,2013-01-01 00:00:00.000,7.826086956521738
CHE,2014-01-01 00:00:00.000,7.826086956521738
CHE,2015-01-01 00:00:00.000,8.26086956521739
CHE,2016-01-01 00:00:00.000,8.26086956521739
CHE,2017-01-01 00:00:00.000,8.695652173913043
CHE,2018-01-01 00:00:00.000,8.8
CHE,2019-01-01 00:00:00.000,9.2
CHE,2020-01-01 00:00:00.000,8.387096774193548
CHE,2021-01-01 00:00:00.000,8.387096774193548
CHL,2012-01-01 00:00:00.000,5.652173913043478
CHL,2013-01-01 00:00:00.000,6.08695652173913
CHL,2014-01-01 00:00:00.000,6.08695652173913
CHL,2015-01-01 00:00:00.000,5.652173913043478
CHL,2016-01-01 00:00:00.000,5.652173913043478
CHL,2017-01-01 00:00:00.000,5.652173913043478
CHL,2018-01-01 00:00:00.000,6.4
CHL,2019-01-01 00:00:00.000,6.8
CHL,2020-01-01 00:00:00.000,6.451612903225806
CHL,2021-01-01 00:00:00.000,6.451612903225807
CHN,2012-01-01 00:00:00.000,6.08695652173913
CHN,2013-01-01 00:00:00.000,6.08695652173913
CHN,2014-01-01 00:00:00.000,6.08695652173913
CHN,2015-01-01 00:00:00.000,6.08695652173913
CHN,2016-01-01 00:00:00.000,6.08695652173913
CHN,2017-01-01 00:00:00.000,6.08695652173913
CHN,2018-01-01 00:00:00.000,6.0
CHN,2019-01-01 00:00:00.000,6.0
CHN,2020-01-01 00:00:00.000,5.161290322580645
CHN,2021-01-01 00:00:00.000,4.838709677419355
CIV,2012-01-01 00:00:00.000,3.913043478260869
CIV,2013-01-01 00:00:00.000,3.913043478260869
CIV,2014-01-01 00:00:00.000,3.913043478260869
CIV,2015-01-01 00:00:00.000,3.913043478260869
CIV,2016-01-01 00:00:00.000,3.913043478260869
CIV,2017-01-01 00:00:00.000,3.913043478260869
CIV,2018-01-01 00:00:00.000,3.5999999999999996
CIV,2019-01-01 00:00:00.000,3.5999999999999996
CIV,2020-01-01 00:00:00.000,2.903225806451613
CIV,2021-01-01 00:00:00.000,2.2580645161290325
CMR,2012-01-01 00:00:00.000,2.1739130434782603
CMR,2013-01-01 00:00:00.000,2.1739130434782603
CMR,2014-01-01 00:00:00.000,2.1739130434782603
CMR,2015-01-01 00:00:00.000,2.1739130434782603
CMR,2016-01-01 00:00:00.000,2.1739130434782603
CMR,2017-01-01 00:00:00.000,2.1739130434782603
CMR,2018-01-01 00:00:00.000,2.0
CMR,2019-01-01 00:00:00.000,2.0
CMR,2020-01-01 00:00:00.000,1.612903225806452
CMR,2021-01-01 00:00:00.000,1.612903225806452
COD,2012-01-01 00:00:00.000,4.3478260869565215
COD,2013-01-01 00:00:00.000,4.3478260869565215
COD,2014-01-01 00:00:00.000,4.3478260869565215
COD,2015-01-01 00:00:00.000,4.3478260869565215
COD,2016-01-01 00:00:00.000,4.3478260869565215
COD,2017-01-01 00:00:00.000,3.913043478260869
COD,2018-01-01 00:00:00.000,4.0
COD,2019-01-01 00:00:00.000,4.0
COD,2020-01-01 00:00:00.000,3.5483870967741935
COD,2021-01-01 00:00:00.000,2.903225806451613
COG,2012-01-01 00:00:00.000,3.913043478260869
COG,2013-01-01 00:00:00.000,3.913043478260869
COG,2014-01-01 00:00:00.000,3.913043478260869
COG,2015-01-01 00:00:00.000,3.913043478260869
COG,2016-01-01 00:00:00.000,3.913043478260869
COG,2017-01-01 00:00:00.000,3.913043478260869
COG,2018-01-01 00:00:00.000,4.0
COG,2019-01-01 00:00:00.000,4.0
COG,2020-01-01 00:00:00.000,3.5483870967741935
COG,2021-01-01 00:00:00.000,2.903225806451613
COL,2012-01-01 00:00:00.000,5.217391304347825
COL,2013-01-01 00:00:00.000,5.217391304347825
COL,2014-01-01 00:00:00.000,5.217391304347825
COL,2015-01-01 00:00:00.000,6.08695652173913
COL,2016-01-01 00:00:00.000,7.391304347826086
COL,2017-01-01 00:00:00.000,7.391304347826086
COL,2018-01-01 00:00:00.000,8.8
COL,2019-01-01 00:00:00.000,8.8
COL,2020-01-01 00:00:00.000,8.387096774193548
COL,2021-01-01 00:00:00.000,8.387096774193548
COM,2012-01-01 00:00:00.000,3.043478260869565
COM,2013-01-01 00:00:00.000,3.043478260869565
COM,2014-01-01 00:00:00.000,3.043478260869565
COM,2015-01-01 00:00:00.000,3.043478260869565
COM,2016-01-01 00:00:00.000,3.043478260869565
COM,2017-01-01 00:00:00.000,3.043478260869565
COM,2018-01-01 00:00:00.000,2.8
COM,2019-01-01 00:00:00.000,2.8
COM,2020-01-01 00:00:00.000,2.258064516129032
COM,2021-01-01 00:00:00.000,2.2580645161290325
CPV,2012-01-01 00:00:00.000,4.782608695652174
CPV,2013-01-01 00:00:00.000,4.782608695652174
CPV,2014-01-01 00:00:00.000,4.782608695652174
CPV,2015-01-01 00:00:00.000,5.217391304347825
CPV,2016-01-01 00:00:00.000,5.217391304347825
CPV,2017-01-01 00:00:00.000,5.217391304347825
CPV,2018-01-01 00:00:00.000,5.2
CPV,2019-01-01 00:00:00.000,5.2
CPV,2020-01-01 00:00:00.000,4.516129032258064
CPV,2021-01-01 00:00:00.000,4.516129032258065
CRI,2012-01-01 00:00:00.000,6.08695652173913
CRI,2013-01-01 00:00:00.000,6.08695652173913
CRI,2014-01-01 00:00:00.000,6.08695652173913
CRI,2015-01-01 00:00:00.000,6.521739130434782
CRI,2016-01-01 00:00:00.000,6.521739130434782
CRI,2017-01-01 00:00:00.000,6.521739130434782
CRI,2018-01-01 00:00:00.000,6.0
CRI,2019-01-01 00:00:00.000,6.8
CRI,2020-01-01 00:00:00.000,5.483870967741935
CRI,2021-01-01 00:00:00.000,7.096774193548387
CUB,2012-01-01 00:00:00.000,4.782608695652174
CUB,2013-01-01 00:00:00.000,4.782608695652174
CUB,2014-01-01 00:00:00.000,4.782608695652174
CUB,2015-01-01 00:00:00.000,4.3478260869565215
CUB,2016-01-01 00:00:00.000,4.782608695652174
CUB,2017-01-01 00:00:00.000,4.782608695652174
CUB,2018-01-01 00:00:00.000,6.4
CUB,2019-01-01 00:00:00.000,6.8
CUB,2020-01-01 00:00:00.000,5.483870967741935
CUB,2021-01-01 00:00:00.000,6.129032258064516
CYP,2012-01-01 00:00:00.000,5.652173913043478
CYP,2013-01-01 00:00:00.000,5.652173913043478
CYP,2014-01-01 00:00:00.000,5.652173913043478
CYP,2015-01-01 00:00:00.000,6.08695652173913
CYP,2016-01-01 00:00:00.000,6.521739130434782
CYP,2017-01-01 00:00:00.000,6.521739130434782
CYP,2018-01-01 00:00:00.000,6.4
CYP,2019-01-01 00:00:00.000,6.4
CYP,2020-01-01 00:00:00.000,5.483870967741935
CYP,2021-01-01 00:00:00.000,4.838709677419355
CZE,2012-01-01 00:00:00.000,7.391304347826086
CZE,2013-01-01 00:00:00.000,7.391304347826086
CZE,2014-01-01 00:00:00.000,7.391304347826086
CZE,2015-01-01 00:00:00.000,7.826086956521738
CZE,2016-01-01 00:00:00.000,7.826086956521738
CZE,2017-01-01 00:00:00.000,8.26086956521739
CZE,2018-01-01 00:00:00.000,8.0
CZE,2019-01-01 00:00:00.000,8.0
CZE,2020-01-01 00:00:00.000,6.774193548387097
CZE,2021-01-01 00:00:00.000,6.451612903225807
DEU,2012-01-01 00:00:00.000,8.26086956521739
DEU,2013-01-01 00:00:00.000,8.26086956521739
DEU,2014-01-01 00:00:00.000,8.26086956521739
DEU,2015-01-01 00:00:00.000,8.695652173913043
DEU,2016-01-01 00:00:00.000,8.695652173913043
DEU,2017-01-01 00:00:00.000,8.695652173913043
DEU,2018-01-01 00:00:00.000,9.6
DEU,2019-01-01 00:00:00.000,8.8
DEU,2020-01-01 00:00:00.000,8.709677419354838
DEU,2021-01-01 00:00:00.000,8.70967741935484
DJI,2012-01-01 00:00:00.000,3.478260869565217
DJI,2013-01-01 00:00:00.000,3.478260869565217
DJI,2014-01-01 00:00:00.000,3.478260869565217
DJI,2015-01-01 00:00:00.000,3.478260869565217
DJI,2016-01-01 00:00:00.000,3.478260869565217
DJI,2017-01-01 00:00:00.000,3.478260869565217
DJI,2018-01-01 00:00:00.000,3.1999999999999997
DJI,2019-01-01 00:00:00.000,3.1999999999999997
DJI,2020-01-01 00:00:00.000,3.225806451612903
DJI,2021-01-01 00:00:00.000,2.903225806451613
DMA,2012-01-01 00:00:00.000,3.043478260869565
DMA,2013-01-01 00:00:00.000,3.043478260869565
DMA,2014-01-01 00:00:00.000,3.043478260869565
DMA,2015-01-01 00:00:00.000,3.043478260869565
DMA,2016-01-01 00:00:00.000,3.043478260869565
DMA,2017-01-01 00:00:00.000,3.043478260869565
DMA,2018-01-01 00:00:00.000,2.8
DMA,2019-01-01 00:00:00.000,2.8
DMA,2020-01-01 00:00:00.000,2.258064516129032
DMA,2021-01-01 00:00:00.000,2.2580645161290325
DNK,2012-01-01 00:00:00.000,8.695652173913043
DNK,2013-01-01 00:00:00.000,9.130434782608695
DNK,2014-01-01 00:00:00.000,9.130434782608695
DNK,2015-01-01 00:00:00.000,9.565217391304348
DNK,2016-01-01 00:00:00.000,9.565217391304348
DNK,2017-01-01 00:00:00.000,9.565217391304348
DNK,2018-01-01 00:00:00.000,9.6
DNK,2019-01-01 00:00:00.000,9.6
DNK,2020-01-01 00:00:00.000,8.709677419354838
DNK,2021-01-01 00:00:00.000,9.032258064516128
DOM,2012-01-01 00:00:00.000,5.217391304347825
DOM,2013-01-01 00:00:00.000,5.217391304347825
DOM,2014-01-01 00:00:00.000,5.217391304347825
DOM,2015-01-01 00:00:00.000,3.913043478260869
DOM,2016-01-01 00:00:00.000,3.913043478260869
DOM,2017-01-01 00:00:00.000,3.043478260869565
DOM,2018-01-01 00:00:00.000,3.1999999999999997
DOM,2019-01-01 00:00:00.000,3.1999999999999997
DOM,2020-01-01 00:00:00.000,2.903225806451613
DOM,2021-01-01 00:00:00.000,2.2580645161290325
DZA,2015-01-01 00:00:00.000,2.1739130434782603
DZA,2020-01-01 00:00:00.000,3.225806451612903
DZA,2021-01-01 00:00:00.000,2.903225806451613
ECU,2012-01-01 00:00:00.000,5.217391304347825
ECU,2013-01-01 00:00:00.000,5.217391304347825
ECU,2014-01-01 00:00:00.000,5.217391304347825
ECU,2015-01-01 00:00:00.000,6.956521739130435
ECU,2016-01-01 00:00:00.000,6.956521739130435
ECU,2017-01-01 00:00:00.000,6.956521739130435
ECU,2018-01-01 00:00:00.000,7.2
ECU,2019-01-01 00:00:00.000,7.2
ECU,2020-01-01 00:00:00.000,6.451612903225806
ECU,2021-01-01 00:00:00.000,7.096774193548387
EGY,2012-01-01 00:00:00.000,2.1739130434782603
EGY,2013-01-01 00:00:00.000,2.1739130434782603
EGY,2014-01-01 00:00:00.000,2.1739130434782603
EGY,2015-01-01 00:00:00.000,3.478260869565217
EGY,2016-01-01 00:00:00.000,3.043478260869565
EGY,2017-01-01 00:00:00.000,3.043478260869565
EGY,2018-01-01 00:00:00.000,2.4
EGY,2019-01-01 00:00:00.000,2.4
EGY,2020-01-01 00:00:00.000,1.935483870967742
EGY,2021-01-01 00:00:00.000,1.612903225806452
ERI,2012-01-01 00:00:00.000,3.478260869565217
ERI,2013-01-01 00:00:00.000,3.478260869565217
ERI,2014-01-01 00:00:00.000,3.478260869565217
ERI,2015-01-01 00:00:00.000,3.478260869565217
ERI,2016-01-01 00:00:00.000,3.478260869565217
ERI,2017-01-01 00:00:00.000,3.478260869565217
ERI,2018-01-01 00:00:00.000,2.8
ERI,2019-01-01 00:00:00.000,2.8
ERI,2020-01-01 00:00:00.000,1.935483870967742
ERI,2021-01-01 00:00:00.000,1.935483870967742
ESP,2012-01-01 00:00:00.000,8.695652173913043
ESP,2013-01-01 00:00:00.000,8.695652173913043
ESP,2014-01-01 00:00:00.000,8.695652173913043
ESP,2015-01-01 00:00:00.000,9.130434782608695
ESP,2016-01-01 00:00:00.000,9.130434782608695
ESP,2017-01-01 00:00:00.000,9.130434782608695
ESP,2018-01-01 00:00:00.000,9.6
ESP,2019-01-01 00:00:00.000,9.6
ESP,2020-01-01 00:00:00.000,9.032258064516128
ESP,2021-01-01 00:00:00.000,9.35483870967742
EST,2012-01-01 00:00:00.000,7.391304347826086
EST,2013-01-01 00:00:00.000,7.391304347826086
EST,2014-01-01 00:00:00.000,7.391304347826086
EST,2015-01-01 00:00:00.000,7.826086956521738
EST,2016-01-01 00:00:00.000,7.826086956521738
EST,2017-01-01 00:00:00.000,8.26086956521739
EST,2018-01-01 00:00:00.000,8.0
EST,2019-01-01 00:00:00.000,8.0
EST,2020-01-01 00:00:00.000,6.774193548387097
EST,2021-01-01 00:00:00.000,6.451612903225807
ETH,2012-01-01 00:00:00.000,3.043478260869565
ETH,2013-01-01 00:00:00.000,3.043478260869565
ETH,2014-01-01 00:00:00.000,3.043478260869565
ETH,2015-01-01 00:00:00.000,3.043478260869565
ETH,2016-01-01 00:00:00.000,3.043478260869565
ETH,2017-01-01 00:00:00.000,3.043478260869565
ETH,2018-01-01 00:00:00.000,2.8
ETH,2019-01-01 00:00:00.000,2.8
ETH,2020-01-01 00:00:00.000,2.258064516129032
ETH,2021-01-01 00:00:00.000,2.2580645161290325
FIN,2012-01-01 00:00:00.000,7.826086956521738
FIN,2013-01-01 00:00:00.000,7.826086956521738
FIN,2014-01-01 00:00:00.000,7.826086956521738
FIN,2015-01-01 00:00:00.000,9.130434782608695
FIN,2016-01-01 00:00:00.000,9.130434782608695
FIN,2017-01-01 00:00:00.000,9.565217391304348
FIN,2018-01-01 00:00:00.000,9.6
FIN,2019-01-01 00:00:00.000,9.6
FIN,2020-01-01 00:00:00.000,8.064516129032258
FIN,2021-01-01 00:00:00.000,7.741935483870968
FJI,2012-01-01 00:00:00.000,5.217391304347825
FJI,2013-01-01 00:00:00.000,5.217391304347825
FJI,2014-01-01 00:00:00.000,5.652173913043478
FJI,2015-01-01 00:00:00.000,5.217391304347825
FJI,2016-01-01 00:00:00.000,5.217391304347825
FJI,2017-01-01 00:00:00.000,5.217391304347825
FJI,2018-01-01 00:00:00.000,4.8
FJI,2019-01-01 00:00:00.000,4.8
FJI,2020-01-01 00:00:00.000,5.161290322580645
FJI,2021-01-01 00:00:00.000,4.838709677419355
FRA,2012-01-01 00:00:00.000,8.26086956521739
FRA,2013-01-01 00:00:00.000,9.565217391304348
FRA,2014-01-01 00:00:00.000,9.565217391304348
FRA,2015-01-01 00:00:00.000,9.565217391304348
FRA,2016-01-01 00:00:00.000,9.565217391304348
FRA,2017-01-01 00:00:00.000,9.565217391304348
FRA,2018-01-01 00:00:00.000,9.6
FRA,2019-01-01 00:00:00.000,9.2
FRA,2020-01-01 00:00:00.000,7.741935483870968
FRA,2021-01-01 00:00:00.000,7.741935483870968
GAB,2012-01-01 00:00:00.000,5.217391304347825
GAB,2013-01-01 00:00:00.000,5.217391304347825
GAB,2014-01-01 00:00:00.000,5.217391304347825
GAB,2015-01-01 00:00:00.000,5.217391304347825
GAB,2016-01-01 00:00:00.000,5.217391304347825
GAB,2017-01-01 00:00:00.000,5.217391304347825
GAB,2018-01-01 00:00:00.000,5.2
GAB,2019-01-01 00:00:00.000,5.2
GAB,2020-01-01 00:00:00.000,4.193548387096774
GAB,2021-01-01 00:00:00.000,3.870967741935484
GBR,2012-01-01 00:00:00.000,8.695652173913043
GBR,2013-01-01 00:00:00.000,9.565217391304348
GBR,2014-01-01 00:00:00.000,9.565217391304348
GBR,2015-01-01 00:00:00.000,10.0
GBR,2016-01-01 00:00:00.000,10.0
GBR,2017-01-01 00:00:00.000,10.0
GBR,2018-01-01 00:00:00.000,9.6
GBR,2019-01-01 00:00:00.000,9.6
GBR,2020-01-01 00:00:00.000,9.032258064516128
GBR,2021-01-01 00:00:00.000,9.032258064516128
GEO,2012-01-01 00:00:00.000,5.217391304347825
GEO,2013-01-01 00:00:00.000,5.217391304347825
GEO,2014-01-01 00:00:00.000,5.217391304347825
GEO,2015-01-01 00:00:00.000,4.782608695652174
GEO,2016-01-01 00:00:00.000,4.782608695652174
GEO,2017-01-01 00:00:00.000,4.782608695652174
GEO,2018-01-01 00:00:00.000,5.2
GEO,2019-01-01 00:00:00.000,5.2
GEO,2020-01-01 00:00:00.000,4.193548387096774
GEO,2021-01-01 00:00:00.000,4.193548387096774
GHA,2012-01-01 00:00:00.000,3.478260869565217
GHA,2013-01-01 00:00:00.000,3.478260869565217
GHA,2014-01-01 00:00:00.000,3.478260869565217
GHA,2015-01-01 00:00:00.000,3.478260869565217
GHA,2016-01-01 00:00:00.000,3.478260869565217
GHA,2017-01-01 00:00:00.000,3.478260869565217
GHA,2018-01-01 00:00:00.000,3.1999999999999997
GHA,2019-01-01 00:00:00.000,3.1999999999999997
GHA,2020-01-01 00:00:00.000,2.5806451612903225
GHA,2021-01-01 00:00:00.000,2.2580645161290325
GMB,2012-01-01 00:00:00.000,3.478260869565217
GMB,2013-01-01 00:00:00.000,3.478260869565217
GMB,2014-01-01 00:00:00.000,3.478260869565217
GMB,2015-01-01 00:00:00.000,3.478260869565217
GMB,2016-01-01 00:00:00.000,3.478260869565217
GMB,2017-01-01 00:00:00.000,3.043478260869565
GMB,2018-01-01 00:00:00.000,2.8
GMB,2019-01-01 00:00:00.000,2.8
GMB,2020-01-01 00:00:00.000,2.258064516129032
GMB,2021-01-01 00:00:00.000,1.935483870967742
GNB,2012-01-01 00:00:00.000,5.652173913043478
GNB,2013-01-01 00:00:00.000,5.652173913043478
GNB,2014-01-01 00:00:00.000,5.652173913043478
GNB,2015-01-01 00:00:00.000,5.652173913043478
GNB,2016-01-01 00:00:00.000,5.652173913043478
GNB,2017-01-01 00:00:00.000,5.652173913043478
GNB,2018-01-01 00:00:00.000,5.6
GNB,2019-01-01 00:00:00.000,5.6
GNB,2020-01-01 00:00:00.000,4.516129032258064
GNB,2021-01-01 00:00:00.000,3.870967741935484
GNQ,2012-01-01 00:00:00.000,4.3478260869565215
GNQ,2013-01-01 00:00:00.000,4.3478260869565215
GNQ,2014-01-01 00:00:00.000,4.3478260869565215
GNQ,2015-01-01 00:00:00.000,4.3478260869565215
GNQ,2016-01-01 00:00:00.000,4.3478260869565215
GNQ,2017-01-01 00:00:00.000,4.3478260869565215
GNQ,2018-01-01 00:00:00.000,4.0
GNQ,2019-01-01 00:00:00.000,4.0
GNQ,2020-01-01 00:00:00.000,3.225806451612903
GNQ,2021-01-01 00:00:00.000,3.2258064516129035
GRC,2012-01-01 00:00:00.000,6.08695652173913
GRC,2013-01-01 00:00:00.000,5.652173913043478
GRC,2014-01-01 00:00:00.000,5.652173913043478
GRC,2015-01-01 00:00:00.000,6.08695652173913
GRC,2016-01-01 00:00:00.000,6.521739130434782
GRC,2017-01-01 00:00:00.000,6.521739130434782
GRC,2018-01-01 00:00:00.000,6.8
GRC,2019-01-01 00:00:00.000,6.4
GRC,2020-01-01 00:00:00.000,5.483870967741935
GRC,2021-01-01 00:00:00.000,6.129032258064516
GRD,2012-01-01 00:00:00.000,4.782608695652174
GRD,2013-01-01 00:00:00.000,4.782608695652174
GRD,2014-01-01 00:00:00.000,4.782608695652174
GRD,2015-01-01 00:00:00.000,3.913043478260869
GRD,2016-01-01 00:00:00.000,3.913043478260869
GRD,2017-01-01 00:00:00.000,3.913043478260869
GRD,2018-01-01 00:00:00.000,3.5999999999999996
GRD,2019-01-01 00:00:00.000,3.5999999999999996
GRD,2020-01-01 00:00:00.000,2.903225806451613
GRD,2021-01-01 00:00:00.000,2.903225806451613
GTM,2012-01-01 00:00:00.000,4.782608695652174
GTM,2013-01-01 00:00:00.000,4.782608695652174
GTM,2014-01-01 00:00:00.000,4.782608695652174
GTM,2015-01-01 00:00:00.000,4.3478260869565215
GTM,2016-01-01 00:00:00.000,4.3478260869565215
GTM,2017-01-01 00:00:00.000,4.3478260869565215
GTM,2018-01-01 00:00:00.000,4.0
GTM,2019-01-01 00:00:00.000,4.0
GTM,2020-01-01 00:00:00.000,3.225806451612903
GTM,2021-01-01 00:00:00.000,2.903225806451613
GUY,2012-01-01 00:00:00.000,2.1739130434782603
GUY,2013-01-01 00:00:00.000,2.1739130434782603
GUY,2014-01-01 00:00:00.000,2.1739130434782603
GUY,2015-01-01 00:00:00.000,2.1739130434782603
GUY,2016-01-01 00:00:00.000,2.1739130434782603
GUY,2017-01-01 00:00:00.000,2.1739130434782603
GUY,2018-01-01 00:00:00.000,2.4
GUY,2019-01-01 00:00:00.000,3.5999999999999996
GUY,2020-01-01 00:00:00.000,2.903225806451613
GUY,2021-01-01 00:00:00.000,2.580645161290323
HND,2012-01-01 00:00:00.000,4.3478260869565215
HND,2013-01-01 00:00:00.000,4.3478260869565215
HND,2014-01-01 00:00:00.000,4.3478260869565215
HND,2015-01-01 00:00:00.000,4.782608695652174
HND,2016-01-01 00:00:00.000,4.782608695652174
HND,2017-01-01 00:00:00.000,5.217391304347825
HND,2018-01-01 00:00:00.000,5.2
HND,2019-01-01 00:00:00.000,5.2
HND,2020-01-01 00:00:00.000,4.193548387096774
HND,2021-01-01 00:00:00.000,3.548387096774194
HRV,2012-01-01 00:00:00.000,6.521739130434782
HRV,2013-01-01 00:00:00.000,6.521739130434782
HRV,2014-01-01 00:00:00.000,6.521739130434782
HRV,2015-01-01 00:00:00.000,6.521739130434782
HRV,2016-01-01 00:00:00.000,6.521739130434782
HRV,2017-01-01 00:00:00.000,6.521739130434782
HRV,2018-01-01 00:00:00.000,6.8
HRV,2019-01-01 00:00:00.000,6.8
HRV,2020-01-01 00:00:00.000,5.806451612903226
HRV,2021-01-01 00:00:00.000,5.806451612903226
HTI,2012-01-01 00:00:00.000,3.913043478260869
HTI,2013-01-01 00:00:00.000,3.913043478260869
HTI,2014-01-01 00:00:00.000,3.913043478260869
HTI,2015-01-01 00:00:00.000,3.913043478260869
HTI,2016-01-01 00:00:00.000,3.913043478260869
HTI,2017-01-01 00:00:00.000,3.478260869565217
HTI,2018-01-01 00:00:00.000,2.8
HTI,2019-01-01 00:00:00.000,2.8
HTI,2020-01-01 00:00:00.000,2.258064516129032
HTI,2021-01-01 00:00:00.000,1.935483870967742
HUN,2012-01-01 00:00:00.000,6.08695652173913
HUN,2013-01-01 00:00:00.000,6.521739130434782
HUN,2014-01-01 00:00:00.000,6.521739130434782
HUN,2015-01-01 00:00:00.000,7.391304347826086
HUN,2016-01-01 00:00:00.000,6.956521739130435
HUN,2017-01-01 00:00:00.000,6.956521739130435
HUN,2018-01-01 00:00:00.000,6.4
HUN,2019-01-01 00:00:00.000,6.4
HUN,2020-01-01 00:00:00.000,5.806451612903226
HUN,2021-01-01 00:00:00.000,4.838709677419355
IDN,2012-01-01 00:00:00.000,4.3478260869565215
IDN,2013-01-01 00:00:00.000,4.3478260869565215
IDN,2014-01-01 00:00:00.000,4.3478260869565215
IDN,2015-01-01 00:00:00.000,4.782608695652174
IDN,2016-01-01 00:00:00.000,4.782608695652174
IDN,2017-01-01 00:00:00.000,4.782608695652174
IDN,2018-01-01 00:00:00.000,4.8
IDN,2019-01-01 00:00:00.000,4.4
IDN,2020-01-01 00:00:00.000,3.5483870967741935
IDN,2021-01-01 00:00:00.000,2.903225806451613
IND,2012-01-01 00:00:00.000,4.782608695652174
IND,2013-01-01 00:00:00.000,4.782608695652174
IND,2014-01-01 00:00:00.000,4.782608695652174
IND,2015-01-01 00:00:00.000,4.3478260869565215
IND,2016-01-01 00:00:00.000,4.3478260869565215
IND,2017-01-01 00:00:00.000,3.913043478260869
IND,2018-01-01 00:00:00.000,4.8
IND,2019-01-01 00:00:00.000,6.4
IND,2020-01-01 00:00:00.000,6.129032258064516
IND,2021-01-01 00:00:00.000,6.129032258064516
IRL,2012-01-01 00:00:00.000,7.391304347826086
IRL,2013-01-01 00:00:00.000,7.391304347826086
IRL,2014-01-01 00:00:00.000,7.391304347826086
IRL,2015-01-01 00:00:00.000,7.826086956521738
IRL,2016-01-01 00:00:00.000,9.130434782608695
IRL,2017-01-01 00:00:00.000,9.565217391304348
IRL,2018-01-01 00:00:00.000,9.2
IRL,2019-01-01 00:00:00.000,9.2
IRL,2020-01-01 00:00:00.000,7.741935483870968
IRL,2021-01-01 00:00:00.000,8.064516129032258
IRN,2012-01-01 00:00:00.000,0.43478260869565144
IRN,2013-01-01 00:00:00.000,0.43478260869565144
IRN,2014-01-01 00:00:00.000,0.43478260869565144
IRN,2015-01-01 00:00:00.000,0.43478260869565144
IRN,2016-01-01 00:00:00.000,0.43478260869565144
IRN,2017-01-01 00:00:00.000,0.43478260869565144
IRN,2018-01-01 00:00:00.000,0.39999999999999947
IRN,2019-01-01 00:00:00.000,0.39999999999999947
IRN,2020-01-01 00:00:00.000,0.32258064516129004
IRN,2021-01-01 00:00:00.000,0.3225806451612909
IRQ,2012-01-01 00:00:00.000,3.043478260869565
IRQ,2013-01-01 00:00:00.000,3.043478260869565
IRQ,2014-01-01 00:00:00.000,3.043478260869565
IRQ,2015-01-01 00:00:00.000,3.043478260869565
IRQ,2016-01-01 00:00:00.000,3.043478260869565
IRQ,2017-01-01 00:00:00.000,3.043478260869565
IRQ,2018-01-01 00:00:00.000,2.8
IRQ,2019-01-01 00:00:00.000,3.1999999999999997
IRQ,2020-01-01 00:00:00.000,2.258064516129032
IRQ,2021-01-01 00:00:00.000,1.935483870967742
ISL,2012-01-01 00:00:00.000,9.130434782608695
ISL,2013-01-01 00:00:00.000,9.130434782608695
ISL,2014-01-01 00:00:00.000,9.130434782608695
ISL,2015-01-01 00:00:00.000,9.130434782608695
ISL,2016-01-01 00:00:00.000,9.565217391304348
ISL,2017-01-01 00:00:00.000,9.565217391304348
ISL,2018-01-01 00:00:00.000,9.6
ISL,2019-01-01 00:00:00.000,9.6
ISL,2020-01-01 00:00:00.000,8.709677419354838
ISL,2021-01-01 00:00:00.000,8.70967741935484
ISR,2012-01-01 00:00:00.000,6.956521739130435
ISR,2013-01-01 00:00:00.000,6.956521739130435
ISR,2014-01-01 00:00:00.000,6.956521739130435
ISR,2015-01-01 00:00:00.000,7.826086956521738
ISR,2016-01-01 00:00:00.000,7.826086956521738
ISR,2017-01-01 00:00:00.000,8.26086956521739
ISR,2018-01-01 00:00:00.000,8.8
ISR,2019-01-01 00:00:00.000,8.8
ISR,2020-01-01 00:00:00.000,7.741935483870968
ISR,2021-01-01 00:00:00.000,7.096774193548387
ITA,2012-01-01 00:00:00.000,6.521739130434782
ITA,2013-01-01 00:00:00.000,6.521739130434782
ITA,2014-01-01 00:00:00.000,6.521739130434782
ITA,2015-01-01 00:00:00.000,6.08695652173913
ITA,2016-01-01 00:00:00.000,6.521739130434782
ITA,2017-01-01 00:00:00.000,6.521739130434782
ITA,2018-01-01 00:00:00.000,7.2
ITA,2019-01-01 00:00:00.000,7.2
ITA,2020-01-01 00:00:00.000,6.451612903225806
ITA,2021-01-01 00:00:00.000,5.806451612903226
JAM,2012-01-01 00:00:00.000,1.304347826086956
JAM,2013-01-01 00:00:00.000,1.304347826086956
JAM,2014-01-01 00:00:00.000,1.304347826086956
JAM,2015-01-01 00:00:00.000,2.1739130434782603
JAM,2016-01-01 00:00:00.000,2.1739130434782603
JAM,2017-01-01 00:00:00.000,2.1739130434782603
JAM,2018-01-01 00:00:00.000,2.4
JAM,2019-01-01 00:00:00.000,2.8
JAM,2020-01-01 00:00:00.000,2.258064516129032
JAM,2021-01-01 00:00:00.000,1.935483870967742
JOR,2012-01-01 00:00:00.000,1.304347826086956
JOR,2013-01-01 00:00:00.000,1.304347826086956
JOR,2014-01-01 00:00:00.000,1.304347826086956
JOR,2015-01-01 00:00:00.000,2.6086956521739126
JOR,2016-01-01 00:00:00.000,2.6086956521739126
JOR,2017-01-01 00:00:00.000,2.6086956521739126
JOR,2018-01-01 00:00:00.000,4.0
JOR,2019-01-01 00:00:00.000,4.0
JOR,2020-01-01 00:00:00.000,3.225806451612903
JOR,2021-01-01 00:00:00.000,3.870967741935484
JPN,2012-01-01 00:00:00.000,5.652173913043478
JPN,2013-01-01 00:00:00.000,5.652173913043478
JPN,2014-01-01 00:00:00.000,5.652173913043478
JPN,2015-01-01 00:00:00.000,6.08695652173913
JPN,2016-01-01 00:00:00.000,6.08695652173913
JPN,2017-01-01 00:00:00.000,6.08695652173913
JPN,2018-01-01 00:00:00.000,6.4
JPN,2019-01-01 00:00:00.000,6.0
JPN,2020-01-01 00:00:00.000,5.161290322580645
JPN,2021-01-01 00:00:00.000,5.161290322580645
KAZ,2012-01-01 00:00:00.000,5.652173913043478
KAZ,2013-01-01 00:00:00.000,5.652173913043478
KAZ,2014-01-01 00:00:00.000,5.652173913043478
KAZ,2015-01-01 00:00:00.000,5.652173913043478
KAZ,2016-01-01 00:00:00.000,5.652173913043478
KAZ,2017-01-01 00:00:00.000,5.652173913043478
KAZ,2018-01-01 00:00:00.000,5.6
KAZ,2019-01-01 00:00:00.000,5.6
KAZ,2020-01-01 00:00:00.000,4.516129032258064
KAZ,2021-01-01 00:00:00.000,4.516129032258065
KEN,2012-01-01 00:00:00.000,4.3478260869565215
KEN,2013-01-01 00:00:00.000,4.3478260869565215
KEN,2014-01-01 00:00:00.000,4.3478260869565215
KEN,2015-01-01 00:00:00.000,3.913043478260869
KEN,2016-01-01 00:00:00.000,3.478260869565217
KEN,2017-01-01 00:00:00.000,3.478260869565217
KEN,2018-01-01 00:00:00.000,3.1999999999999997
KEN,2019-01-01 00:00:00.000,3.1999999999999997
KEN,2020-01-01 00:00:00.000,3.5483870967741935
KEN,2021-01-01 00:00:00.000,2.580645161290323
KGZ,2012-01-01 00:00:00.000,5.217391304347825
KGZ,2013-01-01 00:00:00.000,5.217391304347825
KGZ,2014-01-01 00:00:00.000,5.217391304347825
KGZ,2015-01-01 00:00:00.000,4.782608695652174
KGZ,2016-01-01 00:00:00.000,4.782608695652174
KGZ,2017-01-01 00:00:00.000,4.782608695652174
KGZ,2018-01-01 00:00:00.000,5.2
KGZ,2019-01-01 00:00:00.000,5.2
KGZ,2020-01-01 00:00:00.000,4.193548387096774
KGZ,2021-01-01 00:00:00.000,3.870967741935484
KHM,2012-01-01 00:00:00.000,6.521739130434782
KHM,2013-01-01 00:00:00.000,6.521739130434782
KHM,2014-01-01 00:00:00.000,6.521739130434782
KHM,2015-01-01 00:00:00.000,6.08695652173913
KHM,2016-01-01 00:00:00.000,6.08695652173913
KHM,2017-01-01 00:00:00.000,6.08695652173913
KHM,2018-01-01 00:00:00.000,6.4
KHM,2019-01-01 00:00:00.000,6.4
KHM,2020-01-01 00:00:00.000,5.161290322580645
KHM,2021-01-01 00:00:00.000,4.193548387096774
KNA,2012-01-01 00:00:00.000,4.3478260869565215
KNA,2013-01-01 00:00:00.000,4.3478260869565215
KNA,2014-01-01 00:00:00.000,4.3478260869565215
KOR,2012-01-01 00:00:00.000,4.782608695652174
KOR,2013-01-01 00:00:00.000,4.782608695652174
KOR,2014-01-01 00:00:00.000,4.782608695652174
KOR,2015-01-01 00:00:00.000,4.3478260869565215
KOR,2016-01-01 00:00:00.000,4.3478260869565215
KOR,2017-01-01 00:00:00.000,4.3478260869565215
KOR,2018-01-01 00:00:00.000,4.0
KOR,2019-01-01 00:00:00.000,4.0
KOR,2020-01-01 00:00:00.000,5.483870967741935
KOR,2021-01-01 00:00:00.000,4.838709677419355
KWT,2012-01-01 00:00:00.000,3.043478260869565
KWT,2013-01-01 00:00:00.000,3.043478260869565
KWT,2014-01-01 00:00:00.000,3.043478260869565
KWT,2015-01-01 00:00:00.000,3.043478260869565
KWT,2016-01-01 00:00:00.000,3.043478260869565
KWT,2017-01-01 00:00:00.000,3.043478260869565
KWT,2018-01-01 00:00:00.000,2.4
KWT,2019-01-01 00:00:00.000,2.4
KWT,2020-01-01 00:00:00.000,1.935483870967742
KWT,2021-01-01 00:00:00.000,1.612903225806452
LAO,2012-01-01 00:00:00.000,5.652173913043478
LAO,2013-01-01 00:00:00.000,5.652173913043478
LAO,2014-01-01 00:00:00.000,5.652173913043478
LAO,2015-01-01 00:00:00.000,5.652173913043478
LAO,2016-01-01 00:00:00.000,5.652173913043478
LAO,2017-01-01 00:00:00.000,5.652173913043478
LAO,2018-01-01 00:00:00.000,5.6
LAO,2019-01-01 00:00:00.000,5.6
LAO,2020-01-01 00:00:00.000,4.838709677419355
LAO,2021-01-01 00:00:00.000,4.516129032258065
LBN,2012-01-01 00:00:00.000,4.782608695652174
LBN,2013-01-01 00:00:00.000,4.782608695652174
LBN,2014-01-01 00:00:00.000,4.782608695652174
LBN,2015-01-01 00:00:00.000,4.3478260869565215
LBN,2016-01-01 00:00:00.000,4.3478260869565215
LBN,2017-01-01 00:00:00.000,4.3478260869565215
LBN,2018-01-01 00:00:00.000,4.8
LBN,2019-01-01 00:00:00.000,4.4
LBN,2020-01-01 00:00:00.000,3.5483870967741935
LBN,2021-01-01 00:00:00.000,3.548387096774194
LBR,2012-01-01 00:00:00.000,3.478260869565217
LBR,2013-01-01 00:00:00.000,3.478260869565217
LBR,2014-01-01 00:00:00.000,3.478260869565217
LBR,2015-01-01 00:00:00.000,3.478260869565217
LBR,2016-01-01 00:00:00.000,3.478260869565217
LBR,2017-01-01 00:00:00.000,3.478260869565217
LBR,2018-01-01 00:00:00.000,3.1999999999999997
LBR,2019-01-01 00:00:00.000,3.1999999999999997
LBR,2020-01-01 00:00:00.000,2.5806451612903225
LBR,2021-01-01 00:00:00.000,2.2580645161290325
LBY,2012-01-01 00:00:00.000,2.1739130434782603
LBY,2013-01-01 00:00:00.000,2.1739130434782603
LBY,2014-01-01 00:00:00.000,2.1739130434782603
LBY,2015-01-01 00:00:00.000,2.1739130434782603
LBY,2016-01-01 00:00:00.000,2.1739130434782603
LBY,2017-01-01 00:00:00.000,2.1739130434782603
LBY,2018-01-01 00:00:00.000,2.0
LBY,2019-01-01 00:00:00.000,1.5999999999999996
LBY,2020-01-01 00:00:00.000,1.290322580645161
LBY,2021-01-01 00:00:00.000,1.290322580645162
LIE,2012-01-01 00:00:00.000,6.956521739130435
LIE,2013-01-01 00:00:00.000,6.956521739130435
LIE,2014-01-01 00:00:00.000,6.956521739130435
LIE,2015-01-01 00:00:00.000,6.956521739130435
LIE,2016-01-01 00:00:00.000,6.956521739130435
LIE,2017-01-01 00:00:00.000,6.956521739130435
LIE,2018-01-01 00:00:00.000,6.8
LIE,2019-01-01 00:00:00.000,7.6
LIE,2020-01-01 00:00:00.000,6.451612903225806
LIE,2021-01-01 00:00:00.000,5.806451612903226
LKA,2012-01-01 00:00:00.000,4.782608695652174
LKA,2013-01-01 00:00:00.000,4.782608695652174
LKA,2014-01-01 00:00:00.000,4.782608695652174
LKA,2015-01-01 00:00:00.000,4.3478260869565215
LKA,2016-01-01 00:00:00.000,4.3478260869565215
LKA,2017-01-01 00:00:00.000,3.913043478260869
LKA,2018-01-01 00:00:00.000,4.4
LKA,2019-01-01 00:00:00.000,4.4
LKA,2020-01-01 00:00:00.000,3.870967741935484
LKA,2021-01-01 00:00:00.000,4.193548387096774
LSO,2020-01-01 00:00:00.000,5.161290322580645
LSO,2021-01-01 00:00:00.000,4.516129032258065
LTU,2012-01-01 00:00:00.000,4.782608695652174
LTU,2013-01-01 00:00:00.000,4.782608695652174
LTU,2014-01-01 00:00:00.000,4.782608695652174
LTU,2015-01-01 00:00:00.000,5.652173913043478
LTU,2016-01-01 00:00:00.000,5.652173913043478
LTU,2017-01-01 00:00:00.000,6.08695652173913
LTU,2018-01-01 00:00:00.000,6.8
LTU,2019-01-01 00:00:00.000,6.4
LTU,2020-01-01 00:00:00.000,5.161290322580645
LTU,2021-01-01 00:00:00.000,4.516129032258065
LUX,2012-01-01 00:00:00.000,7.826086956521738
LUX,2013-01-01 00:00:00.000,7.826086956521738
LUX,2014-01-01 00:00:00.000,7.826086956521738
LUX,2015-01-01 00:00:00.000,9.130434782608695
LUX,2016-01-01 00:00:00.000,9.130434782608695
LUX,2017-01-01 00:00:00.000,9.130434782608695
LUX,2018-01-01 00:00:00.000,9.2
LUX,2019-01-01 00:00:00.000,9.6
LUX,2020-01-01 00:00:00.000,8.064516129032258
LUX,2021-01-01 00:00:00.000,7.741935483870968
LVA,2012-01-01 00:00:00.000,5.652173913043478
LVA,2013-01-01 00:00:00.000,5.652173913043478
LVA,2014-01-01 00:00:00.000,5.652173913043478
LVA,2015-01-01 00:00:00.000,6.08695652173913
LVA,2016-01-01 00:00:00.000,6.08695652173913
LVA,2017-01-01 00:00:00.000,6.08695652173913
LVA,2018-01-01 00:00:00.000,6.0
LVA,2019-01-01 00:00:00.000,6.0
LVA,2020-01-01 00:00:00.000,4.838709677419355
LVA,2021-01-01 00:00:00.000,4.516129032258065
MAR,2012-01-01 00:00:00.000,3.913043478260869
MAR,2013-01-01 00:00:00.000,3.913043478260869
MAR,2014-01-01 00:00:00.000,3.913043478260869
MAR,2015-01-01 00:00:00.000,3.913043478260869
MAR,2016-01-01 00:00:00.000,3.913043478260869
MAR,2017-01-01 00:00:00.000,3.478260869565217
MAR,2018-01-01 00:00:00.000,2.8
MAR,2019-01-01 00:00:00.000,2.8
MAR,2020-01-01 00:00:00.000,2.258064516129032
MAR,2021-01-01 00:00:00.000,1.935483870967742
MCO,2012-01-01 00:00:00.000,5.652173913043478
MCO,2013-01-01 00:00:00.000,5.652173913043478
MCO,2014-01-01 00:00:00.000,5.652173913043478
MCO,2015-01-01 00:00:00.000,5.652173913043478
MCO,2016-01-01 00:00:00.000,5.652173913043478
MCO,2017-01-01 00:00:00.000,5.652173913043478
MCO,2018-01-01 00:00:00.000,5.6
MCO,2019-01-01 00:00:00.000,6.0
MCO,2020-01-01 00:00:00.000,4.838709677419355
MCO,2021-01-01 00:00:00.000,4.838709677419355
MDA,2012-01-01 00:00:00.000,5.652173913043478
MDA,2013-01-01 00:00:00.000,5.652173913043478
MDA,2014-01-01 00:00:00.000,5.652173913043478
MDA,2015-01-01 00:00:00.000,5.652173913043478
MDA,2016-01-01 00:00:00.000,5.652173913043478
MDA,2017-01-01 00:00:00.000,5.652173913043478
MDA,2018-01-01 00:00:00.000,5.6
MDA,2019-01-01 00:00:00.000,5.6
MDA,2020-01-01 00:00:00.000,4.516129032258064
MDA,2021-01-01 00:00:00.000,4.193548387096774
MDG,2012-01-01 00:00:00.000,3.913043478260869
MDG,2013-01-01 00:00:00.000,3.913043478260869
MDG,2014-01-01 00:00:00.000,3.913043478260869
MDG,2015-01-01 00:00:00.000,3.913043478260869
MDG,2016-01-01 00:00:00.000,3.913043478260869
MDG,2017-01-01 00:00:00.000,3.913043478260869
MDG,2018-01-01 00:00:00.000,4.0
MDG,2019-01-01 00:00:00.000,4.0
MDG,2020-01-01 00:00:00.000,3.225806451612903
MDG,2021-01-01 00:00:00.000,2.903225806451613
MDV,2012-01-01 00:00:00.000,3.043478260869565
MDV,2013-01-01 00:00:00.000,3.043478260869565
MDV,2014-01-01 00:00:00.000,3.043478260869565
MDV,2015-01-01 00:00:00.000,3.043478260869565
MDV,2016-01-01 00:00:00.000,3.043478260869565
MDV,2017-01-01 00:00:00.000,3.043478260869565
MDV,2018-01-01 00:00:00.000,2.8
MDV,2019-01-01 00:00:00.000,2.8
MDV,2020-01-01 00:00:00.000,2.258064516129032
MDV,2021-01-01 00:00:00.000,2.2580645161290325
MEX,2012-01-01 00:00:00.000,6.08695652173913
MEX,2013-01-01 00:00:00.000,6.08695652173913
MEX,2014-01-01 00:00:00.000,6.08695652173913
MEX,2015-01-01 00:00:00.000,6.08695652173913
MEX,2016-01-01 00:00:00.000,6.956521739130435
MEX,2017-01-01 00:00:00.000,6.956521739130435
MEX,2018-01-01 00:00:00.000,6.4
MEX,2019-01-01 00:00:00.000,6.4
MEX,2020-01-01 00:00:00.000,5.806451612903226
MEX,2021-01-01 00:00:00.000,6.451612903225807
MKD,2012-01-01 00:00:00.000,5.217391304347825
MKD,2013-01-01 00:00:00.000,5.217391304347825
MKD,2014-01-01 00:00:00.000,5.217391304347825
MKD,2015-01-01 00:00:00.000,5.652173913043478
MKD,2016-01-01 00:00:00.000,5.652173913043478
MKD,2017-01-01 00:00:00.000,5.217391304347825
MKD,2018-01-01 00:00:00.000,5.6
MKD,2019-01-01 00:00:00.000,5.6
MKD,2020-01-01 00:00:00.000,4.516129032258064
MKD,2021-01-01 00:00:00.000,4.838709677419355
MLI,2020-01-01 00:00:00.000,4.838709677419355
MLI,2021-01-01 00:00:00.000,4.516129032258065
MLT,2012-01-01 00:00:00.000,6.08695652173913
MLT,2013-01-01 00:00:00.000,6.08695652173913
MLT,2014-01-01 00:00:00.000,6.521739130434782
MLT,2015-01-01 00:00:00.000,7.826086956521738
MLT,2016-01-01 00:00:00.000,8.695652173913043
MLT,2017-01-01 00:00:00.000,8.695652173913043
MLT,2018-01-01 00:00:00.000,8.8
MLT,2019-01-01 00:00:00.000,9.6
MLT,2020-01-01 00:00:00.000,10.0
MLT,2021-01-01 00:00:00.000,9.35483870967742
MMR,2012-01-01 00:00:00.000,4.3478260869565215
MMR,2013-01-01 00:00:00.000,4.3478260869565215
MMR,2014-01-01 00:00:00.000,4.3478260869565215
MMR,2015-01-01 00:00:00.000,4.782608695652174
MMR,2016-01-01 00:00:00.000,4.782608695652174
MMR,2017-01-01 00:00:00.000,4.782608695652174
MMR,2018-01-01 00:00:00.000,4.8
MMR,2019-01-01 00:00:00.000,4.8
MMR,2020-01-01 00:00:00.000,3.870967741935484
MMR,2021-01-01 00:00:00.000,3.548387096774194
MNE,2012-01-01 00:00:00.000,5.652173913043478
MNE,2013-01-01 00:00:00.000,5.652173913043478
MNE,2014-01-01 00:00:00.000,5.652173913043478
MNE,2015-01-01 00:00:00.000,6.521739130434782
MNE,2016-01-01 00:00:00.000,6.08695652173913
MNE,2017-01-01 00:00:00.000,6.08695652173913
MNE,2018-01-01 00:00:00.000,6.0
MNE,2019-01-01 00:00:00.000,6.0
MNE,2020-01-01 00:00:00.000,4.838709677419355
MNE,2021-01-01 00:00:00.000,4.838709677419355
MNG,2012-01-01 00:00:00.000,5.217391304347825
MNG,2013-01-01 00:00:00.000,5.217391304347825
MNG,2014-01-01 00:00:00.000,5.217391304347825
MNG,2015-01-01 00:00:00.000,6.08695652173913
MNG,2016-01-01 00:00:00.000,6.08695652173913
MNG,2017-01-01 00:00:00.000,6.521739130434782
MNG,2018-01-01 00:00:00.000,6.4
MNG,2019-01-01 00:00:00.000,6.4
MNG,2020-01-01 00:00:00.000,5.161290322580645
MNG,2021-01-01 00:00:00.000,4.516129032258065
MOZ,2012-01-01 00:00:00.000,6.956521739130435
MOZ,2013-01-01 00:00:00.000,6.956521739130435
MOZ,2014-01-01 00:00:00.000,6.956521739130435
MOZ,2015-01-01 00:00:00.000,6.956521739130435
MOZ,2016-01-01 00:00:00.000,6.956521739130435
MOZ,2017-01-01 00:00:00.000,6.956521739130435
MOZ,2018-01-01 00:00:00.000,7.2
MOZ,2019-01-01 00:00:00.000,7.2
MOZ,2020-01-01 00:00:00.000,5.806451612903226
MOZ,2021-01-01 00:00:00.000,5.161290322580645
MRT,2012-01-01 00:00:00.000,3.043478260869565
MRT,2013-01-01 00:00:00.000,3.043478260869565
MRT,2014-01-01 00:00:00.000,3.043478260869565
MRT,2015-01-01 00:00:00.000,3.043478260869565
MRT,2016-01-01 00:00:00.000,3.043478260869565
MRT,2017-01-01 00:00:00.000,3.043478260869565
MRT,2018-01-01 00:00:00.000,2.8
MRT,2019-01-01 00:00:00.000,2.8
MRT,2020-01-01 00:00:00.000,2.258064516129032
MRT,2021-01-01 00:00:00.000,1.935483870967742
MUS,2012-01-01 00:00:00.000,4.3478260869565215
MUS,2013-01-01 00:00:00.000,4.3478260869565215
MUS,2014-01-01 00:00:00.000,4.3478260869565215
MUS,2015-01-01 00:00:00.000,3.913043478260869
MUS,2016-01-01 00:00:00.000,4.3478260869565215
MUS,2017-01-01 00:00:00.000,4.782608695652174
MUS,2018-01-01 00:00:00.000,4.4
MUS,2019-01-01 00:00:00.000,4.4
MUS,2020-01-01 00:00:00.000,3.5483870967741935
MUS,2021-01-01 00:00:00.000,3.548387096774194
MWI,2012-01-01 00:00:00.000,2.6086956521739126
MWI,2013-01-01 00:00:00.000,2.6086956521739126
MWI,2014-01-01 00:00:00.000,2.6086956521739126
MWI,2015-01-01 00:00:00.000,2.6086956521739126
MWI,2016-01-01 00:00:00.000,2.6086956521739126
MWI,2017-01-01 00:00:00.000,2.1739130434782603
MWI,2018-01-01 00:00:00.000,2.0
MWI,2019-01-01 00:00:00.000,2.0
MWI,2020-01-01 00:00:00.000,1.612903225806452
MWI,2021-01-01 00:00:00.000,1.935483870967742
MYS,2012-01-01 00:00:00.000,2.6086956521739126
MYS,2013-01-01 00:00:00.000,2.6086956521739126
MYS,2014-01-01 00:00:00.000,2.6086956521739126
MYS,2015-01-01 00:00:00.000,3.478260869565217
MYS,2016-01-01 00:00:00.000,3.478260869565217
MYS,2017-01-01 00:00:00.000,3.478260869565217
MYS,2018-01-01 00:00:00.000,2.4
MYS,2019-01-01 00:00:00.000,2.4
MYS,2020-01-01 00:00:00.000,1.612903225806452
MYS,2021-01-01 00:00:00.000,1.935483870967742
NAM,2012-01-01 00:00:00.000,3.913043478260869
NAM,2013-01-01 00:00:00.000,3.913043478260869
NAM,2014-01-01 00:00:00.000,3.913043478260869
NAM,2015-01-01 00:00:00.000,4.3478260869565215
NAM,2016-01-01 00:00:00.000,4.3478260869565215
NAM,2017-01-01 00:00:00.000,4.3478260869565215
NAM,2018-01-01 00:00:00.000,4.4
NAM,2019-01-01 00:00:00.000,4.4
NAM,2020-01-01 00:00:00.000,3.5483870967741935
NAM,2021-01-01 00:00:00.000,3.870967741935484
NER,2020-01-01 00:00:00.000,4.516129032258064
NER,2021-01-01 00:00:00.000,4.516129032258065
NGA,2012-01-01 00:00:00.000,1.7391304347826084
NGA,2013-01-01 00:00:00.000,1.7391304347826084
NGA,2014-01-01 00:00:00.000,1.7391304347826084
NGA,2015-01-01 00:00:00.000,3.478260869565217
NGA,2016-01-01 00:00:00.000,3.478260869565217
NGA,2017-01-01 00:00:00.000,3.478260869565217
NGA,2018-01-01 00:00:00.000,3.1999999999999997
NGA,2019-01-01 00:00:00.000,3.1999999999999997
NGA,2020-01-01 00:00:00.000,1.612903225806452
NGA,2021-01-01 00:00:00.000,1.612903225806452
NIC,2012-01-01 00:00:00.000,5.652173913043478
NIC,2013-01-01 00:00:00.000,5.652173913043478
NIC,2014-01-01 00:00:00.000,5.652173913043478
NIC,2015-01-01 00:00:00.000,6.08695652173913
NIC,2016-01-01 00:00:00.000,6.08695652173913
NIC,2017-01-01 00:00:00.000,6.08695652173913
NIC,2018-01-01 00:00:00.000,5.6
NIC,2019-01-01 00:00:00.000,5.6
NIC,2020-01-01 00:00:00.000,4.516129032258064
NIC,2021-01-01 00:00:00.000,3.548387096774194
NLD,2012-01-01 00:00:00.000,9.565217391304348
NLD,2013-01-01 00:00:00.000,9.565217391304348
NLD,2014-01-01 00:00:00.000,9.565217391304348
NLD,2015-01-01 00:00:00.000,9.565217391304348
NLD,2016-01-01 00:00:00.000,9.565217391304348
NLD,2017-01-01 00:00:00.000,9.565217391304348
NLD,2018-01-01 00:00:00.000,9.6
NLD,2019-01-01 00:00:00.000,9.6
NLD,2020-01-01 00:00:00.000,9.032258064516128
NLD,2021-01-01 00:00:00.000,8.387096774193548
NOR,2012-01-01 00:00:00.000,8.695652173913043
NOR,2013-01-01 00:00:00.000,8.695652173913043
NOR,2014-01-01 00:00:00.000,8.695652173913043
NOR,2015-01-01 00:00:00.000,9.130434782608695
NOR,2016-01-01 00:00:00.000,9.130434782608695
NOR,2017-01-01 00:00:00.000,9.130434782608695
NOR,2018-01-01 00:00:00.000,9.6
NOR,2019-01-01 00:00:00.000,9.6
NOR,2020-01-01 00:00:00.000,8.064516129032258
NOR,2021-01-01 00:00:00.000,8.064516129032258
NPL,2012-01-01 00:00:00.000,4.782608695652174
NPL,2013-01-01 00:00:00.000,4.782608695652174
NPL,2014-01-01 00:00:00.000,4.782608695652174
NPL,2015-01-01 00:00:00.000,5.217391304347825
NPL,2016-01-01 00:00:00.000,6.956521739130435
NPL,2017-01-01 00:00:00.000,6.956521739130435
NPL,2018-01-01 00:00:00.000,7.2
NPL,2019-01-01 00:00:00.000,7.2
NPL,2020-01-01 00:00:00.000,6.451612903225806
NPL,2021-01-01 00:00:00.000,5.806451612903226
NZL,2012-01-01 00:00:00.000,7.826086956521738
NZL,2013-01-01 00:00:00.000,8.695652173913043
NZL,2014-01-01 00:00:00.000,8.695652173913043
NZL,2015-01-01 00:00:00.000,7.826086956521738
NZL,2016-01-01 00:00:00.000,8.26086956521739
NZL,2017-01-01 00:00:00.000,9.130434782608695
NZL,2018-01-01 00:00:00.000,9.6
NZL,2019-01-01 00:00:00.000,9.6
NZL,2020-01-01 00:00:00.000,8.709677419354838
NZL,2021-01-01 00:00:00.000,8.387096774193548
OMN,2012-01-01 00:00:00.000,3.913043478260869
OMN,2013-01-01 00:00:00.000,3.913043478260869
OMN,2014-01-01 00:00:00.000,3.913043478260869
OMN,2015-01-01 00:00:00.000,3.913043478260869
OMN,2016-01-01 00:00:00.000,3.913043478260869
OMN,2017-01-01 00:00:00.000,3.913043478260869
OMN,2018-01-01 00:00:00.000,3.5999999999999996
OMN,2019-01-01 00:00:00.000,3.5999999999999996
OMN,2020-01-01 00:00:00.000,2.903225806451613
OMN,2021-01-01 00:00:00.000,2.580645161290323
PAK,2012-01-01 00:00:00.000,3.913043478260869
PAK,2013-01-01 00:00:00.000,3.913043478260869
PAK,2014-01-01 00:00:00.000,3.913043478260869
PAK,2015-01-01 00:00:00.000,3.478260869565217
PAK,2016-01-01 00:00:00.000,3.478260869565217
PAK,2017-01-01 00:00:00.000,3.478260869565217
PAK,2018-01-01 00:00:00.000,3.5999999999999996
PAK,2019-01-01 00:00:00.000,4.0
PAK,2020-01-01 00:00:00.000,3.5483870967741935
PAK,2021-01-01 00:00:00.000,4.193548387096774
PAN,2012-01-01 00:00:00.000,4.3478260869565215
PAN,2013-01-01 00:00:00.000,4.3478260869565215
PAN,2014-01-01 00:00:00.000,4.782608695652174
PAN,2015-01-01 00:00:00.000,4.3478260869565215
PAN,2016-01-01 00:00:00.000,4.3478260869565215
PAN,2017-01-01 00:00:00.000,5.217391304347825
PAN,2018-01-01 00:00:00.000,6.4
PAN,2019-01-01 00:00:00.000,6.4
PAN,2020-01-01 00:00:00.000,5.161290322580645
PAN,2021-01-01 00:00:00.000,4.838709677419355
PER,2012-01-01 00:00:00.000,4.3478260869565215
PER,2013-01-01 00:00:00.000,4.3478260869565215
PER,2014-01-01 00:00:00.000,4.3478260869565215
PER,2015-01-01 00:00:00.000,3.478260869565217
PER,2016-01-01 00:00:00.000,3.913043478260869
PER,2017-01-01 00:00:00.000,4.782608695652174
PER,2018-01-01 00:00:00.000,5.2
PER,2019-01-01 00:00:00.000,5.2
PER,2020-01-01 00:00:00.000,4.193548387096774
PER,2021-01-01 00:00:00.000,3.870967741935484
PHL,2012-01-01 00:00:00.000,6.08695652173913
PHL,2013-01-01 00:00:00.000,6.08695652173913
PHL,2014-01-01 00:00:00.000,6.08695652173913
PHL,2015-01-01 00:00:00.000,6.08695652173913
PHL,2016-01-01 00:00:00.000,6.08695652173913
PHL,2017-01-01 00:00:00.000,6.08695652173913
PHL,2018-01-01 00:00:00.000,5.2
PHL,2019-01-01 00:00:00.000,5.2
PHL,2020-01-01 00:00:00.000,4.516129032258064
PHL,2021-01-01 00:00:00.000,3.548387096774194
PNG,2012-01-01 00:00:00.000,3.043478260869565
PNG,2013-01-01 00:00:00.000,3.043478260869565
PNG,2014-01-01 00:00:00.000,3.043478260869565
PNG,2015-01-01 00:00:00.000,3.043478260869565
PNG,2016-01-01 00:00:00.000,3.043478260869565
PNG,2017-01-01 00:00:00.000,3.043478260869565
PNG,2018-01-01 00:00:00.000,2.8
PNG,2019-01-01 00:00:00.000,2.8
PNG,2020-01-01 00:00:00.000,2.258064516129032
PNG,2021-01-01 00:00:00.000,2.580645161290323
POL,2012-01-01 00:00:00.000,4.782608695652174
POL,2013-01-01 00:00:00.000,4.782608695652174
POL,2014-01-01 00:00:00.000,4.782608695652174
POL,2015-01-01 00:00:00.000,6.08695652173913
POL,2016-01-01 00:00:00.000,5.652173913043478
POL,2017-01-01 00:00:00.000,5.652173913043478
POL,2018-01-01 00:00:00.000,5.6
POL,2019-01-01 00:00:00.000,5.6
POL,2020-01-01 00:00:00.000,4.193548387096774
POL,2021-01-01 00:00:00.000,3.2258064516129035
PRK,2020-01-01 00:00:00.000,3.225806451612903
PRK,2021-01-01 00:00:00.000,2.903225806451613
PRT,2012-01-01 00:00:00.000,7.826086956521738
PRT,2013-01-01 00:00:00.000,7.826086956521738
PRT,2014-01-01 00:00:00.000,7.826086956521738
PRT,2015-01-01 00:00:00.000,7.826086956521738
PRT,2016-01-01 00:00:00.000,9.130434782608695
PRT,2017-01-01 00:00:00.000,9.130434782608695
PRT,2018-01-01 00:00:00.000,8.4
PRT,2019-01-01 00:00:00.000,10.0
PRT,2020-01-01 00:00:00.000,8.709677419354838
PRT,2021-01-01 00:00:00.000,9.35483870967742
PRY,2012-01-01 00:00:00.000,5.217391304347825
PRY,2013-01-01 00:00:00.000,5.217391304347825
PRY,2014-01-01 00:00:00.000,5.217391304347825
PRY,2015-01-01 00:00:00.000,3.913043478260869
PRY,2016-01-01 00:00:00.000,3.913043478260869
PRY,2017-01-01 00:00:00.000,3.913043478260869
PRY,2018-01-01 00:00:00.000,3.5999999999999996
PRY,2019-01-01 00:00:00.000,3.5999999999999996
PRY,2020-01-01 00:00:00.000,2.903225806451613
PRY,2021-01-01 00:00:00.000,2.580645161290323
QAT,2012-01-01 00:00:00.000,2.6086956521739126
QAT,2013-01-01 00:00:00.000,2.6086956521739126
QAT,2014-01-01 00:00:00.000,2.6086956521739126
QAT,2015-01-01 00:00:00.000,2.6086956521739126
QAT,2016-01-01 00:00:00.000,2.6086956521739126
QAT,2017-01-01 00:00:00.000,2.6086956521739126
QAT,2018-01-01 00:00:00.000,2.0
QAT,2019-01-01 00:00:00.000,2.0
QAT,2020-01-01 00:00:00.000,1.612903225806452
QAT,2021-01-01 00:00:00.000,1.612903225806452
ROU,2012-01-01 00:00:00.000,4.782608695652174
ROU,2013-01-01 00:00:00.000,4.782608695652174
ROU,2014-01-01 00:00:00.000,4.782608695652174
ROU,2015-01-01 00:00:00.000,6.521739130434782
ROU,2016-01-01 00:00:00.000,6.08695652173913
ROU,2017-01-01 00:00:00.000,6.08695652173913
ROU,2018-01-01 00:00:00.000,6.0
ROU,2019-01-01 00:00:00.000,5.6
ROU,2020-01-01 00:00:00.000,4.838709677419355
ROU,2021-01-01 00:00:00.000,4.838709677419355
RUS,2012-01-01 00:00:00.000,1.304347826086956
RUS,2013-01-01 00:00:00.000,1.304347826086956
RUS,2014-01-01 00:00:00.000,1.304347826086956
RUS,2015-01-01 00:00:00.000,2.1739130434782603
RUS,2016-01-01 00:00:00.000,2.1739130434782603
RUS,2017-01-01 00:00:00.000,2.1739130434782603
RUS,2018-01-01 00:00:00.000,2.8
RUS,2019-01-01 00:00:00.000,2.8
RUS,2020-01-01 00:00:00.000,2.258064516129032
RUS,2021-01-01 00:00:00.000,1.935483870967742
RWA,2012-01-01 00:00:00.000,4.782608695652174
RWA,2013-01-01 00:00:00.000,4.782608695652174
RWA,2014-01-01 00:00:00.000,4.782608695652174
RWA,2015-01-01 00:00:00.000,4.782608695652174
RWA,2016-01-01 00:00:00.000,4.782608695652174
RWA,2017-01-01 00:00:00.000,4.782608695652174
RWA,2018-01-01 00:00:00.000,4.4
RWA,2019-01-01 00:00:00.000,4.4
RWA,2020-01-01 00:00:00.000,3.5483870967741935
RWA,2021-01-01 00:00:00.000,2.903225806451613
SAU,2012-01-01 00:00:00.000,0.8695652173913038
SAU,2013-01-01 00:00:00.000,0.8695652173913038
SAU,2014-01-01 00:00:00.000,0.8695652173913038
SAU,2015-01-01 00:00:00.000,0.8695652173913038
SAU,2016-01-01 00:00:00.000,0.8695652173913038
SAU,2017-01-01 00:00:00.000,0.8695652173913038
SAU,2018-01-01 00:00:00.000,0.39999999999999947
SAU,2019-01-01 00:00:00.000,0.39999999999999947
SAU,2020-01-01 00:00:00.000,0.32258064516129004
SAU,2021-01-01 00:00:00.000,0.0
SDN,2012-01-01 00:00:00.000,2.6086956521739126
SDN,2013-01-01 00:00:00.000,2.6086956521739126
SDN,2014-01-01 00:00:00.000,2.6086956521739126
SDN,2015-01-01 00:00:00.000,2.6086956521739126
SDN,2016-01-01 00:00:00.000,2.6086956521739126
SDN,2017-01-01 00:00:00.000,2.6086956521739126
SDN,2018-01-01 00:00:00.000,2.4
SDN,2019-01-01 00:00:00.000,2.4
SDN,2020-01-01 00:00:00.000,1.935483870967742
SDN,2021-01-01 00:00:00.000,2.2580645161290325
SEN,2012-01-01 00:00:00.000,4.782608695652174
SEN,2013-01-01 00:00:00.000,4.782608695652174
SEN,2014-01-01 00:00:00.000,4.782608695652174
SEN,2015-01-01 00:00:00.000,3.043478260869565
SEN,2016-01-01 00:00:00.000,3.043478260869565
SEN,2017-01-01 00:00:00.000,3.043478260869565
SEN,2018-01-01 00:00:00.000,2.8
SEN,2019-01-01 00:00:00.000,2.8
SEN,2020-01-01 00:00:00.000,2.258064516129032
SEN,2021-01-01 00:00:00.000,2.2580645161290325
SGP,2012-01-01 00:00:00.000,4.3478260869565215
SGP,2013-01-01 00:00:00.000,4.3478260869565215
SGP,2014-01-01 00:00:00.000,4.3478260869565215
SGP,2015-01-01 00:00:00.000,4.782608695652174
SGP,2016-01-01 00:00:00.000,5.217391304347825
SGP,2017-01-01 00:00:00.000,4.782608695652174
SGP,2018-01-01 00:00:00.000,5.6
SGP,2019-01-01 00:00:00.000,5.6
SGP,2020-01-01 00:00:00.000,4.516129032258064
SGP,2021-01-01 00:00:00.000,4.193548387096774
SLB,2012-01-01 00:00:00.000,3.043478260869565
SLB,2013-01-01 00:00:00.000,3.043478260869565
SLB,2014-01-01 00:00:00.000,3.043478260869565
SLB,2015-01-01 00:00:00.000,3.043478260869565
SLB,2016-01-01 00:00:00.000,3.043478260869565
SLB,2017-01-01 00:00:00.000,3.043478260869565
SLB,2018-01-01 00:00:00.000,2.8
SLB,2019-01-01 00:00:00.000,2.8
SLB,2020-01-01 00:00:00.000,2.258064516129032
SLB,2021-01-01 00:00:00.000,2.2580645161290325
SLE,2012-01-01 00:00:00.000,3.913043478260869
SLE,2013-01-01 00:00:00.000,3.913043478260869
SLE,2014-01-01 00:00:00.000,3.913043478260869
SLE,2015-01-01 00:00:00.000,3.913043478260869
SLE,2016-01-01 00:00:00.000,3.913043478260869
SLE,2017-01-01 00:00:00.000,3.913043478260869
SLE,2018-01-01 00:00:00.000,3.5999999999999996
SLE,2019-01-01 00:00:00.000,3.5999999999999996
SLE,2020-01-01 00:00:00.000,2.903225806451613
SLE,2021-01-01 00:00:00.000,2.903225806451613
SLV,2012-01-01 00:00:00.000,5.217391304347825
SLV,2013-01-01 00:00:00.000,5.217391304347825
SLV,2014-01-01 00:00:00.000,5.217391304347825
SLV,2015-01-01 00:00:00.000,4.782608695652174
SLV,2016-01-01 00:00:00.000,4.782608695652174
SLV,2017-01-01 00:00:00.000,5.217391304347825
SLV,2018-01-01 00:00:00.000,6.4
SLV,2019-01-01 00:00:00.000,6.4
SLV,2020-01-01 00:00:00.000,5.161290322580645
SLV,2021-01-01 00:00:00.000,4.516129032258065
SMR,2012-01-01 00:00:00.000,5.652173913043478
SMR,2013-01-01 00:00:00.000,5.652173913043478
SMR,2014-01-01 00:00:00.000,5.652173913043478
SMR,2015-01-01 00:00:00.000,5.652173913043478
SMR,2016-01-01 00:00:00.000,5.652173913043478
SMR,2017-01-01 00:00:00.000,5.652173913043478
SMR,2018-01-01 00:00:00.000,5.6
SMR,2019-01-01 00:00:00.000,5.6
SMR,2020-01-01 00:00:00.000,5.161290322580645
SMR,2021-01-01 00:00:00.000,6.129032258064516
SOM,2012-01-01 00:00:00.000,0.0
SOM,2013-01-01 00:00:00.000,0.0
SOM,2014-01-01 00:00:00.000,0.0
SOM,2015-01-01 00:00:00.000,0.0
SOM,2016-01-01 00:00:00.000,0.0
SOM,2017-01-01 00:00:00.000,0.0
SOM,2018-01-01 00:00:00.000,0.0
SOM,2019-01-01 00:00:00.000,0.0
SOM,2020-01-01 00:00:00.000,0.0
SOM,2021-01-01 00:00:00.000,0.0
SRB,2012-01-01 00:00:00.000,4.782608695652174
SRB,2013-01-01 00:00:00.000,4.782608695652174
SRB,2014-01-01 00:00:00.000,4.782608695652174
SRB,2015-01-01 00:00:00.000,5.652173913043478
SRB,2016-01-01 00:00:00.000,5.217391304347825
SRB,2017-01-01 00:00:00.000,5.217391304347825
SRB,2018-01-01 00:00:00.000,6.0
SRB,2019-01-01 00:00:00.000,6.0
SRB,2020-01-01 00:00:00.000,5.161290322580645
SRB,2021-01-01 00:00:00.000,4.838709677419355
SUR,2012-01-01 00:00:00.000,4.3478260869565215
SUR,2013-01-01 00:00:00.000,4.3478260869565215
SUR,2014-01-01 00:00:00.000,4.3478260869565215
SUR,2015-01-01 00:00:00.000,4.3478260869565215
SUR,2016-01-01 00:00:00.000,4.3478260869565215
SUR,2017-01-01 00:00:00.000,4.3478260869565215
SUR,2018-01-01 00:00:00.000,4.0
SUR,2019-01-01 00:00:00.000,4.4
SUR,2020-01-01 00:00:00.000,3.5483870967741935
SUR,2021-01-01 00:00:00.000,4.193548387096774
SVK,2012-01-01 00:00:00.000,6.08695652173913
SVK,2013-01-01 00:00:00.000,6.08695652173913
SVK,2014-01-01 00:00:00.000,6.08695652173913
SVK,2015-01-01 00:00:00.000,6.521739130434782
SVK,2016-01-01 00:00:00.000,6.521739130434782
SVK,2017-01-01 00:00:00.000,6.521739130434782
SVK,2018-01-01 00:00:00.000,6.8
SVK,2019-01-01 00:00:00.000,7.6
SVK,2020-01-01 00:00:00.000,6.451612903225806
SVK,2021-01-01 00:00:00.000,5.806451612903226
SVN,2012-01-01 00:00:00.000,7.391304347826086
SVN,2013-01-01 00:00:00.000,7.391304347826086
SVN,2014-01-01 00:00:00.000,7.391304347826086
SVN,2015-01-01 00:00:00.000,7.826086956521738
SVN,2016-01-01 00:00:00.000,8.26086956521739
SVN,2017-01-01 00:00:00.000,8.695652173913043
SVN,2018-01-01 00:00:00.000,8.4
SVN,2019-01-01 00:00:00.000,8.4
SVN,2020-01-01 00:00:00.000,7.096774193548387
SVN,2021-01-01 00:00:00.000,6.774193548387097
SWE,2012-01-01 00:00:00.000,10.0
SWE,2013-01-01 00:00:00.000,10.0
SWE,2014-01-01 00:00:00.000,10.0
SWE,2015-01-01 00:00:00.000,10.0
SWE,2016-01-01 00:00:00.000,10.0
SWE,2017-01-01 00:00:00.000,10.0
SWE,2018-01-01 00:00:00.000,10.0
SWE,2019-01-01 00:00:00.000,10.0
SWE,2020-01-01 00:00:00.000,10.0
SWE,2021-01-01 00:00:00.000,9.032258064516128
SWZ,2012-01-01 00:00:00.000,3.478260869565217
SWZ,2013-01-01 00:00:00.000,3.478260869565217
SWZ,2014-01-01 00:00:00.000,3.478260869565217
SWZ,2015-01-01 00:00:00.000,3.478260869565217
SWZ,2016-01-01 00:00:00.000,3.478260869565217
SWZ,2017-01-01 00:00:00.000,2.6086956521739126
SWZ,2018-01-01 00:00:00.000,2.8
SWZ,2019-01-01 00:00:00.000,2.8
SWZ,2020-01-01 00:00:00.000,2.258064516129032
SWZ,2021-01-01 00:00:00.000,2.2580645161290325
SYC,2012-01-01 00:00:00.000,3.913043478260869
SYC,2013-01-01 00:00:00.000,3.913043478260869
SYC,2014-01-01 00:00:00.000,3.913043478260869
SYC,2015-01-01 00:00:00.000,3.913043478260869
SYC,2016-01-01 00:00:00.000,5.652173913043478
SYC,2017-01-01 00:00:00.000,5.652173913043478
SYC,2018-01-01 00:00:00.000,6.8
SYC,2019-01-01 00:00:00.000,6.8
SYC,2020-01-01 00:00:00.000,5.483870967741935
SYC,2021-01-01 00:00:00.000,4.193548387096774
SYR,2012-01-01 00:00:00.000,3.913043478260869
SYR,2013-01-01 00:00:00.000,3.913043478260869
SYR,2014-01-01 00:00:00.000,3.913043478260869
SYR,2015-01-01 00:00:00.000,3.913043478260869
SYR,2016-01-01 00:00:00.000,3.913043478260869
SYR,2017-01-01 00:00:00.000,3.913043478260869
SYR,2018-01-01 00:00:00.000,4.4
SYR,2019-01-01 00:00:00.000,4.4
SYR,2020-01-01 00:00:00.000,3.5483870967741935
SYR,2021-01-01 00:00:00.000,2.2580645161290325
TCD,2012-01-01 00:00:00.000,4.3478260869565215
TCD,2013-01-01 00:00:00.000,4.3478260869565215
TCD,2014-01-01 00:00:00.000,4.3478260869565215
TCD,2015-01-01 00:00:00.000,4.3478260869565215
TCD,2016-01-01 00:00:00.000,3.043478260869565
TCD,2017-01-01 00:00:00.000,3.043478260869565
TCD,2018-01-01 00:00:00.000,2.8
TCD,2019-01-01 00:00:00.000,2.8
TCD,2020-01-01 00:00:00.000,2.258064516129032
TCD,2021-01-01 00:00:00.000,2.2580645161290325
TGO,2012-01-01 00:00:00.000,3.478260869565217
TGO,2013-01-01 00:00:00.000,3.478260869565217
TGO,2014-01-01 00:00:00.000,3.478260869565217
TGO,2015-01-01 00:00:00.000,3.478260869565217
TGO,2016-01-01 00:00:00.000,3.478260869565217
TGO,2017-01-01 00:00:00.000,3.478260869565217
TGO,2018-01-01 00:00:00.000,3.1999999999999997
TGO,2019-01-01 00:00:00.000,3.1999999999999997
TGO,2020-01-01 00:00:00.000,2.5806451612903225
TGO,2021-01-01 00:00:00.000,2.580645161290323
THA,2012-01-01 00:00:00.000,6.521739130434782
THA,2013-01-01 00:00:00.000,6.521739130434782
THA,2014-01-01 00:00:00.000,6.956521739130435
THA,2015-01-01 00:00:00.000,6.521739130434782
THA,2016-01-01 00:00:00.000,7.391304347826086
THA,2017-01-01 00:00:00.000,7.391304347826086
THA,2018-01-01 00:00:00.000,6.0
THA,2019-01-01 00:00:00.000,6.8
THA,2020-01-01 00:00:00.000,6.451612903225806
THA,2021-01-01 00:00:00.000,6.129032258064516
TJK,2012-01-01 00:00:00.000,4.3478260869565215
TJK,2013-01-01 00:00:00.000,4.3478260869565215
TJK,2014-01-01 00:00:00.000,4.3478260869565215
TJK,2015-01-01 00:00:00.000,4.3478260869565215
TJK,2016-01-01 00:00:00.000,4.3478260869565215
TJK,2017-01-01 00:00:00.000,4.3478260869565215
TJK,2018-01-01 00:00:00.000,4.4
TJK,2019-01-01 00:00:00.000,4.4
TJK,2020-01-01 00:00:00.000,3.5483870967741935
TJK,2021-01-01 00:00:00.000,3.2258064516129035
TKM,2012-01-01 00:00:00.000,3.043478260869565
TKM,2013-01-01 00:00:00.000,3.043478260869565
TKM,2014-01-01 00:00:00.000,3.043478260869565
TKM,2015-01-01 00:00:00.000,3.043478260869565
TKM,2016-01-01 00:00:00.000,3.043478260869565
TKM,2017-01-01 00:00:00.000,3.043478260869565
TKM,2018-01-01 00:00:00.000,2.4
TKM,2019-01-01 00:00:00.000,2.4
TKM,2020-01-01 00:00:00.000,1.935483870967742
TKM,2021-01-01 00:00:00.000,2.2580645161290325
TON,2012-01-01 00:00:00.000,3.478260869565217
TON,2013-01-01 00:00:00.000,3.478260869565217
TON,2014-01-01 00:00:00.000,3.478260869565217
TON,2015-01-01 00:00:00.000,3.478260869565217
TON,2016-01-01 00:00:00.000,3.478260869565217
TON,2017-01-01 00:00:00.000,3.478260869565217
TON,2018-01-01 00:00:00.000,3.1999999999999997
TON,2019-01-01 00:00:00.000,3.1999999999999997
TON,2020-01-01 00:00:00.000,2.5806451612903225
TON,2021-01-01 00:00:00.000,2.903225806451613
TTO,2012-01-01 00:00:00.000,4.3478260869565215
TTO,2013-01-01 00:00:00.000,4.3478260869565215
TTO,2014-01-01 00:00:00.000,4.3478260869565215
TTO,2015-01-01 00:00:00.000,4.3478260869565215
TTO,2016-01-01 00:00:00.000,4.3478260869565215
TTO,2017-01-01 00:00:00.000,4.3478260869565215
TTO,2018-01-01 00:00:00.000,3.5999999999999996
TTO,2019-01-01 00:00:00.000,4.0
TTO,2020-01-01 00:00:00.000,3.225806451612903
TTO,2021-01-01 00:00:00.000,3.2258064516129035
TUN,2012-01-01 00:00:00.000,4.3478260869565215
TUN,2013-01-01 00:00:00.000,4.3478260869565215
TUN,2014-01-01 00:00:00.000,4.3478260869565215
TUN,2015-01-01 00:00:00.000,4.782608695652174
TUN,2016-01-01 00:00:00.000,4.782608695652174
TUN,2017-01-01 00:00:00.000,4.782608695652174
TUN,2018-01-01 00:00:00.000,4.0
TUN,2019-01-01 00:00:00.000,4.0
TUN,2020-01-01 00:00:00.000,3.225806451612903
TUN,2021-01-01 00:00:00.000,2.903225806451613
TUR,2012-01-01 00:00:00.000,4.3478260869565215
TUR,2013-01-01 00:00:00.000,4.782608695652174
TUR,2014-01-01 00:00:00.000,4.782608695652174
TUR,2015-01-01 00:00:00.000,3.913043478260869
TUR,2016-01-01 00:00:00.000,3.478260869565217
TUR,2017-01-01 00:00:00.000,3.478260869565217
TUR,2018-01-01 00:00:00.000,4.4
TUR,2019-01-01 00:00:00.000,4.4
TUR,2020-01-01 00:00:00.000,3.870967741935484
TUR,2021-01-01 00:00:00.000,3.548387096774194
TZA,2012-01-01 00:00:00.000,1.7391304347826084
TZA,2013-01-01 00:00:00.000,1.7391304347826084
TZA,2014-01-01 00:00:00.000,1.7391304347826084
TZA,2015-01-01 00:00:00.000,3.043478260869565
TZA,2016-01-01 00:00:00.000,3.043478260869565
TZA,2017-01-01 00:00:00.000,3.043478260869565
TZA,2018-01-01 00:00:00.000,2.4
TZA,2019-01-01 00:00:00.000,2.4
TZA,2020-01-01 00:00:00.000,1.935483870967742
TZA,2021-01-01 00:00:00.000,1.935483870967742
UGA,2012-01-01 00:00:00.000,3.043478260869565
UGA,2013-01-01 00:00:00.000,3.043478260869565
UGA,2014-01-01 00:00:00.000,3.043478260869565
UGA,2015-01-01 00:00:00.000,3.043478260869565
UGA,2016-01-01 00:00:00.000,3.043478260869565
UGA,2017-01-01 00:00:00.000,2.6086956521739126
UGA,2018-01-01 00:00:00.000,2.4
UGA,2019-01-01 00:00:00.000,2.4
UGA,2020-01-01 00:00:00.000,1.935483870967742
UGA,2021-01-01 00:00:00.000,1.935483870967742
UKR,2012-01-01 00:00:00.000,5.217391304347825
UKR,2013-01-01 00:00:00.000,5.217391304347825
UKR,2014-01-01 00:00:00.000,5.217391304347825
UKR,2015-01-01 00:00:00.000,5.217391304347825
UKR,2016-01-01 00:00:00.000,5.217391304347825
UKR,2017-01-01 00:00:00.000,5.217391304347825
UKR,2018-01-01 00:00:00.000,5.2
UKR,2019-01-01 00:00:00.000,5.2
UKR,2020-01-01 00:00:00.000,4.193548387096774
UKR,2021-01-01 00:00:00.000,3.870967741935484
URY,2012-01-01 00:00:00.000,8.695652173913043
URY,2013-01-01 00:00:00.000,9.130434782608695
URY,2014-01-01 00:00:00.000,9.130434782608695
URY,2015-01-01 00:00:00.000,8.695652173913043
URY,2016-01-01 00:00:00.000,9.130434782608695
URY,2017-01-01 00:00:00.000,9.130434782608695
URY,2018-01-01 00:00:00.000,9.2
URY,2019-01-01 00:00:00.000,9.2
URY,2020-01-01 00:00:00.000,9.032258064516128
URY,2021-01-01 00:00:00.000,9.032258064516128
USA,2012-01-01 00:00:00.000,6.521739130434782
USA,2013-01-01 00:00:00.000,6.521739130434782
USA,2014-01-01 00:00:00.000,6.956521739130435
USA,2015-01-01 00:00:00.000,6.521739130434782
USA,2016-01-01 00:00:00.000,7.826086956521738
USA,2017-01-01 00:00:00.000,7.826086956521738
USA,2018-01-01 00:00:00.000,7.6
USA,2019-01-01 00:00:00.000,6.8
USA,2020-01-01 00:00:00.000,7.419354838709677
USA,2021-01-01 00:00:00.000,7.096774193548387
UZB,2012-01-01 00:00:00.000,3.478260869565217
UZB,2013-01-01 00:00:00.000,3.478260869565217
UZB,2014-01-01 00:00:00.000,3.478260869565217
UZB,2015-01-01 00:00:00.000,3.478260869565217
UZB,2016-01-01 00:00:00.000,3.478260869565217
UZB,2017-01-01 00:00:00.000,3.478260869565217
UZB,2018-01-01 00:00:00.000,2.8
UZB,2019-01-01 00:00:00.000,2.8
UZB,2020-01-01 00:00:00.000,2.258064516129032
UZB,2021-01-01 00:00:00.000,2.580645161290323
VEN,2012-01-01 00:00:00.000,5.217391304347825
VEN,2013-01-01 00:00:00.000,5.217391304347825
VEN,2014-01-01 00:00:00.000,5.217391304347825
VEN,2015-01-01 00:00:00.000,6.08695652173913
VEN,2016-01-01 00:00:00.000,6.08695652173913
VEN,2017-01-01 00:00:00.000,6.08695652173913
VEN,2018-01-01 00:00:00.000,5.2
VEN,2019-01-01 00:00:00.000,4.8
VEN,2020-01-01 00:00:00.000,3.870967741935484
VEN,2021-01-01 00:00:00.000,3.548387096774194
VNM,2012-01-01 00:00:00.000,6.08695652173913
VNM,2013-01-01 00:00:00.000,6.08695652173913
VNM,2014-01-01 00:00:00.000,6.08695652173913
VNM,2015-01-01 00:00:00.000,6.08695652173913
VNM,2016-01-01 00:00:00.000,6.08695652173913
VNM,2017-01-01 00:00:00.000,6.08695652173913
VNM,2018-01-01 00:00:00.000,6.0
VNM,2019-01-01 00:00:00.000,6.0
VNM,2020-01-01 00:00:00.000,4.838709677419355
VNM,2021-01-01 00:00:00.000,4.838709677419355
VUT,2012-01-01 00:00:00.000,5.217391304347825
VUT,2013-01-01 00:00:00.000,5.217391304347825
VUT,2014-01-01 00:00:00.000,5.217391304347825
VUT,2015-01-01 00:00:00.000,5.217391304347825
VUT,2016-01-01 00:00:00.000,5.217391304347825
VUT,2017-01-01 00:00:00.000,5.217391304347825
VUT,2018-01-01 00:00:00.000,4.8
VUT,2019-01-01 00:00:00.000,4.8
VUT,2020-01-01 00:00:00.000,3.870967741935484
VUT,2021-01-01 00:00:00.000,3.870967741935484
WSM,2012-01-01 00:00:00.000,3.913043478260869
WSM,2013-01-01 00:00:00.000,3.913043478260869
WSM,2014-01-01 00:00:00.000,3.913043478260869
WSM,2015-01-01 00:00:00.000,3.913043478260869
WSM,2016-01-01 00:00:00.000,3.913043478260869
WSM,2017-01-01 00:00:00.000,3.913043478260869
WSM,2018-01-01 00:00:00.000,4.4
WSM,2019-01-01 00:00:00.000,4.4
WSM,2020-01-01 00:00:00.000,3.5483870967741935
WSM,2021-01-01 00:00:00.000,5.161290322580645
YEM,2012-01-01 00:00:00.000,1.7391304347826084
YEM,2013-01-01 00:00:00.000,1.7391304347826084
YEM,2014-01-01 00:00:00.000,1.7391304347826084
YEM,2015-01-01 00:00:00.000,1.7391304347826084
YEM,2016-01-01 00:00:00.000,1.7391304347826084
YEM,2017-01-01 00:00:00.000,1.7391304347826084
YEM,2018-01-01 00:00:00.000,1.5999999999999996
YEM,2019-01-01 00:00:00.000,1.1999999999999993
YEM,2020-01-01 00:00:00.000,0.967741935483871
YEM,2021-01-01 00:00:00.000,0.967741935483871
ZAF,2012-01-01 00:00:00.000,7.391304347826086
ZAF,2013-01-01 00:00:00.000,7.391304347826086
ZAF,2014-01-01 00:00:00.000,7.391304347826086
ZAF,2015-01-01 00:00:00.000,7.826086956521738
ZAF,2016-01-01 00:00:00.000,7.826086956521738
ZAF,2017-01-01 00:00:00.000,7.826086956521738
ZAF,2018-01-01 00:00:00.000,8.4
ZAF,2019-01-01 00:00:00.000,8.4
ZAF,2020-01-01 00:00:00.000,7.741935483870968
ZAF,2021-01-01 00:00:00.000,7.419354838709678
ZMB,2012-01-01 00:00:00.000,4.3478260869565215
ZMB,2013-01-01 00:00:00.000,4.3478260869565215
ZMB,2014-01-01 00:00:00.000,4.3478260869565215
ZMB,2015-01-01 00:00:00.000,3.478260869565217
ZMB,2016-01-01 00:00:00.000,3.478260869565217
ZMB,2017-01-01 00:00:00.000,3.478260869565217
ZMB,2018-01-01 00:00:00.000,3.1999999999999997
ZMB,2019-01-01 00:00:00.000,2.8
ZMB,2020-01-01 00:00:00.000,2.258064516129032
ZMB,2021-01-01 00:00:00.000,2.580645161290323
ZWE,2012-01-01 00:00:00.000,3.478260869565217
ZWE,2013-01-01 00:00:00.000,3.478260869565217
ZWE,2014-01-01 00:00:00.000,3.478260869565217
ZWE,2015-01-01 00:00:00.000,2.6086956521739126
ZWE,2016-01-01 00:00:00.000,2.6086956521739126
ZWE,2017-01-01 00:00:00.000,2.6086956521739126
ZWE,2018-01-01 00:00:00.000,2.4
ZWE,2019-01-01 00:00:00.000,2.4
ZWE,2020-01-01 00:00:00.000,1.935483870967742
ZWE,2021-01-01 00:00:00.000,1.935483870967742
