"iso3","year","soc_score"
AFG,2012-01-01 00:00:00.000,4.038997214484678
AFG,2013-01-01 00:00:00.000,4.186351706036746
AFG,2014-01-01 00:00:00.000,4.809461235216819
AFG,2015-01-01 00:00:00.000,4.152431011826544
AFG,2016-01-01 00:00:00.000,4.96124031007752
AFG,2017-01-01 00:00:00.000,4.882506527415144
AFG,2018-01-01 00:00:00.000,4.881889763779527
AFG,2019-01-01 00:00:00.000,5.212464589235129
AFG,2020-01-01 00:00:00.000,5.204513399153739
AFG,2021-01-01 00:00:00.000,4.901960784313726
AGO,2012-01-01 00:00:00.000,2.311977715877437
AGO,2013-01-01 00:00:00.000,2.545931758530184
AGO,2014-01-01 00:00:00.000,2.2207621550591328
AGO,2015-01-01 00:00:00.000,2.7069645203679373
AGO,2016-01-01 00:00:00.000,2.5710594315245485
AGO,2017-01-01 00:00:00.000,2.6501305483028728
AGO,2018-01-01 00:00:00.000,2.664041994750656
AGO,2019-01-01 00:00:00.000,2.5779036827195476
AGO,2020-01-01 00:00:00.000,2.6939351198871657
AGO,2021-01-01 00:00:00.000,2.915032679738562
ALB,2012-01-01 00:00:00.000,7.103064066852367
ALB,2013-01-01 00:00:00.000,6.811023622047244
ALB,2014-01-01 00:00:00.000,6.57030223390276
ALB,2015-01-01 00:00:00.000,6.557161629434955
ALB,2016-01-01 00:00:00.000,6.976744186046513
ALB,2017-01-01 00:00:00.000,7.062663185378591
ALB,2018-01-01 00:00:00.000,7.283464566929134
ALB,2019-01-01 00:00:00.000,7.917847025495753
ALB,2020-01-01 00:00:00.000,7.968970380818054
ALB,2021-01-01 00:00:00.000,7.542483660130719
AND,2012-01-01 00:00:00.000,2.841225626740947
AND,2013-01-01 00:00:00.000,2.9790026246719163
AND,2014-01-01 00:00:00.000,3.7187910643889617
AND,2015-01-01 00:00:00.000,3.4428383705650463
AND,2016-01-01 00:00:00.000,3.565891472868217
AND,2017-01-01 00:00:00.000,3.498694516971279
AND,2018-01-01 00:00:00.000,3.910761154855643
AND,2019-01-01 00:00:00.000,2.9603399433427775
AND,2020-01-01 00:00:00.000,2.778561354019746
AND,2021-01-01 00:00:00.000,3.6470588235294117
ARE,2012-01-01 00:00:00.000,7.994428969359332
ARE,2013-01-01 00:00:00.000,7.887139107611549
ARE,2014-01-01 00:00:00.000,7.950065703022339
ARE,2015-01-01 00:00:00.000,7.923784494086727
ARE,2016-01-01 00:00:00.000,8.010335917312663
ARE,2017-01-01 00:00:00.000,7.950391644908617
ARE,2018-01-01 00:00:00.000,8.044619422572179
ARE,2019-01-01 00:00:00.000,7.84702549575071
ARE,2020-01-01 00:00:00.000,7.81382228490832
ARE,2021-01-01 00:00:00.000,7.9869281045751634
ARG,2012-01-01 00:00:00.000,7.66016713091922
ARG,2013-01-01 00:00:00.000,7.637795275590552
ARG,2014-01-01 00:00:00.000,7.59526938239159
ARG,2015-01-01 00:00:00.000,7.542706964520368
ARG,2016-01-01 00:00:00.000,7.4806201550387605
ARG,2017-01-01 00:00:00.000,7.480417754569192
ARG,2018-01-01 00:00:00.000,7.388451443569553
ARG,2019-01-01 00:00:00.000,7.7195467422096335
ARG,2020-01-01 00:00:00.000,7.757404795486601
ARG,2021-01-01 00:00:00.000,7.4117647058823515
ARM,2012-01-01 00:00:00.000,6.392757660167129
ARM,2013-01-01 00:00:00.000,6.312335958005249
ARM,2014-01-01 00:00:00.000,6.031537450722734
ARM,2015-01-01 00:00:00.000,6.031537450722734
ARM,2016-01-01 00:00:00.000,6.085271317829459
ARM,2017-01-01 00:00:00.000,6.12271540469974
ARM,2018-01-01 00:00:00.000,5.958005249343832
ARM,2019-01-01 00:00:00.000,7.053824362606234
ARM,2020-01-01 00:00:00.000,7.150916784203104
ARM,2021-01-01 00:00:00.000,6.104575163398692
ATG,2012-01-01 00:00:00.000,5.02785515320334
ATG,2013-01-01 00:00:00.000,5.026246719160105
ATG,2014-01-01 00:00:00.000,5.098554533508542
ATG,2015-01-01 00:00:00.000,5.059132720105126
ATG,2016-01-01 00:00:00.000,5.180878552971577
ATG,2017-01-01 00:00:00.000,5.234986945169712
ATG,2018-01-01 00:00:00.000,5.314960629921259
ATG,2019-01-01 00:00:00.000,4.844192634560908
ATG,2020-01-01 00:00:00.000,4.823695345557122
ATG,2021-01-01 00:00:00.000,5.516339869281046
AUS,2012-01-01 00:00:00.000,8.440111420612812
AUS,2013-01-01 00:00:00.000,8.385826771653543
AUS,2014-01-01 00:00:00.000,8.370565045992116
AUS,2015-01-01 00:00:00.000,8.357424441524309
AUS,2016-01-01 00:00:00.000,8.39793281653747
AUS,2017-01-01 00:00:00.000,8.420365535248044
AUS,2018-01-01 00:00:00.000,8.503937007874015
AUS,2019-01-01 00:00:00.000,8.583569405099151
AUS,2020-01-01 00:00:00.000,8.589562764456982
AUS,2021-01-01 00:00:00.000,8.601307189542483
AUT,2012-01-01 00:00:00.000,8.189415041782729
AUT,2013-01-01 00:00:00.000,8.031496062992126
AUT,2014-01-01 00:00:00.000,8.028909329829172
AUT,2015-01-01 00:00:00.000,7.97634691195795
AUT,2016-01-01 00:00:00.000,8.049095607235143
AUT,2017-01-01 00:00:00.000,8.120104438642299
AUT,2018-01-01 00:00:00.000,8.241469816272964
AUT,2019-01-01 00:00:00.000,8.286118980169974
AUT,2020-01-01 00:00:00.000,8.19464033850494
AUT,2021-01-01 00:00:00.000,8.117647058823529
AZE,2012-01-01 00:00:00.000,6.49025069637883
AZE,2013-01-01 00:00:00.000,6.456692913385828
AZE,2014-01-01 00:00:00.000,6.596583442838371
AZE,2015-01-01 00:00:00.000,6.609724047306177
AZE,2016-01-01 00:00:00.000,6.744186046511629
AZE,2017-01-01 00:00:00.000,6.671018276762403
AZE,2018-01-01 00:00:00.000,6.824146981627297
AZE,2019-01-01 00:00:00.000,6.8413597733711065
AZE,2020-01-01 00:00:00.000,7.023977433004233
AZE,2021-01-01 00:00:00.000,7.111111111111111
BDI,2012-01-01 00:00:00.000,3.036211699164345
BDI,2013-01-01 00:00:00.000,3.4645669291338583
BDI,2014-01-01 00:00:00.000,4.099868593955321
BDI,2015-01-01 00:00:00.000,4.5203679369250995
BDI,2016-01-01 00:00:00.000,4.005167958656332
BDI,2017-01-01 00:00:00.000,3.9033942558746744
BDI,2018-01-01 00:00:00.000,3.805774278215223
BDI,2019-01-01 00:00:00.000,3.1728045325779046
BDI,2020-01-01 00:00:00.000,3.187588152327222
BDI,2021-01-01 00:00:00.000,3.816993464052287
BEL,2012-01-01 00:00:00.000,7.994428969359332
BEL,2013-01-01 00:00:00.000,7.8083989501312345
BEL,2014-01-01 00:00:00.000,7.871222076215506
BEL,2015-01-01 00:00:00.000,7.805519053876479
BEL,2016-01-01 00:00:00.000,7.9586563307493545
BEL,2017-01-01 00:00:00.000,8.067885117493475
BEL,2018-01-01 00:00:00.000,8.228346456692915
BEL,2019-01-01 00:00:00.000,8.385269121813034
BEL,2020-01-01 00:00:00.000,8.265162200282088
BEL,2021-01-01 00:00:00.000,8.183006535947712
BEN,2012-01-01 00:00:00.000,4.178272980501392
BEN,2013-01-01 00:00:00.000,4.21259842519685
BEN,2014-01-01 00:00:00.000,4.152431011826543
BEN,2015-01-01 00:00:00.000,3.587385019710908
BEN,2016-01-01 00:00:00.000,3.9664082687338515
BEN,2017-01-01 00:00:00.000,3.9556135770234992
BEN,2018-01-01 00:00:00.000,3.845144356955381
BEN,2019-01-01 00:00:00.000,3.21529745042493
BEN,2020-01-01 00:00:00.000,3.2299012693935127
BEN,2021-01-01 00:00:00.000,3.869281045751633
BFA,2012-01-01 00:00:00.000,2.3955431754874645
BFA,2013-01-01 00:00:00.000,2.729658792650919
BFA,2014-01-01 00:00:00.000,3.1274638633377143
BFA,2015-01-01 00:00:00.000,2.930354796320631
BFA,2016-01-01 00:00:00.000,3.152454780361758
BFA,2017-01-01 00:00:00.000,3.276762402088773
BFA,2018-01-01 00:00:00.000,3.215223097112861
BFA,2019-01-01 00:00:00.000,2.8895184135977336
BFA,2020-01-01 00:00:00.000,2.9478138222849086
BFA,2021-01-01 00:00:00.000,3.385620915032679
BGD,2012-01-01 00:00:00.000,6.086350974930362
BGD,2013-01-01 00:00:00.000,5.866141732283465
BGD,2014-01-01 00:00:00.000,6.005256241787123
BGD,2015-01-01 00:00:00.000,6.268068331143233
BGD,2016-01-01 00:00:00.000,6.162790697674421
BGD,2017-01-01 00:00:00.000,6.932114882506529
BGD,2018-01-01 00:00:00.000,6.719160104986877
BGD,2019-01-01 00:00:00.000,6.416430594900852
BGD,2020-01-01 00:00:00.000,6.770098730606487
BGD,2021-01-01 00:00:00.000,6.875816993464051
BGR,2012-01-01 00:00:00.000,6.894150417827298
BGR,2013-01-01 00:00:00.000,6.8241469816272975
BGR,2014-01-01 00:00:00.000,6.964520367936926
BGR,2015-01-01 00:00:00.000,7.161629434954008
BGR,2016-01-01 00:00:00.000,7.403100775193801
BGR,2017-01-01 00:00:00.000,7.584856396866842
BGR,2018-01-01 00:00:00.000,7.729658792650919
BGR,2019-01-01 00:00:00.000,7.76203966005666
BGR,2020-01-01 00:00:00.000,7.602256699576869
BGR,2021-01-01 00:00:00.000,7.633986928104575
BHR,2012-01-01 00:00:00.000,7.896935933147631
BHR,2013-01-01 00:00:00.000,7.664041994750656
BHR,2014-01-01 00:00:00.000,7.83180026281209
BHR,2015-01-01 00:00:00.000,7.660972404730618
BHR,2016-01-01 00:00:00.000,7.726098191214472
BHR,2017-01-01 00:00:00.000,7.754569190600524
BHR,2018-01-01 00:00:00.000,7.847769028871391
BHR,2019-01-01 00:00:00.000,7.549575070821531
BHR,2020-01-01 00:00:00.000,7.503526093088859
BHR,2021-01-01 00:00:00.000,7.803921568627452
BHS,2012-01-01 00:00:00.000,6.573816155988856
BHS,2013-01-01 00:00:00.000,6.299212598425198
BHS,2014-01-01 00:00:00.000,6.517739816031538
BHS,2015-01-01 00:00:00.000,6.636005256241788
BHS,2016-01-01 00:00:00.000,6.61498708010336
BHS,2017-01-01 00:00:00.000,6.801566579634466
BHS,2018-01-01 00:00:00.000,6.9160104986876645
BHS,2019-01-01 00:00:00.000,7.039660056657226
BHS,2020-01-01 00:00:00.000,7.291960507757405
BHS,2021-01-01 00:00:00.000,6.718954248366012
BIH,2012-01-01 00:00:00.000,4.958217270194986
BIH,2013-01-01 00:00:00.000,4.711286089238846
BIH,2014-01-01 00:00:00.000,4.717477003942182
BIH,2015-01-01 00:00:00.000,4.599211563731932
BIH,2016-01-01 00:00:00.000,4.793281653746771
BIH,2017-01-01 00:00:00.000,5.35248041775457
BIH,2018-01-01 00:00:00.000,5.669291338582677
BIH,2019-01-01 00:00:00.000,6.784702549575073
BIH,2020-01-01 00:00:00.000,6.88293370944993
BIH,2021-01-01 00:00:00.000,6.300653594771241
BLR,2012-01-01 00:00:00.000,7.534818941504177
BLR,2013-01-01 00:00:00.000,7.440944881889765
BLR,2014-01-01 00:00:00.000,7.503285151116952
BLR,2015-01-01 00:00:00.000,7.424441524310119
BLR,2016-01-01 00:00:00.000,7.545219638242894
BLR,2017-01-01 00:00:00.000,7.610966057441255
BLR,2018-01-01 00:00:00.000,7.834645669291338
BLR,2019-01-01 00:00:00.000,7.804532577903686
BLR,2020-01-01 00:00:00.000,7.757404795486601
BLR,2021-01-01 00:00:00.000,8.130718954248366
BLZ,2012-01-01 00:00:00.000,7.632311977715876
BLZ,2013-01-01 00:00:00.000,7.782152230971128
BLZ,2014-01-01 00:00:00.000,7.792378449408673
BLZ,2015-01-01 00:00:00.000,7.792378449408673
BLZ,2016-01-01 00:00:00.000,7.842377260981914
BLZ,2017-01-01 00:00:00.000,8.002610966057443
BLZ,2018-01-01 00:00:00.000,7.965879265091863
BLZ,2019-01-01 00:00:00.000,8.087818696883854
BLZ,2020-01-01 00:00:00.000,8.19464033850494
BLZ,2021-01-01 00:00:00.000,8.052287581699346
BOL,2012-01-01 00:00:00.000,5.891364902506963
BOL,2013-01-01 00:00:00.000,5.656167979002625
BOL,2014-01-01 00:00:00.000,5.80814717477004
BOL,2015-01-01 00:00:00.000,5.729303547963207
BOL,2016-01-01 00:00:00.000,5.723514211886306
BOL,2017-01-01 00:00:00.000,5.783289817232376
BOL,2018-01-01 00:00:00.000,5.958005249343832
BOL,2019-01-01 00:00:00.000,5.835694050991503
BOL,2020-01-01 00:00:00.000,5.853314527503527
BOL,2021-01-01 00:00:00.000,5.80392156862745
BRA,2012-01-01 00:00:00.000,7.5766016713091915
BRA,2013-01-01 00:00:00.000,7.585301837270341
BRA,2014-01-01 00:00:00.000,7.6215505913272015
BRA,2015-01-01 00:00:00.000,7.503285151116952
BRA,2016-01-01 00:00:00.000,7.183462532299744
BRA,2017-01-01 00:00:00.000,7.154046997389036
BRA,2018-01-01 00:00:00.000,7.191601049868766
BRA,2019-01-01 00:00:00.000,7.76203966005666
BRA,2020-01-01 00:00:00.000,7.827926657263753
BRA,2021-01-01 00:00:00.000,7.215686274509803
BRB,2012-01-01 00:00:00.000,7.66016713091922
BRB,2013-01-01 00:00:00.000,7.467191601049869
BRB,2014-01-01 00:00:00.000,7.6478318002628125
BRB,2015-01-01 00:00:00.000,7.923784494086727
BRB,2016-01-01 00:00:00.000,7.635658914728683
BRB,2017-01-01 00:00:00.000,7.571801566579635
BRB,2018-01-01 00:00:00.000,7.939632545931759
BRB,2019-01-01 00:00:00.000,7.74787535410765
BRB,2020-01-01 00:00:00.000,8.208744710860369
BRB,2021-01-01 00:00:00.000,7.895424836601306
BRN,2012-01-01 00:00:00.000,7.35376044568245
BRN,2013-01-01 00:00:00.000,7.230971128608925
BRN,2014-01-01 00:00:00.000,7.253613666228647
BRN,2015-01-01 00:00:00.000,7.174770039421814
BRN,2016-01-01 00:00:00.000,7.222222222222223
BRN,2017-01-01 00:00:00.000,7.140992167101828
BRN,2018-01-01 00:00:00.000,7.257217847769028
BRN,2019-01-01 00:00:00.000,7.56373937677054
BRN,2020-01-01 00:00:00.000,7.55994358251058
BRN,2021-01-01 00:00:00.000,7.450980392156863
BTN,2012-01-01 00:00:00.000,7.172701949860723
BTN,2013-01-01 00:00:00.000,6.902887139107612
BTN,2014-01-01 00:00:00.000,7.201051248357425
BTN,2015-01-01 00:00:00.000,8.134034165571615
BTN,2016-01-01 00:00:00.000,8.204134366925066
BTN,2017-01-01 00:00:00.000,8.04177545691906
BTN,2018-01-01 00:00:00.000,7.965879265091863
BTN,2019-01-01 00:00:00.000,7.592067988668557
BTN,2020-01-01 00:00:00.000,7.193229901269393
BTN,2021-01-01 00:00:00.000,7.38562091503268
BWA,2012-01-01 00:00:00.000,3.9136490250696365
BWA,2013-01-01 00:00:00.000,4.1732283464566935
BWA,2014-01-01 00:00:00.000,4.152431011826543
BWA,2015-01-01 00:00:00.000,4.16557161629435
BWA,2016-01-01 00:00:00.000,4.121447028423774
BWA,2017-01-01 00:00:00.000,4.699738903394257
BWA,2018-01-01 00:00:00.000,4.081364829396326
BWA,2019-01-01 00:00:00.000,5.254957507082155
BWA,2020-01-01 00:00:00.000,5.48660084626234
BWA,2021-01-01 00:00:00.000,4.326797385620916
CAF,2012-01-01 00:00:00.000,0.33426183844011126
CAF,2013-01-01 00:00:00.000,0.5774278215223099
CAF,2014-01-01 00:00:00.000,0.6176084099868597
CAF,2015-01-01 00:00:00.000,0.6701708278580818
CAF,2016-01-01 00:00:00.000,0.6847545219638249
CAF,2017-01-01 00:00:00.000,0.8485639686684072
CAF,2018-01-01 00:00:00.000,0.8923884514435696
CAF,2019-01-01 00:00:00.000,0.4674220963172808
CAF,2020-01-01 00:00:00.000,0.535966149506347
CAF,2021-01-01 00:00:00.000,0.9673202614379082
CAN,2012-01-01 00:00:00.000,7.284122562674094
CAN,2013-01-01 00:00:00.000,6.994750656167978
CAN,2014-01-01 00:00:00.000,7.082785808147175
CAN,2015-01-01 00:00:00.000,7.017082785808148
CAN,2016-01-01 00:00:00.000,7.002583979328167
CAN,2017-01-01 00:00:00.000,7.140992167101828
CAN,2018-01-01 00:00:00.000,7.322834645669292
CAN,2019-01-01 00:00:00.000,7.422096317280454
CAN,2020-01-01 00:00:00.000,7.3342736248236955
CAN,2021-01-01 00:00:00.000,7.267973856209149
CHE,2012-01-01 00:00:00.000,8.732590529247911
CHE,2013-01-01 00:00:00.000,8.622047244094489
CHE,2014-01-01 00:00:00.000,8.685939553219448
CHE,2015-01-01 00:00:00.000,8.62023653088042
CHE,2016-01-01 00:00:00.000,8.708010335917313
CHE,2017-01-01 00:00:00.000,8.733681462140995
CHE,2018-01-01 00:00:00.000,8.805774278215225
CHE,2019-01-01 00:00:00.000,8.852691218130314
CHE,2020-01-01 00:00:00.000,8.758815232722146
CHE,2021-01-01 00:00:00.000,8.732026143790849
CHL,2012-01-01 00:00:00.000,8.495821727019498
CHL,2013-01-01 00:00:00.000,8.569553805774278
CHL,2014-01-01 00:00:00.000,8.567674113009199
CHL,2015-01-01 00:00:00.000,8.515111695137977
CHL,2016-01-01 00:00:00.000,8.68217054263566
CHL,2017-01-01 00:00:00.000,8.681462140992167
CHL,2018-01-01 00:00:00.000,8.661417322834644
CHL,2019-01-01 00:00:00.000,8.88101983002833
CHL,2020-01-01 00:00:00.000,8.871650211565584
CHL,2021-01-01 00:00:00.000,8.588235294117647
CHN,2012-01-01 00:00:00.000,7.869080779944287
CHN,2013-01-01 00:00:00.000,7.742782152230971
CHN,2014-01-01 00:00:00.000,7.739816031537451
CHN,2015-01-01 00:00:00.000,7.6741130091984235
CHN,2016-01-01 00:00:00.000,7.751937984496125
CHN,2017-01-01 00:00:00.000,7.793733681462141
CHN,2018-01-01 00:00:00.000,7.834645669291338
CHN,2019-01-01 00:00:00.000,7.7903682719546765
CHN,2020-01-01 00:00:00.000,7.785613540197461
CHN,2021-01-01 00:00:00.000,7.8692810457516345
CIV,2012-01-01 00:00:00.000,3.5654596100278546
CIV,2013-01-01 00:00:00.000,4.383202099737534
CIV,2014-01-01 00:00:00.000,4.467805519053876
CIV,2015-01-01 00:00:00.000,4.507227332457294
CIV,2016-01-01 00:00:00.000,4.75452196382429
CIV,2017-01-01 00:00:00.000,4.516971279373369
CIV,2018-01-01 00:00:00.000,4.330708661417322
CIV,2019-01-01 00:00:00.000,3.8385269121813046
CIV,2020-01-01 00:00:00.000,3.681241184767279
CIV,2021-01-01 00:00:00.000,4.143790849673202
CMR,2012-01-01 00:00:00.000,3.5376044568245124
CMR,2013-01-01 00:00:00.000,3.6876640419947506
CMR,2014-01-01 00:00:00.000,3.6662286465177396
CMR,2015-01-01 00:00:00.000,3.7844940867279897
CMR,2016-01-01 00:00:00.000,3.8501291989664095
CMR,2017-01-01 00:00:00.000,4.1775456919060066
CMR,2018-01-01 00:00:00.000,4.291338582677166
CMR,2019-01-01 00:00:00.000,3.682719546742211
CMR,2020-01-01 00:00:00.000,3.751763046544429
CMR,2021-01-01 00:00:00.000,4.235294117647058
COD,2012-01-01 00:00:00.000,2.465181058495822
COD,2013-01-01 00:00:00.000,2.742782152230972
COD,2014-01-01 00:00:00.000,2.181340341655716
COD,2015-01-01 00:00:00.000,2.3784494086727994
COD,2016-01-01 00:00:00.000,2.7260981912144713
COD,2017-01-01 00:00:00.000,2.6762402088772856
COD,2018-01-01 00:00:00.000,2.6771653543307083
COD,2019-01-01 00:00:00.000,2.209631728045326
COD,2020-01-01 00:00:00.000,2.2143864598025393
COD,2021-01-01 00:00:00.000,2.65359477124183
COG,2012-01-01 00:00:00.000,2.2423398328690807
COG,2013-01-01 00:00:00.000,2.270341207349081
COG,2014-01-01 00:00:00.000,2.299605781865966
COG,2015-01-01 00:00:00.000,2.4047306176084104
COG,2016-01-01 00:00:00.000,2.790697674418605
COG,2017-01-01 00:00:00.000,3.2245430809399482
COG,2018-01-01 00:00:00.000,3.2020997375328086
COG,2019-01-01 00:00:00.000,4.135977337110483
COG,2020-01-01 00:00:00.000,4.51339915373766
COG,2021-01-01 00:00:00.000,3.5032679738562096
COL,2012-01-01 00:00:00.000,7.35376044568245
COL,2013-01-01 00:00:00.000,7.545931758530184
COL,2014-01-01 00:00:00.000,7.463863337713535
COL,2015-01-01 00:00:00.000,7.411300919842313
COL,2016-01-01 00:00:00.000,7.493540051679588
COL,2017-01-01 00:00:00.000,7.5456919060052225
COL,2018-01-01 00:00:00.000,7.335958005249343
COL,2019-01-01 00:00:00.000,7.7903682719546765
COL,2020-01-01 00:00:00.000,7.81382228490832
COL,2021-01-01 00:00:00.000,7.215686274509803
COM,2012-01-01 00:00:00.000,4.805013927576601
COM,2013-01-01 00:00:00.000,4.7506561679790025
COM,2014-01-01 00:00:00.000,5.019710906701707
COM,2015-01-01 00:00:00.000,4.572930354796322
COM,2016-01-01 00:00:00.000,4.664082687338503
COM,2017-01-01 00:00:00.000,4.712793733681464
COM,2018-01-01 00:00:00.000,4.803149606299213
COM,2019-01-01 00:00:00.000,4.900849858356942
COM,2020-01-01 00:00:00.000,5.007052186177716
COM,2021-01-01 00:00:00.000,4.954248366013072
CPV,2012-01-01 00:00:00.000,6.337047353760445
CPV,2013-01-01 00:00:00.000,6.377952755905513
CPV,2014-01-01 00:00:00.000,6.530880420499344
CPV,2015-01-01 00:00:00.000,6.557161629434955
CPV,2016-01-01 00:00:00.000,6.731266149870802
CPV,2017-01-01 00:00:00.000,6.631853785900784
CPV,2018-01-01 00:00:00.000,6.797900262467192
CPV,2019-01-01 00:00:00.000,7.152974504249293
CPV,2020-01-01 00:00:00.000,7.461212976022568
CPV,2021-01-01 00:00:00.000,6.6535947712418295
CRI,2012-01-01 00:00:00.000,8.467966573816154
CRI,2013-01-01 00:00:00.000,8.608923884514436
CRI,2014-01-01 00:00:00.000,8.59395532194481
CRI,2015-01-01 00:00:00.000,8.593955321944811
CRI,2016-01-01 00:00:00.000,8.669250645994834
CRI,2017-01-01 00:00:00.000,9.33420365535248
CRI,2018-01-01 00:00:00.000,8.792650918635172
CRI,2019-01-01 00:00:00.000,9.022662889518415
CRI,2020-01-01 00:00:00.000,8.815232722143865
CRI,2021-01-01 00:00:00.000,7.882352941176469
CUB,2012-01-01 00:00:00.000,7.311977715877436
CUB,2013-01-01 00:00:00.000,7.034120734908138
CUB,2014-01-01 00:00:00.000,7.174770039421814
CUB,2015-01-01 00:00:00.000,7.135348226018397
CUB,2016-01-01 00:00:00.000,7.19638242894057
CUB,2017-01-01 00:00:00.000,7.297650130548304
CUB,2018-01-01 00:00:00.000,7.440944881889764
CUB,2019-01-01 00:00:00.000,7.1954674220963195
CUB,2020-01-01 00:00:00.000,7.136812411847672
CUB,2021-01-01 00:00:00.000,7.398692810457515
CYP,2012-01-01 00:00:00.000,7.855153203342617
CYP,2013-01-01 00:00:00.000,7.440944881889765
CYP,2014-01-01 00:00:00.000,7.463863337713535
CYP,2015-01-01 00:00:00.000,7.542706964520368
CYP,2016-01-01 00:00:00.000,7.790697674418606
CYP,2017-01-01 00:00:00.000,7.950391644908617
CYP,2018-01-01 00:00:00.000,8.241469816272964
CYP,2019-01-01 00:00:00.000,8.583569405099151
CYP,2020-01-01 00:00:00.000,8.603667136812412
CYP,2021-01-01 00:00:00.000,8.535947712418299
CZE,2012-01-01 00:00:00.000,7.701949860724234
CZE,2013-01-01 00:00:00.000,7.559055118110237
CZE,2014-01-01 00:00:00.000,7.700394218134035
CZE,2015-01-01 00:00:00.000,8.134034165571615
CZE,2016-01-01 00:00:00.000,8.333333333333336
CZE,2017-01-01 00:00:00.000,8.054830287206268
CZE,2018-01-01 00:00:00.000,8.26771653543307
CZE,2019-01-01 00:00:00.000,8.087818696883854
CZE,2020-01-01 00:00:00.000,7.940761636107195
CZE,2021-01-01 00:00:00.000,8.143790849673202
DEU,2012-01-01 00:00:00.000,8.147632311977716
DEU,2013-01-01 00:00:00.000,8.005249343832022
DEU,2014-01-01 00:00:00.000,8.120893561103811
DEU,2015-01-01 00:00:00.000,8.055190538764784
DEU,2016-01-01 00:00:00.000,8.178294573643413
DEU,2017-01-01 00:00:00.000,8.237597911227155
DEU,2018-01-01 00:00:00.000,8.346456692913385
DEU,2019-01-01 00:00:00.000,8.300283286118983
DEU,2020-01-01 00:00:00.000,8.222849083215799
DEU,2021-01-01 00:00:00.000,8.352941176470589
DJI,2012-01-01 00:00:00.000,1.8941504178272979
DJI,2013-01-01 00:00:00.000,2.0209973753280845
DJI,2014-01-01 00:00:00.000,2.049934296977661
DJI,2015-01-01 00:00:00.000,2.089356110381078
DJI,2016-01-01 00:00:00.000,2.5064599483204137
DJI,2017-01-01 00:00:00.000,2.7284595300261105
DJI,2018-01-01 00:00:00.000,2.821522309711286
DJI,2019-01-01 00:00:00.000,4.291784702549576
DJI,2020-01-01 00:00:00.000,4.541607898448519
DJI,2021-01-01 00:00:00.000,3.1895424836601305
DMA,2012-01-01 00:00:00.000,2.646239554317548
DMA,2013-01-01 00:00:00.000,2.8871391076115485
DMA,2014-01-01 00:00:00.000,2.9566360052562426
DMA,2015-01-01 00:00:00.000,2.9172141918528265
DMA,2016-01-01 00:00:00.000,3.2170542635658927
DMA,2017-01-01 00:00:00.000,2.885117493472585
DMA,2018-01-01 00:00:00.000,2.7952755905511815
DMA,2019-01-01 00:00:00.000,1.9688385269121822
DMA,2020-01-01 00:00:00.000,2.101551480959098
DMA,2021-01-01 00:00:00.000,2.7320261437908493
DNK,2012-01-01 00:00:00.000,7.994428969359332
DNK,2013-01-01 00:00:00.000,8.202099737532809
DNK,2014-01-01 00:00:00.000,8.160315374507228
DNK,2015-01-01 00:00:00.000,8.21287779237845
DNK,2016-01-01 00:00:00.000,8.333333333333336
DNK,2017-01-01 00:00:00.000,8.43342036553525
DNK,2018-01-01 00:00:00.000,8.517060367454068
DNK,2019-01-01 00:00:00.000,8.61189801699717
DNK,2020-01-01 00:00:00.000,8.603667136812412
DNK,2021-01-01 00:00:00.000,8.627450980392156
DOM,2012-01-01 00:00:00.000,7.200557103064066
DOM,2013-01-01 00:00:00.000,8.044619422572179
DOM,2014-01-01 00:00:00.000,6.872536136662287
DOM,2015-01-01 00:00:00.000,7.634691195795007
DOM,2016-01-01 00:00:00.000,7.622739018087858
DOM,2017-01-01 00:00:00.000,7.80678851174935
DOM,2018-01-01 00:00:00.000,7.716535433070866
DOM,2019-01-01 00:00:00.000,7.7195467422096335
DOM,2020-01-01 00:00:00.000,7.517630465444289
DOM,2021-01-01 00:00:00.000,7.22875816993464
DZA,2012-01-01 00:00:00.000,7.172701949860723
DZA,2013-01-01 00:00:00.000,7.283464566929135
DZA,2014-01-01 00:00:00.000,7.2404730617608415
DZA,2015-01-01 00:00:00.000,7.122207621550592
DZA,2016-01-01 00:00:00.000,7.248062015503878
DZA,2017-01-01 00:00:00.000,7.375979112271542
DZA,2018-01-01 00:00:00.000,7.073490813648294
DZA,2019-01-01 00:00:00.000,7.521246458923516
DZA,2020-01-01 00:00:00.000,7.757404795486601
DZA,2021-01-01 00:00:00.000,7.254901960784313
ECU,2012-01-01 00:00:00.000,7.646239554317548
ECU,2013-01-01 00:00:00.000,7.598425196850394
ECU,2014-01-01 00:00:00.000,7.687253613666229
ECU,2015-01-01 00:00:00.000,7.700394218134035
ECU,2016-01-01 00:00:00.000,7.635658914728683
ECU,2017-01-01 00:00:00.000,7.728459530026111
ECU,2018-01-01 00:00:00.000,7.795275590551181
ECU,2019-01-01 00:00:00.000,7.6628895184136
ECU,2020-01-01 00:00:00.000,7.6163610719323005
ECU,2021-01-01 00:00:00.000,7.5816993464052285
EGY,2012-01-01 00:00:00.000,5.543175487465179
EGY,2013-01-01 00:00:00.000,5.2493438320209975
EGY,2014-01-01 00:00:00.000,5.295663600525623
EGY,2015-01-01 00:00:00.000,5.216819973718792
EGY,2016-01-01 00:00:00.000,5.29715762273902
EGY,2017-01-01 00:00:00.000,5.430809399477807
EGY,2018-01-01 00:00:00.000,5.73490813648294
EGY,2019-01-01 00:00:00.000,6.090651558073656
EGY,2020-01-01 00:00:00.000,6.107193229901269
EGY,2021-01-01 00:00:00.000,5.9869281045751634
ERI,2012-01-01 00:00:00.000,3.481894150417827
ERI,2013-01-01 00:00:00.000,3.4120734908136487
ERI,2014-01-01 00:00:00.000,3.495400788436268
ERI,2015-01-01 00:00:00.000,3.482260183968463
ERI,2016-01-01 00:00:00.000,3.540051679586564
ERI,2017-01-01 00:00:00.000,3.6292428198433426
ERI,2018-01-01 00:00:00.000,3.7532808398950133
ERI,2019-01-01 00:00:00.000,3.6260623229461766
ERI,2020-01-01 00:00:00.000,3.6671368124118473
ERI,2021-01-01 00:00:00.000,3.816993464052287
ESP,2012-01-01 00:00:00.000,6.392757660167129
ESP,2013-01-01 00:00:00.000,6.167979002624673
ESP,2014-01-01 00:00:00.000,6.320630749014455
ESP,2015-01-01 00:00:00.000,6.465177398160316
ESP,2016-01-01 00:00:00.000,6.770025839793282
ESP,2017-01-01 00:00:00.000,7.062663185378591
ESP,2018-01-01 00:00:00.000,7.309711286089239
ESP,2019-01-01 00:00:00.000,8.229461756373938
ESP,2020-01-01 00:00:00.000,8.152327221438647
ESP,2021-01-01 00:00:00.000,7.516339869281046
EST,2012-01-01 00:00:00.000,7.465181058495821
EST,2013-01-01 00:00:00.000,7.6115485564304475
EST,2014-01-01 00:00:00.000,7.792378449408673
EST,2015-01-01 00:00:00.000,7.871222076215506
EST,2016-01-01 00:00:00.000,7.868217054263567
EST,2017-01-01 00:00:00.000,7.989556135770236
EST,2018-01-01 00:00:00.000,8.1496062992126
EST,2019-01-01 00:00:00.000,8.24362606232295
EST,2020-01-01 00:00:00.000,8.180535966149506
EST,2021-01-01 00:00:00.000,8.117647058823529
ETH,2012-01-01 00:00:00.000,5.208913649025069
ETH,2013-01-01 00:00:00.000,5.459317585301838
ETH,2014-01-01 00:00:00.000,5.269382391590014
ETH,2015-01-01 00:00:00.000,5.479632063074902
ETH,2016-01-01 00:00:00.000,5.568475452196384
ETH,2017-01-01 00:00:00.000,5.91383812010444
ETH,2018-01-01 00:00:00.000,5.669291338582677
ETH,2019-01-01 00:00:00.000,5.311614730878189
ETH,2020-01-01 00:00:00.000,5.41607898448519
ETH,2021-01-01 00:00:00.000,5.738562091503267
FIN,2012-01-01 00:00:00.000,8.1058495821727
FIN,2013-01-01 00:00:00.000,7.952755905511811
FIN,2014-01-01 00:00:00.000,7.923784494086728
FIN,2015-01-01 00:00:00.000,7.83180026281209
FIN,2016-01-01 00:00:00.000,7.906976744186048
FIN,2017-01-01 00:00:00.000,7.924281984334206
FIN,2018-01-01 00:00:00.000,8.11023622047244
FIN,2019-01-01 00:00:00.000,8.371104815864026
FIN,2020-01-01 00:00:00.000,8.37799717912553
FIN,2021-01-01 00:00:00.000,8.209150326797383
FJI,2012-01-01 00:00:00.000,7.158774373259051
FJI,2013-01-01 00:00:00.000,6.797900262467191
FJI,2014-01-01 00:00:00.000,7.122207621550592
FJI,2015-01-01 00:00:00.000,7.082785808147175
FJI,2016-01-01 00:00:00.000,6.925064599483205
FJI,2017-01-01 00:00:00.000,7.023498694516972
FJI,2018-01-01 00:00:00.000,6.929133858267716
FJI,2019-01-01 00:00:00.000,6.89801699716714
FJI,2020-01-01 00:00:00.000,6.82651622002821
FJI,2021-01-01 00:00:00.000,6.797385620915032
FRA,2012-01-01 00:00:00.000,7.785515320334261
FRA,2013-01-01 00:00:00.000,7.585301837270341
FRA,2014-01-01 00:00:00.000,7.608409986859396
FRA,2015-01-01 00:00:00.000,7.516425755584757
FRA,2016-01-01 00:00:00.000,7.596899224806203
FRA,2017-01-01 00:00:00.000,7.689295039164492
FRA,2018-01-01 00:00:00.000,7.808398950131234
FRA,2019-01-01 00:00:00.000,8.186968838526914
FRA,2020-01-01 00:00:00.000,8.152327221438647
FRA,2021-01-01 00:00:00.000,7.973856209150327
FSM,2012-01-01 00:00:00.000,4.164345403899722
FSM,2013-01-01 00:00:00.000,4.593175853018373
FSM,2014-01-01 00:00:00.000,4.625492772667542
FSM,2015-01-01 00:00:00.000,4.651773981603154
FSM,2016-01-01 00:00:00.000,4.7416020671834636
FSM,2017-01-01 00:00:00.000,4.530026109660575
FSM,2018-01-01 00:00:00.000,4.383202099737533
FSM,2019-01-01 00:00:00.000,3.7677053824362616
FSM,2020-01-01 00:00:00.000,3.7799717912552886
FSM,2021-01-01 00:00:00.000,4.470588235294118
GAB,2012-01-01 00:00:00.000,4.178272980501392
GAB,2013-01-01 00:00:00.000,3.8057742782152237
GAB,2014-01-01 00:00:00.000,4.060446780551906
GAB,2015-01-01 00:00:00.000,3.66622864651774
GAB,2016-01-01 00:00:00.000,4.056847545219639
GAB,2017-01-01 00:00:00.000,4.556135770234988
GAB,2018-01-01 00:00:00.000,4.540682414698162
GAB,2019-01-01 00:00:00.000,5.609065155807368
GAB,2020-01-01 00:00:00.000,5.881523272214387
GAB,2021-01-01 00:00:00.000,4.862745098039216
GBR,2012-01-01 00:00:00.000,8.050139275766016
GBR,2013-01-01 00:00:00.000,7.9921259842519685
GBR,2014-01-01 00:00:00.000,8.226018396846255
GBR,2015-01-01 00:00:00.000,8.23915900131406
GBR,2016-01-01 00:00:00.000,8.346253229974161
GBR,2017-01-01 00:00:00.000,8.43342036553525
GBR,2018-01-01 00:00:00.000,8.477690288713912
GBR,2019-01-01 00:00:00.000,8.441926345609067
GBR,2020-01-01 00:00:00.000,8.37799717912553
GBR,2021-01-01 00:00:00.000,8.431372549019608
GEO,2012-01-01 00:00:00.000,5.696378830083564
GEO,2013-01-01 00:00:00.000,5.695538057742782
GEO,2014-01-01 00:00:00.000,6.031537450722734
GEO,2015-01-01 00:00:00.000,6.202365308804206
GEO,2016-01-01 00:00:00.000,6.36950904392765
GEO,2017-01-01 00:00:00.000,6.671018276762403
GEO,2018-01-01 00:00:00.000,6.83727034120735
GEO,2019-01-01 00:00:00.000,7.37960339943343
GEO,2020-01-01 00:00:00.000,7.306064880112834
GEO,2021-01-01 00:00:00.000,7.071895424836601
GHA,2012-01-01 00:00:00.000,6.295264623955431
GHA,2013-01-01 00:00:00.000,5.669291338582678
GHA,2014-01-01 00:00:00.000,5.80814717477004
GHA,2015-01-01 00:00:00.000,5.939553219448095
GHA,2016-01-01 00:00:00.000,6.098191214470285
GHA,2017-01-01 00:00:00.000,6.0313315926892965
GHA,2018-01-01 00:00:00.000,5.918635170603674
GHA,2019-01-01 00:00:00.000,5.779036827195469
GHA,2020-01-01 00:00:00.000,5.867418899858957
GHA,2021-01-01 00:00:00.000,6.091503267973856
GIN,2012-01-01 00:00:00.000,2.089136490250696
GIN,2013-01-01 00:00:00.000,2.834645669291339
GIN,2014-01-01 00:00:00.000,2.6412614980289093
GIN,2015-01-01 00:00:00.000,2.641261498028909
GIN,2016-01-01 00:00:00.000,3.0490956072351434
GIN,2017-01-01 00:00:00.000,2.8328981723237603
GIN,2018-01-01 00:00:00.000,3.2020997375328086
GIN,2019-01-01 00:00:00.000,2.5070821529745047
GIN,2020-01-01 00:00:00.000,2.5811001410437235
GIN,2021-01-01 00:00:00.000,2.888888888888889
GMB,2012-01-01 00:00:00.000,3.7325905292479105
GMB,2013-01-01 00:00:00.000,3.5826771653543306
GMB,2014-01-01 00:00:00.000,3.7450722733245727
GMB,2015-01-01 00:00:00.000,3.7056504599211566
GMB,2016-01-01 00:00:00.000,3.746770025839795
GMB,2017-01-01 00:00:00.000,3.785900783289818
GMB,2018-01-01 00:00:00.000,3.9632545931758534
GMB,2019-01-01 00:00:00.000,4.107648725212465
GMB,2020-01-01 00:00:00.000,4.174894217207335
GMB,2021-01-01 00:00:00.000,4.052287581699346
GNB,2012-01-01 00:00:00.000,2.0612813370473537
GNB,2013-01-01 00:00:00.000,2.545931758530184
GNB,2014-01-01 00:00:00.000,2.273324572930355
GNB,2015-01-01 00:00:00.000,2.3521681997371884
GNB,2016-01-01 00:00:00.000,2.2093023255813957
GNB,2017-01-01 00:00:00.000,2.7284595300261105
GNB,2018-01-01 00:00:00.000,2.7690288713910762
GNB,2019-01-01 00:00:00.000,2.521246458923513
GNB,2020-01-01 00:00:00.000,2.6234132581100145
GNB,2021-01-01 00:00:00.000,2.941176470588235
GNQ,2012-01-01 00:00:00.000,2.325905292479108
GNQ,2013-01-01 00:00:00.000,2.270341207349081
GNQ,2014-01-01 00:00:00.000,2.3127463863337714
GNQ,2015-01-01 00:00:00.000,2.286465177398161
GNQ,2016-01-01 00:00:00.000,2.286821705426357
GNQ,2017-01-01 00:00:00.000,2.323759791122716
GNQ,2018-01-01 00:00:00.000,2.4146981627296586
GNQ,2019-01-01 00:00:00.000,2.3654390934844205
GNQ,2020-01-01 00:00:00.000,2.4118476727785616
GNQ,2021-01-01 00:00:00.000,2.5751633986928106
GRC,2012-01-01 00:00:00.000,6.114206128133704
GRC,2013-01-01 00:00:00.000,5.669291338582678
GRC,2014-01-01 00:00:00.000,5.742444152431013
GRC,2015-01-01 00:00:00.000,5.781865965834429
GRC,2016-01-01 00:00:00.000,5.943152454780364
GRC,2017-01-01 00:00:00.000,6.187989556135772
GRC,2018-01-01 00:00:00.000,6.548556430446195
GRC,2019-01-01 00:00:00.000,7.7195467422096335
GRC,2020-01-01 00:00:00.000,7.79971791255289
GRC,2021-01-01 00:00:00.000,7.1764705882352935
GRD,2012-01-01 00:00:00.000,4.916434540389972
GRD,2013-01-01 00:00:00.000,5.0524934383202105
GRD,2014-01-01 00:00:00.000,5.059132720105126
GRD,2015-01-01 00:00:00.000,5.006570302233904
GRD,2016-01-01 00:00:00.000,5.103359173126616
GRD,2017-01-01 00:00:00.000,5.065274151436032
GRD,2018-01-01 00:00:00.000,5.065616797900263
GRD,2019-01-01 00:00:00.000,4.419263456090652
GRD,2020-01-01 00:00:00.000,4.372355430183356
GRD,2021-01-01 00:00:00.000,5.019607843137255
GTM,2012-01-01 00:00:00.000,7.5905292479108635
GTM,2013-01-01 00:00:00.000,7.716535433070867
GTM,2014-01-01 00:00:00.000,7.805519053876479
GTM,2015-01-01 00:00:00.000,8.173455978975033
GTM,2016-01-01 00:00:00.000,8.19121447028424
GTM,2017-01-01 00:00:00.000,8.198433420365538
GTM,2018-01-01 00:00:00.000,8.293963254593177
GTM,2019-01-01 00:00:00.000,8.073654390934847
GTM,2020-01-01 00:00:00.000,7.884344146685472
GTM,2021-01-01 00:00:00.000,8.03921568627451
GUY,2012-01-01 00:00:00.000,5.473537604456823
GUY,2013-01-01 00:00:00.000,5.826771653543307
GUY,2014-01-01 00:00:00.000,6.202365308804206
GUY,2015-01-01 00:00:00.000,6.084099868593956
GUY,2016-01-01 00:00:00.000,6.188630490956074
GUY,2017-01-01 00:00:00.000,6.096605744125327
GUY,2018-01-01 00:00:00.000,5.944881889763779
GUY,2019-01-01 00:00:00.000,6.572237960339946
GUY,2020-01-01 00:00:00.000,6.6713681241184775
GUY,2021-01-01 00:00:00.000,6.0130718954248366
HND,2012-01-01 00:00:00.000,7.646239554317548
HND,2013-01-01 00:00:00.000,7.677165354330709
HND,2014-01-01 00:00:00.000,8.107752956636006
HND,2015-01-01 00:00:00.000,8.134034165571615
HND,2016-01-01 00:00:00.000,7.545219638242894
HND,2017-01-01 00:00:00.000,7.676240208877285
HND,2018-01-01 00:00:00.000,8.097112860892388
HND,2019-01-01 00:00:00.000,7.84702549575071
HND,2020-01-01 00:00:00.000,8.251057827926658
HND,2021-01-01 00:00:00.000,8.065359477124183
HRV,2012-01-01 00:00:00.000,6.754874651810583
HRV,2013-01-01 00:00:00.000,6.496062992125985
HRV,2014-01-01 00:00:00.000,6.491458607095927
HRV,2015-01-01 00:00:00.000,6.491458607095927
HRV,2016-01-01 00:00:00.000,6.847545219638244
HRV,2017-01-01 00:00:00.000,7.023498694516972
HRV,2018-01-01 00:00:00.000,7.388451443569553
HRV,2019-01-01 00:00:00.000,7.733711048158643
HRV,2020-01-01 00:00:00.000,7.65867418899859
HRV,2021-01-01 00:00:00.000,7.450980392156863
HTI,2012-01-01 00:00:00.000,2.7576601671309184
HTI,2013-01-01 00:00:00.000,2.9133858267716537
HTI,2014-01-01 00:00:00.000,2.9040735873850205
HTI,2015-01-01 00:00:00.000,3.1668856767411304
HTI,2016-01-01 00:00:00.000,3.06201550387597
HTI,2017-01-01 00:00:00.000,3.3420365535248053
HTI,2018-01-01 00:00:00.000,3.3070866141732287
HTI,2019-01-01 00:00:00.000,3.7252124645892364
HTI,2020-01-01 00:00:00.000,3.8504936530324407
HTI,2021-01-01 00:00:00.000,3.4509803921568634
HUN,2012-01-01 00:00:00.000,6.9777158774373245
HUN,2013-01-01 00:00:00.000,6.902887139107612
HUN,2014-01-01 00:00:00.000,7.2404730617608415
HUN,2015-01-01 00:00:00.000,7.227332457293036
HUN,2016-01-01 00:00:00.000,7.571059431524549
HUN,2017-01-01 00:00:00.000,7.663185378590079
HUN,2018-01-01 00:00:00.000,7.808398950131234
HUN,2019-01-01 00:00:00.000,7.733711048158643
HUN,2020-01-01 00:00:00.000,7.63046544428773
HUN,2021-01-01 00:00:00.000,7.76470588235294
IDN,2012-01-01 00:00:00.000,7.298050139275766
IDN,2013-01-01 00:00:00.000,7.36220472440945
IDN,2014-01-01 00:00:00.000,7.424441524310119
IDN,2015-01-01 00:00:00.000,7.6478318002628125
IDN,2016-01-01 00:00:00.000,7.77777777777778
IDN,2017-01-01 00:00:00.000,7.375979112271542
IDN,2018-01-01 00:00:00.000,7.690288713910761
IDN,2019-01-01 00:00:00.000,7.507082152974506
IDN,2020-01-01 00:00:00.000,7.320169252468266
IDN,2021-01-01 00:00:00.000,7.464052287581698
IND,2012-01-01 00:00:00.000,5.863509749303621
IND,2013-01-01 00:00:00.000,6.010498687664041
IND,2014-01-01 00:00:00.000,6.031537450722734
IND,2015-01-01 00:00:00.000,6.084099868593956
IND,2016-01-01 00:00:00.000,6.214470284237727
IND,2017-01-01 00:00:00.000,6.318537859007833
IND,2018-01-01 00:00:00.000,6.496062992125984
IND,2019-01-01 00:00:00.000,6.487252124645893
IND,2020-01-01 00:00:00.000,6.544428772919605
IND,2021-01-01 00:00:00.000,6.6535947712418295
IRL,2012-01-01 00:00:00.000,7.451253481894149
IRL,2013-01-01 00:00:00.000,7.467191601049869
IRL,2014-01-01 00:00:00.000,7.660972404730618
IRL,2015-01-01 00:00:00.000,7.792378449408673
IRL,2016-01-01 00:00:00.000,8.02325581395349
IRL,2017-01-01 00:00:00.000,8.250652741514362
IRL,2018-01-01 00:00:00.000,8.398950131233594
IRL,2019-01-01 00:00:00.000,8.569405099150144
IRL,2020-01-01 00:00:00.000,8.5049365303244
IRL,2021-01-01 00:00:00.000,8.392156862745097
IRN,2012-01-01 00:00:00.000,7.284122562674094
IRN,2013-01-01 00:00:00.000,7.900262467191601
IRN,2014-01-01 00:00:00.000,7.700394218134035
IRN,2015-01-01 00:00:00.000,7.529566360052563
IRN,2016-01-01 00:00:00.000,7.5064599483204155
IRN,2017-01-01 00:00:00.000,7.637075718015668
IRN,2018-01-01 00:00:00.000,7.716535433070866
IRN,2019-01-01 00:00:00.000,8.328611898016998
IRN,2020-01-01 00:00:00.000,8.392101551480959
IRN,2021-01-01 00:00:00.000,7.960784313725489
IRQ,2012-01-01 00:00:00.000,5.710306406685236
IRQ,2013-01-01 00:00:00.000,5.341207349081365
IRQ,2014-01-01 00:00:00.000,5.2825229960578195
IRQ,2015-01-01 00:00:00.000,5.216819973718792
IRQ,2016-01-01 00:00:00.000,5.206718346253231
IRQ,2017-01-01 00:00:00.000,5.065274151436032
IRQ,2018-01-01 00:00:00.000,5.170603674540683
IRQ,2019-01-01 00:00:00.000,5.722379603399434
IRQ,2020-01-01 00:00:00.000,5.782792665726375
IRQ,2021-01-01 00:00:00.000,5.346405228758169
ISL,2012-01-01 00:00:00.000,8.676880222841223
ISL,2013-01-01 00:00:00.000,8.648293963254593
ISL,2014-01-01 00:00:00.000,8.804204993429698
ISL,2015-01-01 00:00:00.000,8.869908015768726
ISL,2016-01-01 00:00:00.000,8.888888888888891
ISL,2017-01-01 00:00:00.000,9.046997389033944
ISL,2018-01-01 00:00:00.000,9.10761154855643
ISL,2019-01-01 00:00:00.000,8.9943342776204
ISL,2020-01-01 00:00:00.000,8.942172073342736
ISL,2021-01-01 00:00:00.000,8.901960784313726
ISR,2012-01-01 00:00:00.000,8.328690807799441
ISR,2013-01-01 00:00:00.000,8.372703412073491
ISR,2014-01-01 00:00:00.000,8.462549277266755
ISR,2015-01-01 00:00:00.000,8.528252299605782
ISR,2016-01-01 00:00:00.000,8.643410852713181
ISR,2017-01-01 00:00:00.000,8.7467362924282
ISR,2018-01-01 00:00:00.000,8.805774278215225
ISR,2019-01-01 00:00:00.000,8.781869688385271
ISR,2020-01-01 00:00:00.000,8.744710860366713
ISR,2021-01-01 00:00:00.000,8.718954248366012
ITA,2012-01-01 00:00:00.000,7.5626740947075195
ITA,2013-01-01 00:00:00.000,7.283464566929135
ITA,2014-01-01 00:00:00.000,7.2667542706964525
ITA,2015-01-01 00:00:00.000,7.253613666228647
ITA,2016-01-01 00:00:00.000,7.338501291989665
ITA,2017-01-01 00:00:00.000,7.441253263707573
ITA,2018-01-01 00:00:00.000,7.664041994750655
ITA,2019-01-01 00:00:00.000,8.172804532577906
ITA,2020-01-01 00:00:00.000,8.110014104372357
ITA,2021-01-01 00:00:00.000,7.803921568627452
JAM,2012-01-01 00:00:00.000,7.005571030640668
JAM,2013-01-01 00:00:00.000,7.125984251968504
JAM,2014-01-01 00:00:00.000,7.319316688567675
JAM,2015-01-01 00:00:00.000,7.174770039421814
JAM,2016-01-01 00:00:00.000,7.183462532299744
JAM,2017-01-01 00:00:00.000,7.297650130548304
JAM,2018-01-01 00:00:00.000,7.5853018372703405
JAM,2019-01-01 00:00:00.000,7.832861189801701
JAM,2020-01-01 00:00:00.000,7.856135401974613
JAM,2021-01-01 00:00:00.000,7.620915032679738
JOR,2012-01-01 00:00:00.000,6.532033426183842
JOR,2013-01-01 00:00:00.000,6.430446194225722
JOR,2014-01-01 00:00:00.000,6.583442838370566
JOR,2015-01-01 00:00:00.000,6.491458607095927
JOR,2016-01-01 00:00:00.000,6.382428940568477
JOR,2017-01-01 00:00:00.000,6.044386422976503
JOR,2018-01-01 00:00:00.000,5.971128608923885
JOR,2019-01-01 00:00:00.000,7.011331444759207
JOR,2020-01-01 00:00:00.000,7.108603667136813
JOR,2021-01-01 00:00:00.000,6.222222222222221
JPN,2012-01-01 00:00:00.000,7.715877437325904
JPN,2013-01-01 00:00:00.000,7.440944881889765
JPN,2014-01-01 00:00:00.000,7.582128777923785
JPN,2015-01-01 00:00:00.000,7.555847568988174
JPN,2016-01-01 00:00:00.000,7.60981912144703
JPN,2017-01-01 00:00:00.000,7.7154046997389045
JPN,2018-01-01 00:00:00.000,7.9002624671916015
JPN,2019-01-01 00:00:00.000,7.76203966005666
JPN,2020-01-01 00:00:00.000,7.71509167842031
JPN,2021-01-01 00:00:00.000,7.934640522875817
KAZ,2012-01-01 00:00:00.000,7.144846796657381
KAZ,2013-01-01 00:00:00.000,7.178477690288714
KAZ,2014-01-01 00:00:00.000,7.2930354796320636
KAZ,2015-01-01 00:00:00.000,7.2930354796320636
KAZ,2016-01-01 00:00:00.000,7.532299741602069
KAZ,2017-01-01 00:00:00.000,7.362924281984334
KAZ,2018-01-01 00:00:00.000,7.637795275590551
KAZ,2019-01-01 00:00:00.000,7.6062322946175644
KAZ,2020-01-01 00:00:00.000,7.418899858956277
KAZ,2021-01-01 00:00:00.000,7.516339869281046
KEN,2012-01-01 00:00:00.000,4.916434540389972
KEN,2013-01-01 00:00:00.000,5.183727034120735
KEN,2014-01-01 00:00:00.000,4.901445466491458
KEN,2015-01-01 00:00:00.000,5.032851511169514
KEN,2016-01-01 00:00:00.000,5.503875968992249
KEN,2017-01-01 00:00:00.000,5.535248041775457
KEN,2018-01-01 00:00:00.000,5.721784776902887
KEN,2019-01-01 00:00:00.000,5.694050991501419
KEN,2020-01-01 00:00:00.000,5.768688293370945
KEN,2021-01-01 00:00:00.000,5.921568627450981
KGZ,2012-01-01 00:00:00.000,7.172701949860723
KGZ,2013-01-01 00:00:00.000,7.178477690288714
KGZ,2014-01-01 00:00:00.000,6.911957950065704
KGZ,2015-01-01 00:00:00.000,7.030223390275953
KGZ,2016-01-01 00:00:00.000,7.260981912144704
KGZ,2017-01-01 00:00:00.000,7.258485639686686
KGZ,2018-01-01 00:00:00.000,7.335958005249343
KGZ,2019-01-01 00:00:00.000,7.407932011331447
KGZ,2020-01-01 00:00:00.000,7.433004231311707
KGZ,2021-01-01 00:00:00.000,7.22875816993464
KHM,2012-01-01 00:00:00.000,5.306406685236768
KHM,2013-01-01 00:00:00.000,5.616797900262467
KHM,2014-01-01 00:00:00.000,5.54533508541393
KHM,2015-01-01 00:00:00.000,5.80814717477004
KHM,2016-01-01 00:00:00.000,6.020671834625324
KHM,2017-01-01 00:00:00.000,6.6449086161879904
KHM,2018-01-01 00:00:00.000,6.522309711286089
KHM,2019-01-01 00:00:00.000,3.2719546742209644
KHM,2020-01-01 00:00:00.000,3.314527503526093
KHM,2021-01-01 00:00:00.000,6.627450980392156
KIR,2012-01-01 00:00:00.000,3.454038997214484
KIR,2013-01-01 00:00:00.000,3.713910761154856
KIR,2014-01-01 00:00:00.000,3.850197109067017
KIR,2015-01-01 00:00:00.000,3.771353482260184
KIR,2016-01-01 00:00:00.000,3.8501291989664095
KIR,2017-01-01 00:00:00.000,3.5900783289817233
KIR,2018-01-01 00:00:00.000,3.89763779527559
KIR,2019-01-01 00:00:00.000,2.974504249291786
KIR,2020-01-01 00:00:00.000,3.6671368124118473
KIR,2021-01-01 00:00:00.000,4.287581699346406
KNA,2012-01-01 00:00:00.000,2.7715877437325904
KNA,2013-01-01 00:00:00.000,2.952755905511811
KNA,2014-01-01 00:00:00.000,3.035479632063075
KNA,2015-01-01 00:00:00.000,3.009198423127464
KNA,2016-01-01 00:00:00.000,3.1653746770025846
KNA,2017-01-01 00:00:00.000,3.1462140992167105
KNA,2018-01-01 00:00:00.000,3.228346456692913
KNA,2019-01-01 00:00:00.000,2.4645892351274794
KNA,2020-01-01 00:00:00.000,2.440056417489423
KNA,2021-01-01 00:00:00.000,3.228758169934641
KOR,2012-01-01 00:00:00.000,7.66016713091922
KOR,2013-01-01 00:00:00.000,7.388451443569554
KOR,2014-01-01 00:00:00.000,7.463863337713535
KOR,2015-01-01 00:00:00.000,7.385019710906702
KOR,2016-01-01 00:00:00.000,7.403100775193801
KOR,2017-01-01 00:00:00.000,7.506527415143605
KOR,2018-01-01 00:00:00.000,7.611548556430447
KOR,2019-01-01 00:00:00.000,7.6203966005665755
KOR,2020-01-01 00:00:00.000,7.588152327221439
KOR,2021-01-01 00:00:00.000,7.777777777777777
KWT,2012-01-01 00:00:00.000,7.7437325905292465
KWT,2013-01-01 00:00:00.000,7.585301837270341
KWT,2014-01-01 00:00:00.000,7.608409986859396
KWT,2015-01-01 00:00:00.000,7.6215505913272015
KWT,2016-01-01 00:00:00.000,7.77777777777778
KWT,2017-01-01 00:00:00.000,7.832898172323761
KWT,2018-01-01 00:00:00.000,7.952755905511812
KWT,2019-01-01 00:00:00.000,7.7903682719546765
KWT,2020-01-01 00:00:00.000,7.65867418899859
KWT,2021-01-01 00:00:00.000,7.8169934640522865
LAO,2012-01-01 00:00:00.000,5.306406685236768
LAO,2013-01-01 00:00:00.000,5.94488188976378
LAO,2014-01-01 00:00:00.000,5.952693823915901
LAO,2015-01-01 00:00:00.000,6.136662286465178
LAO,2016-01-01 00:00:00.000,6.24031007751938
LAO,2017-01-01 00:00:00.000,6.331592689295041
LAO,2018-01-01 00:00:00.000,6.522309711286089
LAO,2019-01-01 00:00:00.000,6.118980169971673
LAO,2020-01-01 00:00:00.000,6.121297602256699
LAO,2021-01-01 00:00:00.000,6.562091503267974
LBN,2012-01-01 00:00:00.000,7.35376044568245
LBN,2013-01-01 00:00:00.000,7.257217847769029
LBN,2014-01-01 00:00:00.000,7.030223390275953
LBN,2015-01-01 00:00:00.000,6.925098554533509
LBN,2016-01-01 00:00:00.000,7.002583979328167
LBN,2017-01-01 00:00:00.000,6.997389033942561
LBN,2018-01-01 00:00:00.000,7.1128608923884515
LBN,2019-01-01 00:00:00.000,7.577903682719549
LBN,2020-01-01 00:00:00.000,7.771509167842031
LBN,2021-01-01 00:00:00.000,7.15032679738562
LBR,2012-01-01 00:00:00.000,2.089136490250696
LBR,2013-01-01 00:00:00.000,2.1259842519685046
LBR,2014-01-01 00:00:00.000,2.325886990801577
LBR,2015-01-01 00:00:00.000,2.549277266754271
LBR,2016-01-01 00:00:00.000,2.64857881136951
LBR,2017-01-01 00:00:00.000,2.859007832898173
LBR,2018-01-01 00:00:00.000,2.821522309711286
LBR,2019-01-01 00:00:00.000,2.280453257790369
LBR,2020-01-01 00:00:00.000,2.383638928067702
LBR,2021-01-01 00:00:00.000,2.9019607843137254
LBY,2012-01-01 00:00:00.000,4.651810584958216
LBY,2013-01-01 00:00:00.000,4.31758530183727
LBY,2014-01-01 00:00:00.000,4.2838370565046
LBY,2015-01-01 00:00:00.000,4.152431011826544
LBY,2016-01-01 00:00:00.000,4.095607235142119
LBY,2017-01-01 00:00:00.000,4.151436031331592
LBY,2018-01-01 00:00:00.000,4.133858267716535
LBY,2019-01-01 00:00:00.000,5.212464589235129
LBY,2020-01-01 00:00:00.000,5.3878702397743305
LBY,2021-01-01 00:00:00.000,4.601307189542483
LCA,2012-01-01 00:00:00.000,6.114206128133704
LCA,2013-01-01 00:00:00.000,5.918635170603675
LCA,2014-01-01 00:00:00.000,6.0972404730617615
LCA,2015-01-01 00:00:00.000,6.215505913272011
LCA,2016-01-01 00:00:00.000,6.821705426356591
LCA,2017-01-01 00:00:00.000,6.187989556135772
LCA,2018-01-01 00:00:00.000,6.207349081364829
LCA,2019-01-01 00:00:00.000,7.322946175637396
LCA,2020-01-01 00:00:00.000,7.433004231311707
LCA,2021-01-01 00:00:00.000,6.692810457516339
LIE,2012-01-01 00:00:00.000,2.45125348189415
LIE,2013-01-01 00:00:00.000,2.467191601049869
LIE,2014-01-01 00:00:00.000,2.536136662286465
LIE,2015-01-01 00:00:00.000,2.52299605781866
LIE,2016-01-01 00:00:00.000,2.5968992248062026
LIE,2017-01-01 00:00:00.000,2.741514360313316
LIE,2018-01-01 00:00:00.000,2.7952755905511815
LIE,2019-01-01 00:00:00.000,2.138810198300284
LIE,2020-01-01 00:00:00.000,1.861777150916784
LIE,2021-01-01 00:00:00.000,2.6928104575163396
LKA,2012-01-01 00:00:00.000,7.214484679665738
LKA,2013-01-01 00:00:00.000,7.230971128608925
LKA,2014-01-01 00:00:00.000,7.477003942181341
LKA,2015-01-01 00:00:00.000,7.477003942181341
LKA,2016-01-01 00:00:00.000,8.281653746770026
LKA,2017-01-01 00:00:00.000,8.015665796344647
LKA,2018-01-01 00:00:00.000,7.834645669291338
LKA,2019-01-01 00:00:00.000,7.7903682719546765
LKA,2020-01-01 00:00:00.000,7.785613540197461
LKA,2021-01-01 00:00:00.000,7.8169934640522865
LSO,2012-01-01 00:00:00.000,0.25069637883008333
LSO,2013-01-01 00:00:00.000,0.984251968503937
LSO,2014-01-01 00:00:00.000,0.8015768725361365
LSO,2015-01-01 00:00:00.000,0.5256241787122216
LSO,2016-01-01 00:00:00.000,0.7235142118863052
LSO,2017-01-01 00:00:00.000,0.7832898172323763
LSO,2018-01-01 00:00:00.000,1.0367454068241466
LSO,2019-01-01 00:00:00.000,1.8130311614730878
LSO,2020-01-01 00:00:00.000,2.1297602256699575
LSO,2021-01-01 00:00:00.000,1.2156862745098036
LTU,2012-01-01 00:00:00.000,7.061281337047353
LTU,2013-01-01 00:00:00.000,7.112860892388452
LTU,2014-01-01 00:00:00.000,7.2404730617608415
LTU,2015-01-01 00:00:00.000,7.227332457293036
LTU,2016-01-01 00:00:00.000,7.3901808785529735
LTU,2017-01-01 00:00:00.000,7.51958224543081
LTU,2018-01-01 00:00:00.000,7.677165354330708
LTU,2019-01-01 00:00:00.000,7.818696883852693
LTU,2020-01-01 00:00:00.000,7.686882933709451
LTU,2021-01-01 00:00:00.000,7.555555555555555
LUX,2012-01-01 00:00:00.000,8.11977715877437
LUX,2013-01-01 00:00:00.000,7.926509186351707
LUX,2014-01-01 00:00:00.000,8.002628120893561
LUX,2015-01-01 00:00:00.000,7.858081471747701
LUX,2016-01-01 00:00:00.000,7.932816537467701
LUX,2017-01-01 00:00:00.000,7.950391644908617
LUX,2018-01-01 00:00:00.000,8.057742782152232
LUX,2019-01-01 00:00:00.000,8.186968838526914
LUX,2020-01-01 00:00:00.000,8.067700987306065
LUX,2021-01-01 00:00:00.000,8.117647058823529
LVA,2012-01-01 00:00:00.000,7.200557103064066
LVA,2013-01-01 00:00:00.000,7.6115485564304475
LVA,2014-01-01 00:00:00.000,7.253613666228647
LVA,2015-01-01 00:00:00.000,7.33245729303548
LVA,2016-01-01 00:00:00.000,7.286821705426357
LVA,2017-01-01 00:00:00.000,7.31070496083551
LVA,2018-01-01 00:00:00.000,7.427821522309711
LVA,2019-01-01 00:00:00.000,7.677053824362609
LVA,2020-01-01 00:00:00.000,7.65867418899859
LVA,2021-01-01 00:00:00.000,7.555555555555555
MAR,2012-01-01 00:00:00.000,6.267409470752089
MAR,2013-01-01 00:00:00.000,6.141732283464567
MAR,2014-01-01 00:00:00.000,6.018396846254928
MAR,2015-01-01 00:00:00.000,6.162943495400789
MAR,2016-01-01 00:00:00.000,6.279069767441863
MAR,2017-01-01 00:00:00.000,6.4229765013054845
MAR,2018-01-01 00:00:00.000,6.509186351706037
MAR,2019-01-01 00:00:00.000,6.926345609065159
MAR,2020-01-01 00:00:00.000,6.967559943582512
MAR,2021-01-01 00:00:00.000,6.627450980392156
MCO,2012-01-01 00:00:00.000,3.064066852367688
MCO,2013-01-01 00:00:00.000,3.057742782152231
MCO,2014-01-01 00:00:00.000,2.9566360052562426
MCO,2015-01-01 00:00:00.000,2.9960578186596587
MCO,2016-01-01 00:00:00.000,3.242894056847546
MCO,2017-01-01 00:00:00.000,3.276762402088773
MCO,2018-01-01 00:00:00.000,3.2808398950131235
MCO,2019-01-01 00:00:00.000,2.4645892351274794
MCO,2020-01-01 00:00:00.000,2.440056417489423
MCO,2021-01-01 00:00:00.000,3.228758169934641
MDA,2012-01-01 00:00:00.000,7.855153203342617
MDA,2013-01-01 00:00:00.000,7.769028871391077
MDA,2014-01-01 00:00:00.000,7.950065703022339
MDA,2015-01-01 00:00:00.000,7.766097240473062
MDA,2016-01-01 00:00:00.000,7.906976744186048
MDA,2017-01-01 00:00:00.000,7.87206266318538
MDA,2018-01-01 00:00:00.000,7.795275590551181
MDA,2019-01-01 00:00:00.000,7.818696883852693
MDA,2020-01-01 00:00:00.000,7.827926657263753
MDA,2021-01-01 00:00:00.000,7.960784313725489
MDG,2012-01-01 00:00:00.000,4.526462395543175
MDG,2013-01-01 00:00:00.000,4.028871391076116
MDG,2014-01-01 00:00:00.000,4.717477003942182
MDG,2015-01-01 00:00:00.000,4.507227332457294
MDG,2016-01-01 00:00:00.000,4.844961240310078
MDG,2017-01-01 00:00:00.000,4.503916449086162
MDG,2018-01-01 00:00:00.000,5.1574803149606305
MDG,2019-01-01 00:00:00.000,4.192634560906518
MDG,2020-01-01 00:00:00.000,4.076163610719322
MDG,2021-01-01 00:00:00.000,4.679738562091503
MDV,2012-01-01 00:00:00.000,7.325905292479108
MDV,2013-01-01 00:00:00.000,7.414698162729659
MDV,2014-01-01 00:00:00.000,7.253613666228647
MDV,2015-01-01 00:00:00.000,7.529566360052563
MDV,2016-01-01 00:00:00.000,7.571059431524549
MDV,2017-01-01 00:00:00.000,7.741514360313317
MDV,2018-01-01 00:00:00.000,7.874015748031495
MDV,2019-01-01 00:00:00.000,8.031161473087822
MDV,2020-01-01 00:00:00.000,7.912552891396332
MDV,2021-01-01 00:00:00.000,8.0
MEX,2012-01-01 00:00:00.000,8.008356545961002
MEX,2013-01-01 00:00:00.000,7.913385826771654
MEX,2014-01-01 00:00:00.000,8.0946123521682
MEX,2015-01-01 00:00:00.000,8.120893561103811
MEX,2016-01-01 00:00:00.000,8.113695090439279
MEX,2017-01-01 00:00:00.000,8.120104438642299
MEX,2018-01-01 00:00:00.000,8.057742782152232
MEX,2019-01-01 00:00:00.000,7.903682719546746
MEX,2020-01-01 00:00:00.000,7.8702397743300425
MEX,2021-01-01 00:00:00.000,7.960784313725489
MHL,2012-01-01 00:00:00.000,3.5097493036211693
MHL,2013-01-01 00:00:00.000,4.081364829396326
MHL,2014-01-01 00:00:00.000,4.099868593955321
MHL,2015-01-01 00:00:00.000,4.152431011826544
MHL,2016-01-01 00:00:00.000,4.108527131782946
MHL,2017-01-01 00:00:00.000,2.9765013054830294
MHL,2018-01-01 00:00:00.000,3.2808398950131235
MHL,2019-01-01 00:00:00.000,2.5354107648725215
MHL,2020-01-01 00:00:00.000,2.651622002820875
MHL,2021-01-01 00:00:00.000,3.4248366013071894
MKD,2012-01-01 00:00:00.000,4.5125348189415035
MKD,2013-01-01 00:00:00.000,4.42257217847769
MKD,2014-01-01 00:00:00.000,4.480946123521681
MKD,2015-01-01 00:00:00.000,4.54664914586071
MKD,2016-01-01 00:00:00.000,4.7416020671834636
MKD,2017-01-01 00:00:00.000,5.0
MKD,2018-01-01 00:00:00.000,5.3412073490813645
MKD,2019-01-01 00:00:00.000,6.657223796033996
MKD,2020-01-01 00:00:00.000,6.699576868829337
MKD,2021-01-01 00:00:00.000,6.052287581699346
MLI,2012-01-01 00:00:00.000,2.6183844011142057
MLI,2013-01-01 00:00:00.000,2.6902887139107614
MLI,2014-01-01 00:00:00.000,2.8777923784494086
MLI,2015-01-01 00:00:00.000,2.877792378449409
MLI,2016-01-01 00:00:00.000,2.583979328165375
MLI,2017-01-01 00:00:00.000,2.715404699738904
MLI,2018-01-01 00:00:00.000,3.0839895013123364
MLI,2019-01-01 00:00:00.000,2.7053824362606234
MLI,2020-01-01 00:00:00.000,2.8349788434414664
MLI,2021-01-01 00:00:00.000,3.1895424836601305
MLT,2012-01-01 00:00:00.000,8.356545961002784
MLT,2013-01-01 00:00:00.000,8.72703412073491
MLT,2014-01-01 00:00:00.000,8.672798948751643
MLT,2015-01-01 00:00:00.000,8.23915900131406
MLT,2016-01-01 00:00:00.000,8.47545219638243
MLT,2017-01-01 00:00:00.000,8.472584856396868
MLT,2018-01-01 00:00:00.000,8.569553805774277
MLT,2019-01-01 00:00:00.000,8.541076487252127
MLT,2020-01-01 00:00:00.000,8.47672778561354
MLT,2021-01-01 00:00:00.000,8.601307189542483
MMR,2012-01-01 00:00:00.000,4.9025069637883
MMR,2013-01-01 00:00:00.000,5.354330708661417
MMR,2014-01-01 00:00:00.000,4.6911957950065695
MMR,2015-01-01 00:00:00.000,5.019710906701709
MMR,2016-01-01 00:00:00.000,5.025839793281654
MMR,2017-01-01 00:00:00.000,5.404699738903394
MMR,2018-01-01 00:00:00.000,5.47244094488189
MMR,2019-01-01 00:00:00.000,5.028328611898019
MMR,2020-01-01 00:00:00.000,5.049365303244007
MMR,2021-01-01 00:00:00.000,5.503267973856209
MNE,2012-01-01 00:00:00.000,5.710306406685236
MNE,2013-01-01 00:00:00.000,5.459317585301838
MNE,2014-01-01 00:00:00.000,5.571616294349541
MNE,2015-01-01 00:00:00.000,5.59789750328515
MNE,2016-01-01 00:00:00.000,5.555555555555556
MNE,2017-01-01 00:00:00.000,5.796344647519584
MNE,2018-01-01 00:00:00.000,6.023622047244094
MNE,2019-01-01 00:00:00.000,6.81303116147309
MNE,2020-01-01 00:00:00.000,6.7983074753173485
MNE,2021-01-01 00:00:00.000,5.973856209150327
MNG,2012-01-01 00:00:00.000,6.768802228412255
MNG,2013-01-01 00:00:00.000,6.78477690288714
MNG,2014-01-01 00:00:00.000,6.846254927726676
MNG,2015-01-01 00:00:00.000,6.741130091984232
MNG,2016-01-01 00:00:00.000,6.563307493540053
MNG,2017-01-01 00:00:00.000,6.697127937336816
MNG,2018-01-01 00:00:00.000,7.637795275590551
MNG,2019-01-01 00:00:00.000,7.2662889518413625
MNG,2020-01-01 00:00:00.000,7.291960507757405
MNG,2021-01-01 00:00:00.000,7.241830065359476
MOZ,2012-01-01 00:00:00.000,2.896935933147632
MOZ,2013-01-01 00:00:00.000,3.254593175853018
MOZ,2014-01-01 00:00:00.000,3.2588699080157686
MOZ,2015-01-01 00:00:00.000,3.508541392904074
MOZ,2016-01-01 00:00:00.000,3.7080103359173133
MOZ,2017-01-01 00:00:00.000,3.524804177545693
MOZ,2018-01-01 00:00:00.000,3.5695538057742775
MOZ,2019-01-01 00:00:00.000,3.257790368271956
MOZ,2020-01-01 00:00:00.000,3.215796897038082
MOZ,2021-01-01 00:00:00.000,3.6862745098039214
MRT,2012-01-01 00:00:00.000,2.7994428969359326
MRT,2013-01-01 00:00:00.000,3.057742782152231
MRT,2014-01-01 00:00:00.000,3.009198423127463
MRT,2015-01-01 00:00:00.000,2.9434954007884366
MRT,2016-01-01 00:00:00.000,2.9586563307493545
MRT,2017-01-01 00:00:00.000,3.0156657963446487
MRT,2018-01-01 00:00:00.000,3.0839895013123364
MRT,2019-01-01 00:00:00.000,3.2436260623229467
MRT,2020-01-01 00:00:00.000,3.314527503526093
MRT,2021-01-01 00:00:00.000,3.2418300653594776
MUS,2012-01-01 00:00:00.000,7.520891364902505
MUS,2013-01-01 00:00:00.000,7.480314960629922
MUS,2014-01-01 00:00:00.000,8.028909329829172
MUS,2015-01-01 00:00:00.000,7.858081471747701
MUS,2016-01-01 00:00:00.000,7.9844961240310095
MUS,2017-01-01 00:00:00.000,8.015665796344647
MUS,2018-01-01 00:00:00.000,7.9002624671916015
MUS,2019-01-01 00:00:00.000,7.903682719546746
MUS,2020-01-01 00:00:00.000,7.65867418899859
MUS,2021-01-01 00:00:00.000,7.555555555555555
MWI,2012-01-01 00:00:00.000,3.1754874651810585
MWI,2013-01-01 00:00:00.000,3.713910761154856
MWI,2014-01-01 00:00:00.000,3.5348226018396844
MWI,2015-01-01 00:00:00.000,4.0604467805519056
MWI,2016-01-01 00:00:00.000,3.7855297157622747
MWI,2017-01-01 00:00:00.000,3.616187989556137
MWI,2018-01-01 00:00:00.000,3.910761154855643
MWI,2019-01-01 00:00:00.000,3.371104815864024
MWI,2020-01-01 00:00:00.000,3.2722143864598037
MWI,2021-01-01 00:00:00.000,3.516339869281046
MYS,2012-01-01 00:00:00.000,8.50974930362117
MYS,2013-01-01 00:00:00.000,8.51706036745407
MYS,2014-01-01 00:00:00.000,8.580814717477004
MYS,2015-01-01 00:00:00.000,8.528252299605782
MYS,2016-01-01 00:00:00.000,8.656330749354007
MYS,2017-01-01 00:00:00.000,8.681462140992167
MYS,2018-01-01 00:00:00.000,8.543307086614174
MYS,2019-01-01 00:00:00.000,8.24362606232295
MYS,2020-01-01 00:00:00.000,8.138222849083217
MYS,2021-01-01 00:00:00.000,8.169934640522875
NAM,2012-01-01 00:00:00.000,3.9275766016713076
NAM,2013-01-01 00:00:00.000,4.21259842519685
NAM,2014-01-01 00:00:00.000,4.07358738501971
NAM,2015-01-01 00:00:00.000,3.942181340341656
NAM,2016-01-01 00:00:00.000,3.798449612403102
NAM,2017-01-01 00:00:00.000,4.099216710182768
NAM,2018-01-01 00:00:00.000,4.10761154855643
NAM,2019-01-01 00:00:00.000,5.3399433427762055
NAM,2020-01-01 00:00:00.000,5.444287729196051
NAM,2021-01-01 00:00:00.000,4.483660130718954
NER,2012-01-01 00:00:00.000,2.910863509749303
NER,2013-01-01 00:00:00.000,3.2939632545931765
NER,2014-01-01 00:00:00.000,3.7582128777923782
NER,2015-01-01 00:00:00.000,3.5479632063074904
NER,2016-01-01 00:00:00.000,3.359173126614989
NER,2017-01-01 00:00:00.000,3.18537859007833
NER,2018-01-01 00:00:00.000,3.425196850393701
NER,2019-01-01 00:00:00.000,2.450424929178471
NER,2020-01-01 00:00:00.000,2.4682651622002822
NER,2021-01-01 00:00:00.000,3.1111111111111103
NGA,2012-01-01 00:00:00.000,2.270194986072423
NGA,2013-01-01 00:00:00.000,2.467191601049869
NGA,2014-01-01 00:00:00.000,2.299605781865966
NGA,2015-01-01 00:00:00.000,2.2601839684625498
NGA,2016-01-01 00:00:00.000,1.873385012919897
NGA,2017-01-01 00:00:00.000,1.3968668407310711
NGA,2018-01-01 00:00:00.000,1.5354330708661417
NGA,2019-01-01 00:00:00.000,1.3031161473087822
NGA,2020-01-01 00:00:00.000,1.2270803949224263
NGA,2021-01-01 00:00:00.000,1.4248366013071894
NIC,2012-01-01 00:00:00.000,7.5626740947075195
NIC,2013-01-01 00:00:00.000,7.769028871391077
NIC,2014-01-01 00:00:00.000,7.858081471747701
NIC,2015-01-01 00:00:00.000,7.792378449408673
NIC,2016-01-01 00:00:00.000,7.868217054263567
NIC,2017-01-01 00:00:00.000,8.067885117493475
NIC,2018-01-01 00:00:00.000,7.8871391076115485
NIC,2019-01-01 00:00:00.000,7.889518413597736
NIC,2020-01-01 00:00:00.000,7.926657263751763
NIC,2021-01-01 00:00:00.000,7.908496732026142
NLD,2012-01-01 00:00:00.000,8.203342618384399
NLD,2013-01-01 00:00:00.000,7.9921259842519685
NLD,2014-01-01 00:00:00.000,8.028909329829172
NLD,2015-01-01 00:00:00.000,8.02890932982917
NLD,2016-01-01 00:00:00.000,8.204134366925066
NLD,2017-01-01 00:00:00.000,8.315926892950394
NLD,2018-01-01 00:00:00.000,8.517060367454068
NLD,2019-01-01 00:00:00.000,8.498583569405103
NLD,2020-01-01 00:00:00.000,8.392101551480959
NLD,2021-01-01 00:00:00.000,8.470588235294118
NOR,2012-01-01 00:00:00.000,8.927576601671307
NOR,2013-01-01 00:00:00.000,8.884514435695538
NOR,2014-01-01 00:00:00.000,8.896189224704337
NOR,2015-01-01 00:00:00.000,8.672798948751643
NOR,2016-01-01 00:00:00.000,8.708010335917313
NOR,2017-01-01 00:00:00.000,8.798955613577023
NOR,2018-01-01 00:00:00.000,8.858267716535433
NOR,2019-01-01 00:00:00.000,8.838526912181306
NOR,2020-01-01 00:00:00.000,8.829337094499294
NOR,2021-01-01 00:00:00.000,8.810457516339868
NPL,2012-01-01 00:00:00.000,6.532033426183842
NPL,2013-01-01 00:00:00.000,6.73228346456693
NPL,2014-01-01 00:00:00.000,6.990801576872537
NPL,2015-01-01 00:00:00.000,6.793692509855454
NPL,2016-01-01 00:00:00.000,7.312661498708012
NPL,2017-01-01 00:00:00.000,7.0104438642297655
NPL,2018-01-01 00:00:00.000,6.981627296587926
NPL,2019-01-01 00:00:00.000,6.643059490084987
NPL,2020-01-01 00:00:00.000,6.6290550070521865
NPL,2021-01-01 00:00:00.000,6.77124183006536
NRU,2012-01-01 00:00:00.000,2.646239554317548
NRU,2013-01-01 00:00:00.000,2.9133858267716537
NRU,2014-01-01 00:00:00.000,2.9829172141918527
NRU,2015-01-01 00:00:00.000,2.825229960578187
NRU,2016-01-01 00:00:00.000,2.8682170542635665
NRU,2017-01-01 00:00:00.000,3.1984334203655362
NRU,2018-01-01 00:00:00.000,2.9790026246719163
NRU,2019-01-01 00:00:00.000,1.7705382436260626
NRU,2020-01-01 00:00:00.000,1.6784203102961923
NRU,2021-01-01 00:00:00.000,2.5228758169934635
NZL,2012-01-01 00:00:00.000,8.53760445682451
NZL,2013-01-01 00:00:00.000,8.51706036745407
NZL,2014-01-01 00:00:00.000,8.541392904073588
NZL,2015-01-01 00:00:00.000,8.528252299605782
NZL,2016-01-01 00:00:00.000,8.643410852713181
NZL,2017-01-01 00:00:00.000,8.668407310704962
NZL,2018-01-01 00:00:00.000,8.713910761154857
NZL,2019-01-01 00:00:00.000,8.682719546742211
NZL,2020-01-01 00:00:00.000,8.702397743300423
NZL,2021-01-01 00:00:00.000,8.758169934640524
OMN,2012-01-01 00:00:00.000,7.813370473537603
OMN,2013-01-01 00:00:00.000,7.716535433070867
OMN,2014-01-01 00:00:00.000,7.83180026281209
OMN,2015-01-01 00:00:00.000,7.858081471747701
OMN,2016-01-01 00:00:00.000,7.9844961240310095
OMN,2017-01-01 00:00:00.000,8.133159268929504
OMN,2018-01-01 00:00:00.000,8.188976377952756
OMN,2019-01-01 00:00:00.000,7.932011331444761
OMN,2020-01-01 00:00:00.000,7.8702397743300425
OMN,2021-01-01 00:00:00.000,8.052287581699346
PAK,2012-01-01 00:00:00.000,4.972144846796656
PAK,2013-01-01 00:00:00.000,4.960629921259843
PAK,2014-01-01 00:00:00.000,5.0722733245729295
PAK,2015-01-01 00:00:00.000,5.085413929040736
PAK,2016-01-01 00:00:00.000,5.271317829457366
PAK,2017-01-01 00:00:00.000,5.169712793733682
PAK,2018-01-01 00:00:00.000,5.078740157480315
PAK,2019-01-01 00:00:00.000,4.702549575070822
PAK,2020-01-01 00:00:00.000,4.724964739069111
PAK,2021-01-01 00:00:00.000,5.0588235294117645
PAN,2012-01-01 00:00:00.000,7.339832869080778
PAN,2013-01-01 00:00:00.000,7.191601049868767
PAN,2014-01-01 00:00:00.000,7.2667542706964525
PAN,2015-01-01 00:00:00.000,7.227332457293036
PAN,2016-01-01 00:00:00.000,7.260981912144704
PAN,2017-01-01 00:00:00.000,7.362924281984334
PAN,2018-01-01 00:00:00.000,7.493438320209974
PAN,2019-01-01 00:00:00.000,7.521246458923516
PAN,2020-01-01 00:00:00.000,7.489421720733428
PAN,2021-01-01 00:00:00.000,7.215686274509803
PER,2012-01-01 00:00:00.000,7.646239554317548
PER,2013-01-01 00:00:00.000,7.716535433070867
PER,2014-01-01 00:00:00.000,7.897503285151117
PER,2015-01-01 00:00:00.000,8.02890932982917
PER,2016-01-01 00:00:00.000,8.074935400516798
PER,2017-01-01 00:00:00.000,8.14621409921671
PER,2018-01-01 00:00:00.000,8.11023622047244
PER,2019-01-01 00:00:00.000,8.04532577903683
PER,2020-01-01 00:00:00.000,7.968970380818054
PER,2021-01-01 00:00:00.000,8.209150326797383
PHL,2012-01-01 00:00:00.000,7.005571030640668
PHL,2013-01-01 00:00:00.000,7.047244094488189
PHL,2014-01-01 00:00:00.000,7.095926412614981
PHL,2015-01-01 00:00:00.000,7.082785808147175
PHL,2016-01-01 00:00:00.000,7.338501291989665
PHL,2017-01-01 00:00:00.000,7.375979112271542
PHL,2018-01-01 00:00:00.000,7.296587926509187
PHL,2019-01-01 00:00:00.000,7.209631728045329
PHL,2020-01-01 00:00:00.000,6.939351198871651
PHL,2021-01-01 00:00:00.000,7.254901960784313
PLW,2012-01-01 00:00:00.000,2.075208913649025
PLW,2013-01-01 00:00:00.000,2.165354330708662
PLW,2014-01-01 00:00:00.000,2.299605781865966
PLW,2015-01-01 00:00:00.000,2.2601839684625498
PLW,2016-01-01 00:00:00.000,2.3901808785529726
PLW,2017-01-01 00:00:00.000,2.4151436031331595
PLW,2018-01-01 00:00:00.000,2.532808398950131
PLW,2019-01-01 00:00:00.000,1.7705382436260626
PLW,2020-01-01 00:00:00.000,1.734837799717913
PLW,2021-01-01 00:00:00.000,2.5751633986928106
PNG,2012-01-01 00:00:00.000,4.136490250696378
PNG,2013-01-01 00:00:00.000,4.2650918635170605
PNG,2014-01-01 00:00:00.000,4.3626806833114316
PNG,2015-01-01 00:00:00.000,4.3889618922470435
PNG,2016-01-01 00:00:00.000,4.638242894056848
PNG,2017-01-01 00:00:00.000,4.765013054830288
PNG,2018-01-01 00:00:00.000,4.698162729658793
PNG,2019-01-01 00:00:00.000,4.376770538243628
PNG,2020-01-01 00:00:00.000,4.372355430183356
PNG,2021-01-01 00:00:00.000,4.836601307189543
POL,2012-01-01 00:00:00.000,7.409470752089135
POL,2013-01-01 00:00:00.000,7.322834645669291
POL,2014-01-01 00:00:00.000,7.490144546649146
POL,2015-01-01 00:00:00.000,7.555847568988174
POL,2016-01-01 00:00:00.000,7.7390180878553
POL,2017-01-01 00:00:00.000,7.845953002610967
POL,2018-01-01 00:00:00.000,8.00524934383202
POL,2019-01-01 00:00:00.000,7.9603399433427775
POL,2020-01-01 00:00:00.000,7.79971791255289
POL,2021-01-01 00:00:00.000,7.973856209150327
PRK,2012-01-01 00:00:00.000,4.526462395543175
PRK,2013-01-01 00:00:00.000,4.475065616797901
PRK,2014-01-01 00:00:00.000,4.625492772667542
PRK,2015-01-01 00:00:00.000,4.651773981603154
PRK,2016-01-01 00:00:00.000,4.75452196382429
PRK,2017-01-01 00:00:00.000,4.89556135770235
PRK,2018-01-01 00:00:00.000,5.0524934383202105
PRK,2019-01-01 00:00:00.000,4.773371104815865
PRK,2020-01-01 00:00:00.000,4.809590973201693
PRK,2021-01-01 00:00:00.000,5.254901960784315
PRT,2012-01-01 00:00:00.000,7.144846796657381
PRT,2013-01-01 00:00:00.000,6.994750656167978
PRT,2014-01-01 00:00:00.000,7.174770039421814
PRT,2015-01-01 00:00:00.000,7.279894875164258
PRT,2016-01-01 00:00:00.000,7.4806201550387605
PRT,2017-01-01 00:00:00.000,7.780678851174935
PRT,2018-01-01 00:00:00.000,8.00524934383202
PRT,2019-01-01 00:00:00.000,8.24362606232295
PRT,2020-01-01 00:00:00.000,8.166431593794076
PRT,2021-01-01 00:00:00.000,8.091503267973856
PRY,2012-01-01 00:00:00.000,7.116991643454037
PRY,2013-01-01 00:00:00.000,7.0078740157480315
PRY,2014-01-01 00:00:00.000,7.056504599211564
PRY,2015-01-01 00:00:00.000,7.253613666228647
PRY,2016-01-01 00:00:00.000,7.183462532299744
PRY,2017-01-01 00:00:00.000,7.245430809399478
PRY,2018-01-01 00:00:00.000,7.204724409448819
PRY,2019-01-01 00:00:00.000,7.252124645892353
PRY,2020-01-01 00:00:00.000,7.094499294781383
PRY,2021-01-01 00:00:00.000,7.032679738562091
QAT,2012-01-01 00:00:00.000,8.50974930362117
QAT,2013-01-01 00:00:00.000,8.51706036745407
QAT,2014-01-01 00:00:00.000,8.528252299605784
QAT,2015-01-01 00:00:00.000,8.370565045992118
QAT,2016-01-01 00:00:00.000,8.307493540051683
QAT,2017-01-01 00:00:00.000,8.224543080939949
QAT,2018-01-01 00:00:00.000,8.333333333333332
QAT,2019-01-01 00:00:00.000,7.988668555240794
QAT,2020-01-01 00:00:00.000,7.983074753173484
QAT,2021-01-01 00:00:00.000,8.366013071895425
ROU,2012-01-01 00:00:00.000,7.200557103064066
ROU,2013-01-01 00:00:00.000,7.112860892388452
ROU,2014-01-01 00:00:00.000,7.187910643889619
ROU,2015-01-01 00:00:00.000,7.109067017082786
ROU,2016-01-01 00:00:00.000,7.286821705426357
ROU,2017-01-01 00:00:00.000,7.480417754569192
ROU,2018-01-01 00:00:00.000,7.664041994750655
ROU,2019-01-01 00:00:00.000,7.6203966005665755
ROU,2020-01-01 00:00:00.000,7.461212976022568
ROU,2021-01-01 00:00:00.000,7.5294117647058805
RUS,2012-01-01 00:00:00.000,7.214484679665738
RUS,2013-01-01 00:00:00.000,7.125984251968504
RUS,2014-01-01 00:00:00.000,7.2404730617608415
RUS,2015-01-01 00:00:00.000,6.990801576872537
RUS,2016-01-01 00:00:00.000,7.222222222222223
RUS,2017-01-01 00:00:00.000,7.558746736292429
RUS,2018-01-01 00:00:00.000,7.716535433070866
RUS,2019-01-01 00:00:00.000,7.733711048158643
RUS,2020-01-01 00:00:00.000,7.545839210155148
RUS,2021-01-01 00:00:00.000,7.633986928104575
RWA,2012-01-01 00:00:00.000,4.37325905292479
RWA,2013-01-01 00:00:00.000,4.6587926509186355
RWA,2014-01-01 00:00:00.000,4.546649145860711
RWA,2015-01-01 00:00:00.000,4.5203679369250995
RWA,2016-01-01 00:00:00.000,4.780361757105944
RWA,2017-01-01 00:00:00.000,4.804177545691907
RWA,2018-01-01 00:00:00.000,4.89501312335958
RWA,2019-01-01 00:00:00.000,4.433427762039662
RWA,2020-01-01 00:00:00.000,4.59802538787024
RWA,2021-01-01 00:00:00.000,5.137254901960784
SAU,2012-01-01 00:00:00.000,6.768802228412255
SAU,2013-01-01 00:00:00.000,6.482939632545932
SAU,2014-01-01 00:00:00.000,6.544021024967149
SAU,2015-01-01 00:00:00.000,6.491458607095927
SAU,2016-01-01 00:00:00.000,6.498708010335919
SAU,2017-01-01 00:00:00.000,6.540469973890341
SAU,2018-01-01 00:00:00.000,6.653543307086614
SAU,2019-01-01 00:00:00.000,6.742209631728047
SAU,2020-01-01 00:00:00.000,6.713681241184767
SAU,2021-01-01 00:00:00.000,6.692810457516339
SDN,2012-01-01 00:00:00.000,2.855153203342618
SDN,2013-01-01 00:00:00.000,3.0183727034120738
SDN,2014-01-01 00:00:00.000,3.009198423127463
SDN,2015-01-01 00:00:00.000,3.035479632063076
SDN,2016-01-01 00:00:00.000,3.1007751937984507
SDN,2017-01-01 00:00:00.000,3.1462140992167105
SDN,2018-01-01 00:00:00.000,3.1758530183727034
SDN,2019-01-01 00:00:00.000,3.9376770538243635
SDN,2020-01-01 00:00:00.000,4.104372355430184
SDN,2021-01-01 00:00:00.000,3.385620915032679
SEN,2012-01-01 00:00:00.000,5.055710306406684
SEN,2013-01-01 00:00:00.000,5.892388451443569
SEN,2014-01-01 00:00:00.000,5.978975032851512
SEN,2015-01-01 00:00:00.000,5.992115637319317
SEN,2016-01-01 00:00:00.000,6.162790697674421
SEN,2017-01-01 00:00:00.000,6.096605744125327
SEN,2018-01-01 00:00:00.000,6.3254593175853016
SEN,2019-01-01 00:00:00.000,5.892351274787536
SEN,2020-01-01 00:00:00.000,6.205923836389281
SEN,2021-01-01 00:00:00.000,6.405228758169935
SGP,2012-01-01 00:00:00.000,10.0
SGP,2013-01-01 00:00:00.000,10.0
SGP,2014-01-01 00:00:00.000,10.0
SGP,2015-01-01 00:00:00.000,10.0
SGP,2016-01-01 00:00:00.000,10.000000000000002
SGP,2017-01-01 00:00:00.000,10.0
SGP,2018-01-01 00:00:00.000,10.0
SGP,2019-01-01 00:00:00.000,10.000000000000002
SGP,2020-01-01 00:00:00.000,10.0
SGP,2021-01-01 00:00:00.000,10.0
SLB,2012-01-01 00:00:00.000,6.6295264623955426
SLB,2013-01-01 00:00:00.000,7.467191601049869
SLB,2014-01-01 00:00:00.000,7.503285151116952
SLB,2015-01-01 00:00:00.000,7.490144546649146
SLB,2016-01-01 00:00:00.000,7.648578811369511
SLB,2017-01-01 00:00:00.000,7.741514360313317
SLB,2018-01-01 00:00:00.000,7.769028871391076
SLB,2019-01-01 00:00:00.000,7.436260623229465
SLB,2020-01-01 00:00:00.000,7.503526093088859
SLB,2021-01-01 00:00:00.000,7.8692810457516345
SLE,2012-01-01 00:00:00.000,1.0306406685236764
SLE,2013-01-01 00:00:00.000,1.3910761154855642
SLE,2014-01-01 00:00:00.000,1.4586070959264128
SLE,2015-01-01 00:00:00.000,1.2877792378449415
SLE,2016-01-01 00:00:00.000,1.4470284237726103
SLE,2017-01-01 00:00:00.000,2.180156657963447
SLE,2018-01-01 00:00:00.000,3.254593175853018
SLE,2019-01-01 00:00:00.000,2.832861189801701
SLE,2020-01-01 00:00:00.000,2.9478138222849086
SLE,2021-01-01 00:00:00.000,3.3333333333333326
SLV,2012-01-01 00:00:00.000,7.35376044568245
SLV,2013-01-01 00:00:00.000,7.36220472440945
SLV,2014-01-01 00:00:00.000,7.398160315374508
SLV,2015-01-01 00:00:00.000,7.437582128777924
SLV,2016-01-01 00:00:00.000,7.428940568475454
SLV,2017-01-01 00:00:00.000,7.428198433420366
SLV,2018-01-01 00:00:00.000,7.506561679790026
SLV,2019-01-01 00:00:00.000,7.337110481586404
SLV,2020-01-01 00:00:00.000,7.447108603667137
SLV,2021-01-01 00:00:00.000,7.8692810457516345
SMR,2012-01-01 00:00:00.000,3.4122562674094707
SMR,2013-01-01 00:00:00.000,3.6614173228346454
SMR,2014-01-01 00:00:00.000,3.731931668856768
SMR,2015-01-01 00:00:00.000,3.7056504599211566
SMR,2016-01-01 00:00:00.000,3.8759689922480627
SMR,2017-01-01 00:00:00.000,3.8511749347258495
SMR,2018-01-01 00:00:00.000,4.00262467191601
SMR,2019-01-01 00:00:00.000,3.328611898016998
SMR,2020-01-01 00:00:00.000,3.314527503526093
SMR,2021-01-01 00:00:00.000,4.03921568627451
SOM,2012-01-01 00:00:00.000,0.0
SOM,2013-01-01 00:00:00.000,0.0
SOM,2014-01-01 00:00:00.000,0.0
SOM,2015-01-01 00:00:00.000,0.0
SOM,2016-01-01 00:00:00.000,0.0
SOM,2017-01-01 00:00:00.000,0.06527415143603177
SOM,2018-01-01 00:00:00.000,0.20997375328083967
SOM,2019-01-01 00:00:00.000,0.9065155807365448
SOM,2020-01-01 00:00:00.000,1.0860366713681247
SOM,2021-01-01 00:00:00.000,0.5882352941176467
SRB,2012-01-01 00:00:00.000,5.807799442896934
SRB,2013-01-01 00:00:00.000,5.813648293963254
SRB,2014-01-01 00:00:00.000,6.057818659658345
SRB,2015-01-01 00:00:00.000,6.136662286465178
SRB,2016-01-01 00:00:00.000,6.4082687338501305
SRB,2017-01-01 00:00:00.000,6.6449086161879904
SRB,2018-01-01 00:00:00.000,6.771653543307086
SRB,2019-01-01 00:00:00.000,7.393767705382439
SRB,2020-01-01 00:00:00.000,7.291960507757405
SRB,2021-01-01 00:00:00.000,6.888888888888889
SSD,2012-01-01 00:00:00.000,0.3621169916434539
SSD,2013-01-01 00:00:00.000,0.4199475065616798
SSD,2014-01-01 00:00:00.000,0.4599211563731931
SSD,2015-01-01 00:00:00.000,0.2890932982917218
SSD,2016-01-01 00:00:00.000,0.06459948320413433
SSD,2017-01-01 00:00:00.000,0.0
SSD,2018-01-01 00:00:00.000,0.0
SSD,2019-01-01 00:00:00.000,0.0
SSD,2020-01-01 00:00:00.000,0.0
SSD,2021-01-01 00:00:00.000,0.0
STP,2012-01-01 00:00:00.000,4.930362116991643
STP,2013-01-01 00:00:00.000,5.695538057742782
STP,2014-01-01 00:00:00.000,5.203679369250986
STP,2015-01-01 00:00:00.000,5.045992115637319
STP,2016-01-01 00:00:00.000,5.594315245478038
STP,2017-01-01 00:00:00.000,5.966057441253264
STP,2018-01-01 00:00:00.000,6.023622047244094
STP,2019-01-01 00:00:00.000,6.5297450424929195
STP,2020-01-01 00:00:00.000,6.558533145275036
STP,2021-01-01 00:00:00.000,5.973856209150327
SUR,2012-01-01 00:00:00.000,6.657381615598885
SUR,2013-01-01 00:00:00.000,6.73228346456693
SUR,2014-01-01 00:00:00.000,6.701708278580815
SUR,2015-01-01 00:00:00.000,6.649145860709593
SUR,2016-01-01 00:00:00.000,7.080103359173128
SUR,2017-01-01 00:00:00.000,7.20626631853786
SUR,2018-01-01 00:00:00.000,7.020997375328084
SUR,2019-01-01 00:00:00.000,7.237960339943344
SUR,2020-01-01 00:00:00.000,7.1650211565585336
SUR,2021-01-01 00:00:00.000,6.61437908496732
SVK,2012-01-01 00:00:00.000,6.838440111420612
SVK,2013-01-01 00:00:00.000,6.706036745406825
SVK,2014-01-01 00:00:00.000,6.846254927726676
SVK,2015-01-01 00:00:00.000,6.95137976346912
SVK,2016-01-01 00:00:00.000,7.118863049095609
SVK,2017-01-01 00:00:00.000,7.323759791122717
SVK,2018-01-01 00:00:00.000,7.545931758530183
SVK,2019-01-01 00:00:00.000,7.7195467422096335
SVK,2020-01-01 00:00:00.000,7.63046544428773
SVK,2021-01-01 00:00:00.000,7.5816993464052285
SVN,2012-01-01 00:00:00.000,7.841225626740947
SVN,2013-01-01 00:00:00.000,7.388451443569554
SVN,2014-01-01 00:00:00.000,7.634691195795007
SVN,2015-01-01 00:00:00.000,7.59526938239159
SVN,2016-01-01 00:00:00.000,7.790697674418606
SVN,2017-01-01 00:00:00.000,7.989556135770236
SVN,2018-01-01 00:00:00.000,8.26771653543307
SVN,2019-01-01 00:00:00.000,8.328611898016998
SVN,2020-01-01 00:00:00.000,8.222849083215799
SVN,2021-01-01 00:00:00.000,8.287581699346404
SWE,2012-01-01 00:00:00.000,8.328690807799441
SWE,2013-01-01 00:00:00.000,8.280839895013123
SWE,2014-01-01 00:00:00.000,8.3311432325887
SWE,2015-01-01 00:00:00.000,8.344283837056505
SWE,2016-01-01 00:00:00.000,8.449612403100776
SWE,2017-01-01 00:00:00.000,8.511749347258487
SWE,2018-01-01 00:00:00.000,8.58267716535433
SWE,2019-01-01 00:00:00.000,8.781869688385271
SWE,2020-01-01 00:00:00.000,8.716502115655853
SWE,2021-01-01 00:00:00.000,8.444444444444445
SWZ,2012-01-01 00:00:00.000,2.506963788300835
SWZ,2013-01-01 00:00:00.000,3.136482939632546
SWZ,2014-01-01 00:00:00.000,3.3639947437582127
SWZ,2015-01-01 00:00:00.000,3.534822601839685
SWZ,2016-01-01 00:00:00.000,3.68217054263566
SWZ,2017-01-01 00:00:00.000,3.91644908616188
SWZ,2018-01-01 00:00:00.000,3.9895013123359577
SWZ,2019-01-01 00:00:00.000,5.3399433427762055
SWZ,2020-01-01 00:00:00.000,5.641748942172074
SWZ,2021-01-01 00:00:00.000,4.392156862745098
SYC,2012-01-01 00:00:00.000,4.735376044568244
SYC,2013-01-01 00:00:00.000,4.89501312335958
SYC,2014-01-01 00:00:00.000,5.216819973718792
SYC,2015-01-01 00:00:00.000,5.295663600525625
SYC,2016-01-01 00:00:00.000,5.29715762273902
SYC,2017-01-01 00:00:00.000,5.130548302872063
SYC,2018-01-01 00:00:00.000,5.183727034120735
SYC,2019-01-01 00:00:00.000,4.589235127478755
SYC,2020-01-01 00:00:00.000,4.65444287729196
SYC,2021-01-01 00:00:00.000,5.38562091503268
SYR,2012-01-01 00:00:00.000,5.417827298050138
SYR,2013-01-01 00:00:00.000,4.934383202099738
SYR,2014-01-01 00:00:00.000,4.901445466491458
SYR,2015-01-01 00:00:00.000,4.914586070959264
SYR,2016-01-01 00:00:00.000,4.935400516795867
SYR,2017-01-01 00:00:00.000,5.339425587467364
SYR,2018-01-01 00:00:00.000,5.393700787401575
SYR,2019-01-01 00:00:00.000,5.76487252124646
SYR,2020-01-01 00:00:00.000,5.825105782792666
SYR,2021-01-01 00:00:00.000,5.633986928104575
TCD,2012-01-01 00:00:00.000,0.9192200557103059
TCD,2013-01-01 00:00:00.000,1.4435695538057747
TCD,2014-01-01 00:00:00.000,1.1957950065703025
TCD,2015-01-01 00:00:00.000,1.0906701708278583
TCD,2016-01-01 00:00:00.000,1.5503875968992253
TCD,2017-01-01 00:00:00.000,1.840731070496084
TCD,2018-01-01 00:00:00.000,1.666666666666666
TCD,2019-01-01 00:00:00.000,0.6657223796034
TCD,2020-01-01 00:00:00.000,0.493653032440057
TCD,2021-01-01 00:00:00.000,1.581699346405229
TGO,2012-01-01 00:00:00.000,3.969359331476322
TGO,2013-01-01 00:00:00.000,4.1732283464566935
TGO,2014-01-01 00:00:00.000,4.375821287779237
TGO,2015-01-01 00:00:00.000,4.270696452036794
TGO,2016-01-01 00:00:00.000,4.250645994832042
TGO,2017-01-01 00:00:00.000,4.817232375979113
TGO,2018-01-01 00:00:00.000,4.68503937007874
TGO,2019-01-01 00:00:00.000,4.334277620396602
TGO,2020-01-01 00:00:00.000,4.4005641748942175
TGO,2021-01-01 00:00:00.000,4.784313725490195
THA,2012-01-01 00:00:00.000,8.760445682451252
THA,2013-01-01 00:00:00.000,8.700787401574804
THA,2014-01-01 00:00:00.000,8.501971090670171
THA,2015-01-01 00:00:00.000,8.501971090670171
THA,2016-01-01 00:00:00.000,8.604651162790699
THA,2017-01-01 00:00:00.000,8.472584856396868
THA,2018-01-01 00:00:00.000,8.41207349081365
THA,2019-01-01 00:00:00.000,8.201133144475921
THA,2020-01-01 00:00:00.000,8.251057827926658
THA,2021-01-01 00:00:00.000,8.535947712418299
TJK,2012-01-01 00:00:00.000,6.573816155988856
TJK,2013-01-01 00:00:00.000,6.679790026246719
TJK,2014-01-01 00:00:00.000,6.741130091984232
TJK,2015-01-01 00:00:00.000,6.754270696452037
TJK,2016-01-01 00:00:00.000,6.937984496124033
TJK,2017-01-01 00:00:00.000,7.036553524804178
TJK,2018-01-01 00:00:00.000,6.850393700787401
TJK,2019-01-01 00:00:00.000,7.18130311614731
TJK,2020-01-01 00:00:00.000,7.136812411847672
TJK,2021-01-01 00:00:00.000,7.215686274509803
TKM,2012-01-01 00:00:00.000,7.24233983286908
TKM,2013-01-01 00:00:00.000,7.375328083989501
TKM,2014-01-01 00:00:00.000,7.358738501971091
TKM,2015-01-01 00:00:00.000,7.345597897503286
TKM,2016-01-01 00:00:00.000,7.36434108527132
TKM,2017-01-01 00:00:00.000,7.323759791122717
TKM,2018-01-01 00:00:00.000,7.283464566929134
TKM,2019-01-01 00:00:00.000,7.110481586402269
TKM,2020-01-01 00:00:00.000,7.094499294781383
TKM,2021-01-01 00:00:00.000,7.202614379084967
TLS,2012-01-01 00:00:00.000,4.596100278551531
TLS,2013-01-01 00:00:00.000,4.63254593175853
TLS,2014-01-01 00:00:00.000,4.835742444152432
TLS,2015-01-01 00:00:00.000,5.098554533508541
TLS,2016-01-01 00:00:00.000,5.271317829457366
TLS,2017-01-01 00:00:00.000,5.45691906005222
TLS,2018-01-01 00:00:00.000,5.656167979002626
TLS,2019-01-01 00:00:00.000,5.665722379603402
TLS,2020-01-01 00:00:00.000,5.825105782792666
TLS,2021-01-01 00:00:00.000,6.0130718954248366
TON,2012-01-01 00:00:00.000,7.200557103064066
TON,2013-01-01 00:00:00.000,7.139107611548557
TON,2014-01-01 00:00:00.000,7.174770039421814
TON,2015-01-01 00:00:00.000,7.2141918528252305
TON,2016-01-01 00:00:00.000,7.183462532299744
TON,2017-01-01 00:00:00.000,7.193211488250654
TON,2018-01-01 00:00:00.000,7.244094488188977
TON,2019-01-01 00:00:00.000,7.167138810198303
TON,2020-01-01 00:00:00.000,7.489421720733428
TON,2021-01-01 00:00:00.000,7.4117647058823515
TTO,2012-01-01 00:00:00.000,7.493036211699163
TTO,2013-01-01 00:00:00.000,7.637795275590552
TTO,2014-01-01 00:00:00.000,7.608409986859396
TTO,2015-01-01 00:00:00.000,7.148488830486203
TTO,2016-01-01 00:00:00.000,7.286821705426357
TTO,2017-01-01 00:00:00.000,7.245430809399478
TTO,2018-01-01 00:00:00.000,7.309711286089239
TTO,2019-01-01 00:00:00.000,7.1954674220963195
TTO,2020-01-01 00:00:00.000,7.066290550070522
TTO,2021-01-01 00:00:00.000,7.163398692810457
TUN,2012-01-01 00:00:00.000,7.116991643454037
TUN,2013-01-01 00:00:00.000,7.414698162729659
TUN,2014-01-01 00:00:00.000,7.503285151116952
TUN,2015-01-01 00:00:00.000,7.516425755584757
TUN,2016-01-01 00:00:00.000,7.4806201550387605
TUN,2017-01-01 00:00:00.000,7.4934725848563986
TUN,2018-01-01 00:00:00.000,7.454068241469817
TUN,2019-01-01 00:00:00.000,8.271954674220966
TUN,2020-01-01 00:00:00.000,8.37799717912553
TUN,2021-01-01 00:00:00.000,7.568627450980392
TUR,2012-01-01 00:00:00.000,7.367688022284122
TUR,2013-01-01 00:00:00.000,7.270341207349082
TUR,2014-01-01 00:00:00.000,7.201051248357425
TUR,2015-01-01 00:00:00.000,7.148488830486203
TUR,2016-01-01 00:00:00.000,7.157622739018089
TUR,2017-01-01 00:00:00.000,7.20626631853786
TUR,2018-01-01 00:00:00.000,7.270341207349081
TUR,2019-01-01 00:00:00.000,7.705382436260626
TUR,2020-01-01 00:00:00.000,7.81382228490832
TUR,2021-01-01 00:00:00.000,7.281045751633986
TUV,2012-01-01 00:00:00.000,1.9359331476323112
TUV,2013-01-01 00:00:00.000,1.9947506561679793
TUV,2014-01-01 00:00:00.000,2.1156373193166886
TUV,2015-01-01 00:00:00.000,2.1024967148488836
TUV,2016-01-01 00:00:00.000,2.196382428940569
TUV,2017-01-01 00:00:00.000,2.2715404699738913
TUV,2018-01-01 00:00:00.000,2.3884514435695534
TUV,2019-01-01 00:00:00.000,1.6288951841359776
TUV,2020-01-01 00:00:00.000,1.607898448519041
TUV,2021-01-01 00:00:00.000,2.4575163398692808
TZA,2012-01-01 00:00:00.000,3.649025069637883
TZA,2013-01-01 00:00:00.000,4.002624671916011
TZA,2014-01-01 00:00:00.000,4.323258869908015
TZA,2015-01-01 00:00:00.000,4.638633377135348
TZA,2016-01-01 00:00:00.000,5.142118863049097
TZA,2017-01-01 00:00:00.000,5.339425587467364
TZA,2018-01-01 00:00:00.000,5.026246719160105
TZA,2019-01-01 00:00:00.000,4.603399433427764
TZA,2020-01-01 00:00:00.000,4.66854724964739
TZA,2021-01-01 00:00:00.000,5.124183006535947
UGA,2012-01-01 00:00:00.000,3.1754874651810585
UGA,2013-01-01 00:00:00.000,3.3989501312335966
UGA,2014-01-01 00:00:00.000,3.6399474375821286
UGA,2015-01-01 00:00:00.000,3.7582128777923787
UGA,2016-01-01 00:00:00.000,3.979328165374678
UGA,2017-01-01 00:00:00.000,4.255874673629243
UGA,2018-01-01 00:00:00.000,4.42257217847769
UGA,2019-01-01 00:00:00.000,3.895184135977339
UGA,2020-01-01 00:00:00.000,3.9069111424541605
UGA,2021-01-01 00:00:00.000,4.392156862745098
UKR,2012-01-01 00:00:00.000,7.270194986072422
UKR,2013-01-01 00:00:00.000,7.283464566929135
UKR,2014-01-01 00:00:00.000,7.017082785808148
UKR,2015-01-01 00:00:00.000,7.003942181340342
UKR,2016-01-01 00:00:00.000,6.925064599483205
UKR,2017-01-01 00:00:00.000,6.997389033942561
UKR,2018-01-01 00:00:00.000,7.060367454068241
UKR,2019-01-01 00:00:00.000,7.37960339943343
UKR,2020-01-01 00:00:00.000,7.55994358251058
UKR,2021-01-01 00:00:00.000,7.372549019607844
URY,2012-01-01 00:00:00.000,8.161559888579387
URY,2013-01-01 00:00:00.000,8.162729658792651
URY,2014-01-01 00:00:00.000,8.160315374507228
URY,2015-01-01 00:00:00.000,7.989487516425756
URY,2016-01-01 00:00:00.000,7.77777777777778
URY,2017-01-01 00:00:00.000,7.819843342036554
URY,2018-01-01 00:00:00.000,7.847769028871391
URY,2019-01-01 00:00:00.000,8.116147308781873
URY,2020-01-01 00:00:00.000,8.265162200282088
URY,2021-01-01 00:00:00.000,7.830065359477123
USA,2012-01-01 00:00:00.000,6.963788300835654
USA,2013-01-01 00:00:00.000,6.706036745406825
USA,2014-01-01 00:00:00.000,6.8856767411300925
USA,2015-01-01 00:00:00.000,6.8856767411300925
USA,2016-01-01 00:00:00.000,6.9121447028423795
USA,2017-01-01 00:00:00.000,7.023498694516972
USA,2018-01-01 00:00:00.000,7.204724409448819
USA,2019-01-01 00:00:00.000,7.1246458923512765
USA,2020-01-01 00:00:00.000,6.9111424541607915
USA,2021-01-01 00:00:00.000,7.019607843137255
UZB,2012-01-01 00:00:00.000,7.896935933147631
UZB,2013-01-01 00:00:00.000,8.05774278215223
UZB,2014-01-01 00:00:00.000,8.068331143232587
UZB,2015-01-01 00:00:00.000,8.002628120893561
UZB,2016-01-01 00:00:00.000,8.126614987080105
UZB,2017-01-01 00:00:00.000,8.015665796344647
UZB,2018-01-01 00:00:00.000,7.939632545931759
UZB,2019-01-01 00:00:00.000,7.932011331444761
UZB,2020-01-01 00:00:00.000,7.884344146685472
UZB,2021-01-01 00:00:00.000,7.790849673202613
VCT,2012-01-01 00:00:00.000,6.518105849582172
VCT,2013-01-01 00:00:00.000,6.640419947506562
VCT,2014-01-01 00:00:00.000,6.609724047306177
VCT,2015-01-01 00:00:00.000,6.596583442838371
VCT,2016-01-01 00:00:00.000,6.602067183462534
VCT,2017-01-01 00:00:00.000,6.501305483028721
VCT,2018-01-01 00:00:00.000,6.482939632545931
VCT,2019-01-01 00:00:00.000,7.56373937677054
VCT,2020-01-01 00:00:00.000,7.71509167842031
VCT,2021-01-01 00:00:00.000,6.601307189542483
VEN,2012-01-01 00:00:00.000,7.534818941504177
VEN,2013-01-01 00:00:00.000,7.401574803149607
VEN,2014-01-01 00:00:00.000,7.45072273324573
VEN,2015-01-01 00:00:00.000,7.424441524310119
VEN,2016-01-01 00:00:00.000,7.428940568475454
VEN,2017-01-01 00:00:00.000,8.093994778067886
VEN,2018-01-01 00:00:00.000,8.044619422572179
VEN,2019-01-01 00:00:00.000,7.9603399433427775
VEN,2020-01-01 00:00:00.000,7.940761636107195
VEN,2021-01-01 00:00:00.000,7.895424836601306
VNM,2012-01-01 00:00:00.000,8.286908077994429
VNM,2013-01-01 00:00:00.000,8.293963254593177
VNM,2014-01-01 00:00:00.000,8.252299605781866
VNM,2015-01-01 00:00:00.000,8.107752956636006
VNM,2016-01-01 00:00:00.000,7.9844961240310095
VNM,2017-01-01 00:00:00.000,7.950391644908617
VNM,2018-01-01 00:00:00.000,8.123359580052494
VNM,2019-01-01 00:00:00.000,7.56373937677054
VNM,2020-01-01 00:00:00.000,7.57404795486601
VNM,2021-01-01 00:00:00.000,7.882352941176469
VUT,2012-01-01 00:00:00.000,6.0445682451253475
VUT,2013-01-01 00:00:00.000,5.853018372703412
VUT,2014-01-01 00:00:00.000,6.320630749014455
VUT,2015-01-01 00:00:00.000,5.834428383705651
VUT,2016-01-01 00:00:00.000,6.033591731266151
VUT,2017-01-01 00:00:00.000,6.148825065274153
VUT,2018-01-01 00:00:00.000,5.8267716535433065
VUT,2019-01-01 00:00:00.000,5.184135977337112
VUT,2020-01-01 00:00:00.000,5.190409026798307
VUT,2021-01-01 00:00:00.000,5.647058823529411
WSM,2012-01-01 00:00:00.000,7.033426183844011
WSM,2013-01-01 00:00:00.000,7.0209973753280845
WSM,2014-01-01 00:00:00.000,7.030223390275953
WSM,2015-01-01 00:00:00.000,7.030223390275953
WSM,2016-01-01 00:00:00.000,7.015503875968994
WSM,2017-01-01 00:00:00.000,6.932114882506529
WSM,2018-01-01 00:00:00.000,7.178477690288713
WSM,2019-01-01 00:00:00.000,7.46458923512748
WSM,2020-01-01 00:00:00.000,7.57404795486601
WSM,2021-01-01 00:00:00.000,7.307189542483659
YEM,2012-01-01 00:00:00.000,3.1337047353760443
YEM,2013-01-01 00:00:00.000,3.5826771653543306
YEM,2014-01-01 00:00:00.000,3.2851511169513805
YEM,2015-01-01 00:00:00.000,3.1406044678055203
YEM,2016-01-01 00:00:00.000,3.152454780361758
YEM,2017-01-01 00:00:00.000,3.446475195822454
YEM,2018-01-01 00:00:00.000,2.9790026246719163
YEM,2019-01-01 00:00:00.000,3.6260623229461766
YEM,2020-01-01 00:00:00.000,3.723554301833568
YEM,2021-01-01 00:00:00.000,3.4771241830065356
ZAF,2012-01-01 00:00:00.000,4.3036211699164335
ZAF,2013-01-01 00:00:00.000,4.448818897637795
ZAF,2014-01-01 00:00:00.000,4.441524310118266
ZAF,2015-01-01 00:00:00.000,4.362680683311432
ZAF,2016-01-01 00:00:00.000,4.1472868217054275
ZAF,2017-01-01 00:00:00.000,4.1644908616188
ZAF,2018-01-01 00:00:00.000,4.1732283464566935
ZAF,2019-01-01 00:00:00.000,5.76487252124646
ZAF,2020-01-01 00:00:00.000,6.008462623413258
ZAF,2021-01-01 00:00:00.000,4.065359477124183
ZMB,2012-01-01 00:00:00.000,3.272980501392757
ZMB,2013-01-01 00:00:00.000,3.3989501312335966
ZMB,2014-01-01 00:00:00.000,3.7450722733245727
ZMB,2015-01-01 00:00:00.000,3.416557161629436
ZMB,2016-01-01 00:00:00.000,3.449612403100776
ZMB,2017-01-01 00:00:00.000,3.446475195822454
ZMB,2018-01-01 00:00:00.000,3.517060367454069
ZMB,2019-01-01 00:00:00.000,3.6685552407932027
ZMB,2020-01-01 00:00:00.000,3.582510578279267
ZMB,2021-01-01 00:00:00.000,3.320261437908496
ZWE,2012-01-01 00:00:00.000,4.6935933147632305
ZWE,2013-01-01 00:00:00.000,5.1574803149606305
ZWE,2014-01-01 00:00:00.000,5.1248357424441515
ZWE,2015-01-01 00:00:00.000,5.16425755584757
ZWE,2016-01-01 00:00:00.000,4.948320413436694
ZWE,2017-01-01 00:00:00.000,4.725848563968668
ZWE,2018-01-01 00:00:00.000,4.566929133858268
ZWE,2019-01-01 00:00:00.000,4.26345609065156
ZWE,2020-01-01 00:00:00.000,4.414668547249647
ZWE,2021-01-01 00:00:00.000,4.718954248366012
