Country Name,Country Code,Series Name,Series Code,2011 [YR2011],2012 [YR2012],2013 [YR2013],2014 [YR2014],2015 [YR2015],2016 [YR2016],2017 [YR2017],2018 [YR2018],2019 [YR2019],2020 [YR2020],2021 [YR2021]
Afghanistan,AFG,GDP per capita (current US$),NY.GDP.PCAP.CD,621.912310861592,663.141052810937,651.987861948108,628.146803888496,592.476537451681,520.252064031151,530.149830802984,502.056770622973,500.522664145294,516.866552182696,368.754614175459
Albania,ALB,GDP per capita (current US$),NY.GDP.PCAP.CD,4437.14261222684,4247.63004748194,4413.06200528903,4578.63320812155,3952.80253807527,4124.05538986272,4531.0193737689,5287.66369446913,5396.21586434732,5332.16047456847,6492.87201224634
Algeria,DZA,GDP per capita (current US$),NY.GDP.PCAP.CD,5473.2805504316,5610.73089400516,5519.77757552373,5516.23060417242,4197.42136055142,3967.19945122178,4134.93671999429,4171.79501086373,4022.15018374716,3337.25251157504,3690.62787797599
American Samoa,ASM,GDP per capita (current US$),NY.GDP.PCAP.CD,10495.3047320935,11920.0610903131,12038.8715916596,12313.9973571825,13101.5418159165,13300.8246114811,12372.8847825647,13195.9358995539,13672.576657298,15501.5263374397,15743.3107582991
Andorra,AND,GDP per capita (current US$),NY.GDP.PCAP.CD,51429.1919196159,44904.5800426279,44750.4356804443,45682.2462308595,38885.3760140905,39932.1644867147,40632.4843928243,42903.4435794631,41327.5020305489,37207.4938608348,42137.3272710372
Angola,AGO,GDP per capita (current US$),NY.GDP.PCAP.CD,4511.15322719034,4962.55207190082,5101.98387641128,5059.08044128816,3100.83068530533,1709.51553404553,2283.21423255725,2487.50099555267,2142.23875712854,1603.99347745326,1953.53375721508
Antigua and Barbuda,ATG,GDP per capita (current US$),NY.GDP.PCAP.CD,13117.1469408968,13686.4765853976,13350.149136673,14004.8112122163,14861.8827074704,15862.6516627488,16110.5562811025,17527.1696291931,18319.4560540762,14787.6357752901,15781.3957017982
Argentina,ARG,GDP per capita (current US$),NY.GDP.PCAP.CD,12848.8641969705,13082.664325572,13080.2547323367,12334.7982453893,13789.060424772,12790.2424732447,14613.041824658,11795.1593866287,9963.6725062053,8496.42414176374,10636.1201956183
Armenia,ARM,GDP per capita (current US$),NY.GDP.PCAP.CD,3462.6816110805,3643.71518342262,3833.1575324911,4017.22980824942,3666.1418758065,3679.95197212365,4041.99502080997,4391.92369729686,4828.50517771789,4505.86736397124,4966.51347122366
Aruba,ABW,GDP per capita (current US$),NY.GDP.PCAP.CD,26044.4359333351,25609.9557239373,26515.678080228,26942.3079764655,28421.3864931862,28451.2737445083,29326.7080582111,30220.5945232395,31650.7605367511,24487.8635601966,29342.1008575886
Australia,AUS,GDP per capita (current US$),NY.GDP.PCAP.CD,62596.4321748915,68044.714816234,68158.5797427053,62513.4112171122,56710.4457244504,49875.5651433836,53936.1402549903,57207.8715094806,54941.4341793948,51720.3707634401,60443.1091649968
Austria,AUT,GDP per capita (current US$),NY.GDP.PCAP.CD,51442.2762464407,48564.9173350875,50731.1272541847,51786.3771747905,44195.8175947748,45307.5878620429,47429.1584564387,51466.5565633634,50070.4033482901,48809.2268762243,53637.7057109897
Azerbaijan,AZE,GDP per capita (current US$),NY.GDP.PCAP.CD,7189.69122920765,7496.29464768263,7875.75695254288,7891.31314749986,5500.31038244408,3880.73873089556,4147.08971569171,4739.84171028393,4805.75371765917,4229.91064904503,5387.99797495383
"Bahamas, The",BHS,GDP per capita (current US$),NY.GDP.PCAP.CD,26644.9265775896,28059.6553953426,27389.6019706988,28720.6621934516,30206.2404347372,29887.1648786795,30969.8761966819,31738.2671569969,32610.4850490784,23862.7109929122,27478.3896289831
Bahrain,BHR,GDP per capita (current US$),NY.GDP.PCAP.CD,23741.5574626702,25102.726348527,25790.7303121382,25464.760097715,22795.4488576612,22867.1811196134,24349.9098701325,25415.8466249472,25869.1129129041,23501.9194628168,26562.9691354026
Bangladesh,BGD,GDP per capita (current US$),NY.GDP.PCAP.CD,856.381586098739,876.817545058129,973.773392636423,1108.51509983546,1236.00506049059,1659.96160523559,1815.6094264579,1963.41185467584,2122.07885124799,2233.30552399269,2457.92487986361
Barbados,BRB,GDP per capita (current US$),NY.GDP.PCAP.CD,16907.2092592727,16691.3326357636,16893.6062702039,16924.1903399365,16990.2194668498,17343.7254395315,17843.1979282703,18224.8905923744,19002.9623813263,16643.8065787177,17225.4623044097
Belarus,BLR,GDP per capita (current US$),NY.GDP.PCAP.CD,6527.17386871642,6953.13251493684,7998.12523878099,8341.39967861093,5967.05220384914,5039.68188628499,5785.67067254068,6360.06247301284,6837.71782606351,6542.79749130553,7302.25779418774
Belgium,BEL,GDP per capita (current US$),NY.GDP.PCAP.CD,47410.5669277464,44670.5606845101,46757.9518559598,47764.0715120833,41008.296719472,42012.6227191016,44198.4823908691,47544.9811472757,46638.6813054855,45517.7949301847,51247.0143531626
Belize,BLZ,GDP per capita (current US$),NY.GDP.PCAP.CD,5521.36627642336,5645.89582239311,5887.93343545467,6068.08860885237,6142.47883269283,6148.70696109313,6100.99468097883,6059.16255306675,6210.56554311929,5266.87616004213,6228.26730928353
Benin,BEN,GDP per capita (current US$),NY.GDP.PCAP.CD,1099.4143113919,1112.56953520687,1214.29556576586,1251.5047654269,1041.65252315983,1049.82030349923,1095.27445905119,1194.43821427144,1170.96553298099,1237.94929535039,1319.1549945174
Bermuda,BMU,GDP per capita (current US$),NY.GDP.PCAP.CD,97774.1620717428,98431.8651810241,99471.6388978631,98467.683993982,102005.62564189,106885.878489327,111820.581466347,113050.73688163,116153.166121638,107791.886435134,114090.328338579
Bhutan,BTN,GDP per capita (current US$),NY.GDP.PCAP.CD,2491.27167707216,2470.07367669349,2409.44185615811,2589.89975441133,2695.63877250025,2879.54712101999,3240.70476560368,3210.70626919782,3303.96421053812,3009.92417072191,3266.36490519183
Bolivia,BOL,GDP per capita (current US$),NY.GDP.PCAP.CD,2304.96983521132,2562.46678423329,2853.79716191598,3022.46288443562,2975.64881137847,3013.5027077617,3280.00821346382,3471.00695064499,3472.38083075685,3068.81255507604,3345.19658873831
Bosnia and Herzegovina,BIH,GDP per capita (current US$),NY.GDP.PCAP.CD,4981.03568097896,4688.37662297884,5025.07459738709,5196.86080042254,4599.90102879933,4858.77592634808,5255.80705791233,5936.10150173874,6011.37067052755,6012.06276705855,7143.3105484321
Botswana,BWA,GDP per capita (current US$),NY.GDP.PCAP.CD,7080.81281326927,6393.00826546062,6436.60944956683,6844.02028762371,5869.73294292043,6411.5271592539,6705.35186204355,6947.80081217637,6679.16767381458,5863.20324072216,6805.22127398897
Brazil,BRA,GDP per capita (current US$),NY.GDP.PCAP.CD,13200.7850823986,12327.3174365132,12258.5031683848,12071.1582132348,8783.22598387817,8680.76879182018,9896.68478335903,9121.08340257783,8845.25911841876,6794.48915877166,7507.16097080234
British Virgin Islands,VGB,GDP per capita (current US$),NY.GDP.PCAP.CD,..,..,..,..,..,..,..,..,..,..,..
Brunei Darussalam,BRN,GDP per capita (current US$),NY.GDP.PCAP.CD,46139.5844090516,46842.9602563885,43948.8511672852,41037.0726485073,30681.6794391894,26762.9456464617,28186.8030267778,31241.4539554095,30748.7374865551,27179.4119853371,31449.0765620727
Bulgaria,BGR,GDP per capita (current US$),NY.GDP.PCAP.CD,7849.16528274432,7432.47876568071,7681.93461995882,7901.78587639382,7074.68102325059,7569.47881476759,8366.29322145748,9446.71709419731,9879.33434282707,10129.8129597638,12221.4966064171
Burkina Faso,BFA,GDP per capita (current US$),NY.GDP.PCAP.CD,727.6125146559,733.972934218398,762.303817145668,767.371390675917,632.12668368394,665.786345451309,711.184604673297,779.202709700092,772.166894917835,833.244342636324,893.077155776863
Burundi,BDI,GDP per capita (current US$),NY.GDP.PCAP.CD,236.451353673737,238.205949387117,241.54767083565,257.818551909332,289.359633280865,242.065670543589,243.135809436375,231.446476548394,216.972968085123,216.826741341377,221.477676223363
Cabo Verde,CPV,GDP per capita (current US$),NY.GDP.PCAP.CD,3537.13983732298,3262.6470579856,3427.17717233918,3405.93344748456,2891.88448249992,2978.19942029293,3132.62179827279,3442.74200302219,3434.56274492859,2924.10180677162,3293.23305430614
Cambodia,KHM,GDP per capita (current US$),NY.GDP.PCAP.CD,880.310304425532,950.482544612158,1015.2208813493,1098.07453750857,1170.74281578324,1281.10596442243,1400.89926039107,1533.31598466695,1671.38538492515,1577.91174726099,1625.23501955454
Cameroon,CMR,GDP per capita (current US$),NY.GDP.PCAP.CD,1497.92666739037,1433.72403512901,1559.13912494614,1631.71408426148,1399.67533119236,1426.0655172286,1479.86234930121,1594.05998970315,1538.68794663506,1539.13055856256,1666.93273443122
Canada,CAN,GDP per capita (current US$),NY.GDP.PCAP.CD,52223.696112356,52669.0899632316,52635.1749580433,50955.9983232404,43596.1355365546,42315.6037056806,45129.4292980922,46548.6384108296,46328.6718408497,43258.2638715601,51987.9390529728
Cayman Islands,CYM,GDP per capita (current US$),NY.GDP.PCAP.CD,75438.3300106746,75468.8534358117,75688.0821511978,76613.4065500634,77298.6280551844,78861.1192668733,81258.0377580086,85234.8427208773,89871.9131394463,83329.4587744645,86568.7696368603
Central African Republic,CAF,GDP per capita (current US$),NY.GDP.PCAP.CD,515.209531914838,525.86754317732,352.226871986924,394.856956966036,351.879753579186,372.135465512503,414.740286565386,435.932263645028,426.408762581226,435.469251582856,461.137490166508
Chad,TCD,GDP per capita (current US$),NY.GDP.PCAP.CD,988.194214568524,969.616214938776,980.083591998081,1017.7878239279,774.411600504375,691.980094943092,662.897530045018,720.265046964353,701.621216594764,643.772221286329,685.690284124456
Channel Islands,CHI,GDP per capita (current US$),NY.GDP.PCAP.CD,..,..,..,..,..,..,..,..,..,..,..
Chile,CHL,GDP per capita (current US$),NY.GDP.PCAP.CD,14628.5724573037,15406.4929435446,15833.2752047998,14666.3435315712,13569.9478008231,13785.6883317516,15045.5276791243,15795.7084630954,14631.9468779229,13094.4595313609,16265.0959767147
China,CHN,GDP per capita (current US$),NY.GDP.PCAP.CD,5614.35213522574,6300.61511825789,7020.33848453658,7636.11660125265,8016.43143498352,8094.36336674652,8816.98690451883,9905.34200388822,10143.8381955585,10408.6697561349,12556.3331200058
Colombia,COL,GDP per capita (current US$),NY.GDP.PCAP.CD,7392.45236079278,8101.82909177914,8264.1268955859,8164.71449537797,6228.4262990412,5938.46385585875,6450.31958548124,6782.03792033195,6438.06018290435,5307.21522798919,6104.1367093039
Comoros,COM,GDP per capita (current US$),NY.GDP.PCAP.CD,1526.83250550796,1483.95137964493,1595.98989563495,1608.68786375537,1322.93669549676,1357.26626338776,1414.586566491,1531.33797185868,1510.79735809965,1519.58682298786,1577.47102705052
"Congo, Dem. Rep.",COD,GDP per capita (current US$),NY.GDP.PCAP.CD,376.374981122052,412.776268166757,444.864360951453,472.266227045325,482.0645483336,456.027931170745,451.089098377617,546.212593877879,575.882790805511,524.666675441091,577.209215199828
"Congo, Rep.",COG,GDP per capita (current US$),NY.GDP.PCAP.CD,3415.06256258418,3753.86120747571,3719.65121681283,3622.53029274349,2347.81849884859,1970.25024887995,2088.50011733964,2512.38397871635,2288.80813763495,1838.44813852491,2290.38289133244
Costa Rica,CRI,GDP per capita (current US$),NY.GDP.PCAP.CD,9137.45582337247,9971.65090241867,10633.2672527524,10737.6788809612,11529.9545258398,11899.8132624909,12118.1334111458,12383.1499737386,12669.341068679,12132.8768848243,12472.4437294954
Cote d'Ivoire,CIV,GDP per capita (current US$),NY.GDP.PCAP.CD,1701.70473363773,1649.30173900093,1903.05432119282,2124.01955857681,1941.56633627815,1980.87814206612,2076.14799980549,2275.4959502948,2238.81100489009,2288.11949762033,2549.04129724734
Croatia,HRV,GDP per capita (current US$),NY.GDP.PCAP.CD,14812.8694716528,13443.1352298628,13871.3299049143,13784.4783575033,11952.3111753908,12552.2553786198,13655.8159387619,15244.4310483476,15331.8830536722,14198.7539594744,17685.3252834553
Cuba,CUB,GDP per capita (current US$),NY.GDP.PCAP.CD,6106.0067919258,6467.33791422804,6814.24384354868,7117.52691001591,7683.75789050585,8055.88990736388,8543.36096849045,8831.90722233737,9139.41585605765,9499.59020230432,..
Curacao,CUW,GDP per capita (current US$),NY.GDP.PCAP.CD,19446.4565747102,19886.6783682132,19762.739621629,19552.660553207,19260.269845345,18881.8306152417,18788.8072839326,18956.0979741907,19024.1771511889,16109.8617501685,17717.5964802588
Cyprus,CYP,GDP per capita (current US$),NY.GDP.PCAP.CD,32486.4296875,28993.349609375,27799.119140625,27245.365234375,23487.125,24715.73046875,26697.171875,29418.935546875,29417.138671875,28036.189453125,31551.81640625
Czechia,CZE,GDP per capita (current US$),NY.GDP.PCAP.CD,21871.2660754128,19870.8012123403,20133.1691431353,19890.9199056648,17829.6983223668,18575.2320271915,20636.199952435,23424.4804601855,23664.8478631108,22992.8793833348,26821.2452279995
Denmark,DNK,GDP per capita (current US$),NY.GDP.PCAP.CD,61753.647131977,58507.5080517852,61191.1937042028,62548.9847332908,53254.8563700916,54663.9983719195,57610.0981801135,61591.9288698958,59592.9806886454,60915.4243995462,68007.7566732954
Djibouti,DJI,GDP per capita (current US$),NY.GDP.PCAP.CD,1322.72625083956,1418.46085811933,2102.19794830208,2239.11453821208,2409.31190224284,2545.73879850905,2655.73321960188,2755.83829341814,2876.04366371536,2917.9962809563,3150.43672926335
Dominica,DMA,GDP per capita (current US$),NY.GDP.PCAP.CD,7288.49794777466,7054.87597689432,7240.67911908479,7498.91752183776,7724.04241057376,8223.04145029796,7408.09130082314,7833.19501250117,8561.58701121461,7003.46989117043,7653.17187042868
Dominican Republic,DOM,GDP per capita (current US$),NY.GDP.PCAP.CD,5859.37921671885,6049.47174094956,6171.29556968327,6533.66686007327,6838.93659408348,7191.07657188469,7513.49134309925,7947.15820732109,8173.33800656006,7167.91915908327,8476.75215730978
Ecuador,ECU,GDP per capita (current US$),NY.GDP.PCAP.CD,5202.65645902066,5678.45572070003,6050.3546113274,6374.6314856366,6130.58667556768,6079.08873612077,6246.40425217932,6321.34940071717,6233.25816692363,5645.19928965332,5965.13287054416
"Egypt, Arab Rep.",EGY,GDP per capita (current US$),NY.GDP.PCAP.CD,2645.6225349104,3059.13542779204,3088.8908340843,3196.86138078687,3370.38244716015,3331.61246134688,2315.89662651245,2407.08654343598,2869.57658843903,3398.80143153083,3698.83498105861
El Salvador,SLV,GDP per capita (current US$),NY.GDP.PCAP.CD,3304.97418347889,3471.05126865498,3555.16209958481,3638.51765819162,3761.51368000275,3870.31298246063,3986.04901435439,4145.86235103186,4280.28840404719,3903.39583878605,4551.18466141298
Equatorial Guinea,GNQ,GDP per capita (current US$),NY.GDP.PCAP.CD,18659.4170544306,18756.4264233373,17644.5951619429,16804.9259482413,9788.98377058219,8035.30786982776,8410.39725012272,8719.18621660567,7317.39018853546,6327.59901151363,7506.66752306086
Eritrea,ERI,GDP per capita (current US$),NY.GDP.PCAP.CD,643.790042311239,..,..,..,..,..,..,..,..,..,..
Estonia,EST,GDP per capita (current US$),NY.GDP.PCAP.CD,17487.8047830922,17403.2053254767,19056.0019226989,20261.0667303886,17402.0376128079,18295.3429322114,20437.765376736,23165.8494786437,23424.4847073518,23595.2436836441,27943.701219882
Eswatini,SWZ,GDP per capita (current US$),NY.GDP.PCAP.CD,4360.97918640339,4396.56251946722,4111.10964734079,3928.50682779538,3583.31129031343,3339.99289890327,3824.04678338499,4020.27305022394,3843.3773913814,3372.89560064925,3978.4035281759
Ethiopia,ETH,GDP per capita (current US$),NY.GDP.PCAP.CD,348.001348291465,458.550920793057,490.791804039986,557.534148360438,630.31268211446,705.616304982959,755.751767671957,758.299059582623,840.449451464836,918.652594077418,925.077428048534
Faroe Islands,FRO,GDP per capita (current US$),NY.GDP.PCAP.CD,51786.5967438257,50156.8509738445,55560.2517393911,60125.7721171364,52726.7422373484,56834.0685101682,59328.1747680852,62576.9899253899,63383.196148417,61980.2900239725,69010.3098011151
Fiji,FJI,GDP per capita (current US$),NY.GDP.PCAP.CD,4160.68402100408,4359.77534993306,4586.89792093973,5305.19092336933,5105.26262664449,5368.42324040397,5825.1292069741,6073.33638842434,5968.30055949885,4864.11704680273,4646.6127232145
Finland,FIN,GDP per capita (current US$),NY.GDP.PCAP.CD,51148.9316365833,47708.0612784469,49892.2233632732,50327.2402902632,42801.9081167285,43814.0265056965,46412.1364777169,49987.6261584968,48629.8582283032,49170.7521512441,53654.7502964259
France,FRA,GDP per capita (current US$),NY.GDP.PCAP.CD,43846.4660764798,40870.8523645734,42602.7179652667,43068.5487241739,36652.9223052178,37062.5335723829,38781.0494870836,41557.8548588876,40494.8982936276,39055.2829280754,43658.9789781222
French Polynesia,PYF,GDP per capita (current US$),NY.GDP.PCAP.CD,21747.9766649747,19864.5380524315,20941.5222349581,21223.0837572513,18252.5199732421,18726.6422497652,19743.9549091166,20614.8988564664,20023.5047046924,18910.3801296387,19914.6035133645
Gabon,GAB,GDP per capita (current US$),NY.GDP.PCAP.CD,10273.7990117299,9348.5155721976,9250.08156410837,9255.36859701951,7090.45460996325,6722.1983928425,6975.69579258695,7694.90604516325,7523.8622784598,6680.08267035383,8635.32569443437
"Gambia, The",GMB,GDP per capita (current US$),NY.GDP.PCAP.CD,705.477974263661,686.558285433815,647.385300507399,561.649123155962,611.671334233568,640.676678884585,632.001146190196,683.324363124911,722.874793145171,704.029916035493,772.152395143237
Georgia,GEO,GDP per capita (current US$),NY.GDP.PCAP.CD,4021.74330617286,4421.81824228013,4623.74572473419,4739.18833846421,4014.18594419329,4062.16988757379,4357.00093554628,4722.0424231414,4696.15058555612,4255.74299321254,5023.27437961979
Germany,DEU,GDP per capita (current US$),NY.GDP.PCAP.CD,46705.8957963353,43855.8544658618,46298.9229177341,48023.8699845462,41103.2564363768,42136.1207907991,44652.5891722719,47939.2782884504,46793.6867616004,46772.8253507545,51203.5544731043
Ghana,GHA,GDP per capita (current US$),NY.GDP.PCAP.CD,1501.08385003017,1536.59184802508,2282.34990530706,1942.90509974861,1711.29066611485,1900.40593746601,1998.73797992081,2180.04157022729,2167.91158941087,2176.57945945697,2363.29929621422
Gibraltar,GIB,GDP per capita (current US$),NY.GDP.PCAP.CD,..,..,..,..,..,..,..,..,..,..,..
Greece,GRC,GDP per capita (current US$),NY.GDP.PCAP.CD,25483.8825644931,21912.9982879517,21787.7877636035,21616.7100094908,18083.8779056547,17923.9668134716,18582.0893411631,19756.990456255,19144.284387556,17658.9473011192,20192.5963039061
Greenland,GRL,GDP per capita (current US$),NY.GDP.PCAP.CD,47186.9814680048,45936.7659516989,47535.5899453685,50484.9275739023,44536.4013080999,48181.874188064,50766.5994182748,54545.2999786248,53256.2440862119,54571.2091605745,..
Grenada,GRD,GDP per capita (current US$),NY.GDP.PCAP.CD,6775.7525011393,6900.77178600369,7205.26838352312,7726.40965652867,8379.62184743156,8849.51353500776,9309.23066697663,9574.27987254478,9887.92074235834,8437.56673228706,9010.57224466261
Guam,GUM,GDP per capita (current US$),NY.GDP.PCAP.CD,30087.7155914011,31642.1462570316,32318.8908975541,33483.9414359299,34522.3779304433,35052.8079075238,35663.0250406273,35902.725903793,37752.633077142,34780.8616624614,35904.8635462723
Guatemala,GTM,GDP per capita (current US$),NY.GDP.PCAP.CD,3228.0457411296,3355.03691881272,3522.77370621475,3779.64233613025,3994.63691288475,4173.30166619474,4454.04814983548,4485.73125489372,4647.69334663252,4604.57667897864,5025.5422907779
Guinea,GIN,GDP per capita (current US$),NY.GDP.PCAP.CD,644.50254459569,707.967680829951,757.692269162995,774.569037046568,756.425594058563,720.473253567737,843.464278862423,944.417266210548,1043.8998820932,1073.65933709951,1189.17599946631
Guinea-Bissau,GNB,GDP per capita (current US$),NY.GDP.PCAP.CD,683.534513296715,598.572671326768,616.159958468139,605.122583085693,585.957010585942,642.666406419137,718.2457991071,781.644309083979,730.611448705215,710.258138543444,795.118569260485
Guyana,GUY,GDP per capita (current US$),NY.GDP.PCAP.CD,4960.00472639074,5461.39096662381,5576.24930990457,5495.37619674792,5668.42976474423,5905.38019563205,6220.97856820609,6094.90885870963,6477.29672607993,6863.07434593017,9998.54431136155
Haiti,HTI,GDP per capita (current US$),NY.GDP.PCAP.CD,1306.84612967841,1356.17288178571,1452.3121444609,1453.91747709273,1404.15521407257,1305.57129738556,1384.0383724393,1494.2249622283,1324.84400548618,1283.14082978936,1829.59304417211
Honduras,HND,GDP per capita (current US$),NY.GDP.PCAP.CD,2053.96425516299,2107.35083070622,2064.54840619818,2164.42021860394,2257.2227122596,2295.53807949199,2403.30445120081,2457.68892139081,2519.37019370185,2354.11961431042,2771.71746050946
"Hong Kong SAR, China",HKG,GDP per capita (current US$),NY.GDP.PCAP.CD,35142.4879344543,36730.8767001128,38403.7777145477,40315.2855640552,42431.8882817277,43733.9163612828,46160.429791493,48537.5668888343,48356.0635043614,46107.7652757721,49800.5424137576
Hungary,HUN,GDP per capita (current US$),NY.GDP.PCAP.CD,14234.471576937,12984.8365730133,13715.0703590361,14294.2584180751,12717.038597002,13104.6995457458,14621.2395956755,16425.1012999059,16782.9524639857,16120.9890495243,18728.1218948689
Iceland,ISL,GDP per capita (current US$),NY.GDP.PCAP.CD,47714.5922308485,45995.5478789467,49804.9829978371,54576.7448146565,52951.6815110898,61987.9263620283,72010.1490316258,74461.479998678,68853.71521658,59200.1779441092,68727.636664709
India,IND,GDP per capita (current US$),NY.GDP.PCAP.CD,1449.60178853415,1434.01819806113,1438.05748041006,1559.86451848257,1590.17391842781,1714.28035526737,1957.968841235,1974.37778792366,2047.23270433512,1910.42147282449,2256.59040870506
Indonesia,IDN,GDP per capita (current US$),NY.GDP.PCAP.CD,3613.80090208324,3668.21207047486,3602.88551680629,3476.62485324343,3322.58168813599,3558.81885229219,3839.78506857872,3902.6616681577,4151.22754296453,3894.27220196922,4332.70928089396
"Iran, Islamic Rep.",IRN,GDP per capita (current US$),NY.GDP.PCAP.CD,8201.58170850865,8329.00204422921,6280.68185751355,5757.54333684193,4990.93679760475,5497.24322713074,5758.59071996595,3873.99534020792,3277.875595507,2746.42044957439,4091.20918670534
Iraq,IRQ,GDP per capita (current US$),NY.GDP.PCAP.CD,5736.89895897239,6437.50307624074,6612.90225210234,6215.98603314029,4416.94304894546,4305.20270154631,4725.19357334032,5601.46706102705,5621.18169491752,4332.30412463995,4775.3774539013
Ireland,IRL,GDP per capita (current US$),NY.GDP.PCAP.CD,52183.1329312154,49054.6974340641,51546.3547634545,55643.0594338748,62053.9844381587,62895.9111239282,69970.9489145762,79250.3878517684,80927.0746710666,85420.1908556097,100172.079253421
Isle of Man,IMN,GDP per capita (current US$),NY.GDP.PCAP.CD,77843.4900020107,79332.2715559227,83199.6195628281,91885.607793653,84759.345951354,82045.4388430866,83507.7976140431,89429.6545852014,87157.4714603395,..,..
Israel,ISR,GDP per capita (current US$),NY.GDP.PCAP.CD,34354.7161182231,33156.2283157638,36941.8423573582,38259.6810956173,36206.5222171621,37690.4739511859,41114.7817082553,42406.8454263606,44452.2325623093,44846.7915954816,52170.7118623335
Italy,ITA,GDP per capita (current US$),NY.GDP.PCAP.CD,38649.6394836789,35051.5212697703,35560.0814062288,35565.7213771496,30242.3861352184,30960.7315088902,32406.7203150134,34622.1696664741,33673.7509627421,31911.0357890017,35657.4975631691
Jamaica,JAM,GDP per capita (current US$),NY.GDP.PCAP.CD,5259.92948717911,5365.24229295272,5143.72131166933,4991.56551872824,5077.55062188355,5022.70471701644,5273.15074381723,5594.49393466948,5626.17117652759,4897.26589668631,5183.58130458676
Japan,JPN,GDP per capita (current US$),NY.GDP.PCAP.CD,48760.0789494211,49145.2804308193,40898.6478964744,38475.3952461838,34960.6393843385,39375.4731620781,38834.0529341227,39727.1165995928,40458.0018755824,39918.1675583443,39312.6603730693
Jordan,JOR,GDP per capita (current US$),NY.GDP.PCAP.CD,4152.49398238806,4386.46181582146,4477.61832588262,4255.89430976972,4064.25301644124,4003.40474862656,4073.11640376315,4146.40729580484,4205.56365350106,4042.7693498462,4103.25896599583
Kazakhstan,KAZ,GDP per capita (current US$),NY.GDP.PCAP.CD,11634.0012021103,12386.6992652963,13890.6309562926,12807.2606866152,10510.7718884149,7714.84184376024,9247.58133129626,9812.62637077396,9812.5958082732,9121.63713797145,10373.7897924367
Kenya,KEN,GDP per capita (current US$),NY.GDP.PCAP.CD,1099.31509362919,1289.78082201489,1376.82886892748,1489.91911052082,1496.65285612239,1562.07614156101,1675.97391639619,1845.78294001398,1970.10514317888,1936.42458891104,2081.79985458438
Kiribati,KIR,GDP per capita (current US$),NY.GDP.PCAP.CD,1644.34479632542,1698.92088345979,1628.71020469547,1546.83017691485,1459.13302105094,1506.24667899101,1563.55045683718,1605.01364964695,1432.17898537689,1430.55157354026,1606.46251377314
"Korea, Dem. People's Rep.",PRK,GDP per capita (current US$),NY.GDP.PCAP.CD,..,..,..,..,..,..,..,..,..,..,..
"Korea, Rep.",KOR,GDP per capita (current US$),NY.GDP.PCAP.CD,25096.2638838239,25466.7605170594,27182.7343101936,29249.5752209742,28732.2310762599,29288.8704389833,31616.8434004683,33436.9230646064,31902.4169048194,31721.2989141857,34997.7816427848
Kosovo,XKX,GDP per capita (current US$),NY.GDP.PCAP.CD,3540.89178881291,3410.85977956608,3704.78422059665,3902.67601270818,3520.7664492744,3759.56024604446,4009.38098680368,4384.0488917319,4416.10835754636,4310.81118337317,5269.78390114389
Kuwait,KWT,GDP per capita (current US$),NY.GDP.PCAP.CD,49006.5814547658,51277.6621064846,47760.9441264683,43234.8214233111,29310.522105363,27029.9977808519,29263.089648236,32007.5235352632,30667.3482202553,24300.32943621,..
Kyrgyz Republic,KGZ,GDP per capita (current US$),NY.GDP.PCAP.CD,1123.8831680627,1177.97473487848,1282.43716202467,1279.76978265986,1121.08283510739,1120.66651300848,1242.76964282023,1308.14016549619,1374.03210467421,1182.52170043018,1276.7003650159
Lao PDR,LAO,GDP per capita (current US$),NY.GDP.PCAP.CD,1363.72529043154,1566.00974499584,1815.44023554818,1984.50867013598,2125.45905698314,2309.0490761946,2439.4633552251,2553.36186646266,2598.50552320723,2593.35509719847,2535.6234315211
Latvia,LVA,GDP per capita (current US$),NY.GDP.PCAP.CD,13338.9622350852,13847.3379393194,15007.4918561719,15742.3913381908,13786.4567953114,14331.7515885049,15695.1151541059,17865.0310947642,17945.2222164984,18207.1396408631,21148.1629405415
Lebanon,LBN,GDP per capita (current US$),NY.GDP.PCAP.CD,7914.10956809875,8500.1805629531,8255.20921057153,7665.37969184142,7802.75136773923,8172.29947595953,8679.8974221128,9225.84515488016,8985.57249887356,5599.95752260733,4136.14634699332
Lesotho,LSO,GDP per capita (current US$),NY.GDP.PCAP.CD,1265.86386667226,1205.86000258954,1141.36103810369,1165.04593536567,1113.87132770562,986.265986678849,1062.71251234993,1161.72710028722,1102.56486953249,989.847170700549,1094.09818489303
Liberia,LBR,GDP per capita (current US$),NY.GDP.PCAP.CD,573.526422156584,644.455576742833,717.635753333907,713.734882389203,699.662946853965,722.131226789418,706.892691974846,700.037039377706,665.878447568436,597.529691893048,675.66318584916
Libya,LBY,GDP per capita (current US$),NY.GDP.PCAP.CD,7783.83114839688,15764.9154546761,12589.4487456571,9408.76783223652,7867.57189285698,7944.82707552717,10529.267435369,11838.0096159565,10542.1492864798,7568.04201096325,6357.19555043805
Liechtenstein,LIE,GDP per capita (current US$),NY.GDP.PCAP.CD,158611.110488753,149459.235301044,173660.161219358,179457.9179259,167805.956932057,165844.985381318,170874.293821817,175283.631807644,167019.618092859,157754.954373893,..
Lithuania,LTU,GDP per capita (current US$),NY.GDP.PCAP.CD,14376.9478643932,14367.709424872,15729.6524666512,16551.018202078,14263.9645773495,15008.3132445526,16885.4073948373,19186.359591641,19595.1415724355,20339.5212699052,23723.3402510345
Luxembourg,LUX,GDP per capita (current US$),NY.GDP.PCAP.CD,119025.057203467,112584.676270958,120000.140729859,123678.702143275,105462.012584423,106899.293549552,110193.213797228,116786.511654677,112621.821337404,117370.496900162,133590.146975586
"Macao SAR, China",MAC,GDP per capita (current US$),NY.GDP.PCAP.CD,64528.4272051868,74111.2672626006,86852.9878418675,90873.9324354186,73220.2687642554,71918.7310847175,78985.6421357971,84923.3867797277,83183.1666089243,37646.3161952623,43873.5911643329
Madagascar,MDG,GDP per capita (current US$),NY.GDP.PCAP.CD,516.902539244045,504.173730134152,526.688011750229,517.136176058996,455.638039705577,464.616153538796,503.498058680237,512.543984587107,512.279659659088,462.404223694817,500.511031950657
Malawi,MWI,GDP per capita (current US$),NY.GDP.PCAP.CD,528.453127077329,386.906540998121,344.396771160878,367.024269701615,376.246204801105,312.142797057288,500.165547203323,537.932204050438,584.362867276266,628.699481965162,634.835660105302
Malaysia,MYS,GDP per capita (current US$),NY.GDP.PCAP.CD,10209.3819536909,10601.5138881391,10727.6996632824,11045.4451263498,9699.58402084731,9555.65120152294,9979.80084103497,11074.0640947671,11132.0239344924,10160.7832470071,11109.2618387745
Maldives,MDV,GDP per capita (current US$),NY.GDP.PCAP.CD,7409.33596846724,7447.43257245424,8222.56338901712,8872.12492462299,9434.3310782449,9640.32400920804,10062.9831158963,10823.636693042,11118.5565375032,7282.35848902548,10366.2933584066
Mali,MLI,GDP per capita (current US$),NY.GDP.PCAP.CD,810.182600735989,753.392193575841,778.797090642802,818.430391118894,723.504202500133,750.051828087565,795.682733038008,856.356531797333,840.175765032737,822.906143972366,873.794862375503
Malta,MLT,GDP per capita (current US$),NY.GDP.PCAP.CD,23155.5628148844,22527.7591149889,24770.934082103,26754.2623307031,24921.5790015791,25624.4636404081,28823.5251162141,31567.9422383122,31198.2414453028,28977.5655673636,33486.671983855
Marshall Islands,MHL,GDP per capita (current US$),NY.GDP.PCAP.CD,3238.88731570104,3445.31540332931,3611.69964168874,3672.68093377497,3703.64905889496,4153.11717602268,4507.622862229,4769.19045858792,5188.97111429082,5567.97272706332,6172.14506539834
Mauritania,MRT,GDP per capita (current US$),NY.GDP.PCAP.CD,1919.45452401163,1850.38496774479,1929.7735213577,1715.38883792802,1562.72524811646,1579.19855406867,1634.64360624694,1749.95423645373,1839.964449578,1868.4665735741,2166.04679858214
Mauritius,MUS,GDP per capita (current US$),NY.GDP.PCAP.CD,9197.02697152061,9291.22761861899,9766.75646458689,10368.6134328483,9509.93465545353,9967.88173591323,10844.0363275302,11645.9819750468,11405.7268191397,9007.41910231356,9106.23720230699
Mexico,MEX,GDP per capita (current US$),NY.GDP.PCAP.CD,10341.5210484975,10376.0576664423,10865.6802017218,11076.0924511013,9753.38004823861,8875.06225558599,9434.38648739127,9857.02882925559,10145.1701829207,8655.00068206803,10045.6805004963
"Micronesia, Fed. Sts.",FSM,GDP per capita (current US$),NY.GDP.PCAP.CD,2885.44124871393,3023.58544607879,2920.70086272777,2928.44878191958,2891.32210264749,3022.65362747328,3320.3549760029,3623.32933678299,3699.08151446862,3639.41269869588,3571.33676887856
Moldova,MDA,GDP per capita (current US$),NY.GDP.PCAP.CD,2941.36211882435,3044.80847790641,3321.04391743353,3327.78677471175,2731.06558405856,2879.3912909285,3509.64733969975,4232.20688845801,4493.37030323867,4500.62446389838,5230.66173289497
Monaco,MCO,GDP per capita (current US$),NY.GDP.PCAP.CD,179372.76368395,165505.178100056,185066.578132655,195780.006892569,170337.924412652,174610.636971733,173612.864622391,194280.82214105,199377.481831603,182538.638340211,234315.460503547
Mongolia,MNG,GDP per capita (current US$),NY.GDP.PCAP.CD,3793.74375416147,4402.30452253522,4422.30087597824,4211.93945414035,3919.35114779589,3690.75671558111,3708.24822282688,4165.02273851435,4394.94714713374,4041.17419587656,4566.14015433014
Montenegro,MNE,GDP per capita (current US$),NY.GDP.PCAP.CD,7328.93225247529,6586.7212793222,7189.29328653737,7388.14779373126,6517.16375162528,7033.60489868635,7803.41113682269,8850.09273291116,8909.65333601178,7677.15222569996,9465.70399879557
Morocco,MAR,GDP per capita (current US$),NY.GDP.PCAP.CD,3041.14575195313,2907.44921875,3117.51513671875,3430.54956054688,3139.24365234375,3132.94458007813,3288.50219726563,3492.67333984375,3498.57397460938,3258.12133789063,3795.38012695313
Mozambique,MOZ,GDP per capita (current US$),NY.GDP.PCAP.CD,605.273468552994,667.717424253901,672.204236256964,680.375033549628,594.226533517809,430.993168816685,462.700136882846,504.53588998541,508.163674567861,449.95520984244,491.839112773674
Myanmar,MMR,GDP per capita (current US$),NY.GDP.PCAP.CD,1086.83846738793,1161.30596207229,1195.93779969734,1238.72871010838,1224.56234328693,1161.86177838933,1175.20255722301,1274.91565681381,1295.2014475589,1477.45287032594,1209.92694225482
Namibia,NAM,GDP per capita (current US$),NY.GDP.PCAP.CD,5873.0794942491,6017.15706904775,5463.01736050918,5544.09742281386,4965.68085962392,4614.88172099748,5453.57062209566,5687.3990933188,5126.17614357634,4251.17276622988,4865.55776470864
Nauru,NRU,GDP per capita (current US$),NY.GDP.PCAP.CD,6423.74867940431,9280.65889360803,9210.00969180832,9566.21254009628,7736.22363607495,8719.36652643846,9361.3833433668,10400.9890716548,9786.02652564979,9307.88676841439,10648.1413901852
Nepal,NPL,GDP per capita (current US$),NY.GDP.PCAP.CD,791.225217045595,794.09276990798,809.384600551033,827.744345971451,882.307448776577,880.224488097816,1027.96548628326,1161.53437379778,1185.68267540752,1139.19027666733,1208.21853383767
Netherlands,NLD,GDP per capita (current US$),NY.GDP.PCAP.CD,54230.3129029852,50070.1416045904,52198.8975607454,52900.537415323,45193.4032187971,46039.1059284098,48675.2223350213,53044.5324352253,52476.2732533327,52162.5701150406,57767.8788108173
New Caledonia,NCL,GDP per capita (current US$),NY.GDP.PCAP.CD,40697.6300727029,37294.027263924,38503.2630599829,39675.5819387796,32428.5824862295,32286.9152902933,33874.9237551731,36312.7278686719,34797.5186645024,34800.7595147977,37159.5467662165
New Zealand,NZL,GDP per capita (current US$),NY.GDP.PCAP.CD,38387.6270784076,39973.3807587223,42976.6495882584,44572.8987536626,38630.7265886928,40058.1961621466,42924.9955958449,43250.440973659,42865.233643554,41596.5055023403,48781.0266328884
Nicaragua,NIC,GDP per capita (current US$),NY.GDP.PCAP.CD,1644.79935412236,1746.42562649907,1794.78657461684,1913.52134831663,2025.32477597575,2079.44826647887,2127.28058532733,1981.85912037433,1890.27306467363,1863.10925664373,2045.53540189014
Niger,NER,GDP per capita (current US$),NY.GDP.PCAP.CD,507.602523308191,525.047323992555,548.157875478729,560.754509239933,481.111299477459,497.036133412676,514.543312814178,567.330806700397,550.963555536013,564.822001755189,590.629454795899
Nigeria,NGA,GDP per capita (current US$),NY.GDP.PCAP.CD,2504.87827884434,2728.02268335423,2976.75673612767,3200.95314600431,2679.55476480921,2144.77993839856,1941.87948520625,2125.83428239448,2204.18157415589,2074.61392802438,2065.74906750923
North Macedonia,MKD,GDP per capita (current US$),NY.GDP.PCAP.CD,5098.09758250193,4728.30814189843,5241.05834548355,5495.73504918897,4861.55397141497,5149.58907435906,5450.4928808666,6108.74010831698,6070.38805358275,5965.45023195365,6694.64112581709
Northern Mariana Islands,MNP,GDP per capita (current US$),NY.GDP.PCAP.CD,13880.4265041889,14247.7893007888,14806.0067892829,16044.4307312558,17665.1007493109,24054.9156122269,30751.6410731534,25882.6335877863,23707.3288138313,..,..
Norway,NOR,GDP per capita (current US$),NY.GDP.PCAP.CD,100600.562407589,101524.141851985,102913.450843674,97019.1827527462,74355.5158575643,70460.5605323322,75496.7540581998,82267.809316159,75719.7528965342,67329.6777910967,89154.2760934922
Oman,OMN,GDP per capita (current US$),NY.GDP.PCAP.CD,24166.0963053624,24722.6388245874,23563.9405992228,23121.2063768559,18777.4330589162,17082.2061998982,17802.5751178049,19887.5743113149,19132.1522739094,16707.6230063214,19509.4664633867
Pakistan,PAK,GDP per capita (current US$),NY.GDP.PCAP.CD,1075.45049647803,1109.67911473926,1126.04126067776,1173.39245362734,1282.44315294243,1468.82142077515,1567.64098625255,1620.74285658945,1437.16590678288,1322.31503608163,1505.01019279429
Palau,PLW,GDP per capita (current US$),NY.GDP.PCAP.CD,10795.5646929825,11835.3839295665,12418.8261724235,13580.0067430883,15761.3633809149,16743.376740009,16011.6611537815,15948.275862069,15567.0908684974,14016.2474961051,12083.8881491345
Panama,PAN,GDP per capita (current US$),NY.GDP.PCAP.CD,9403.43990821634,10767.2931788172,11932.2862205866,12837.2479584282,13669.5594424097,14382.2323819969,15185.9724813803,15588.337328687,15826.0823544866,12569.1715435651,14617.6044816372
Papua New Guinea,PNG,GDP per capita (current US$),NY.GDP.PCAP.CD,2303.79746130093,2653.15390913735,2578.51013528353,2742.23333845605,2502.08429055221,2332.69748030362,2495.13138348767,2584.29876909847,2593.80465015989,2446.06630562295,2672.94579035518
Paraguay,PRY,GDP per capita (current US$),NY.GDP.PCAP.CD,5776.2818479967,5617.10491786787,6410.81470278733,6629.41699277341,5861.40189546648,5759.04219789251,6136.0583014952,6242.96145417898,5807.83879407975,5353.34806456279,5891.49996504641
Peru,PER,GDP per capita (current US$),NY.GDP.PCAP.CD,5826.83230656078,6475.68607048931,6697.18526837489,6614.93333937211,6180.1949572907,6163.79102629697,6676.28422114802,6912.11029696274,6955.80995882668,6056.34390291445,6621.57433601881
Philippines,PHL,GDP per capita (current US$),NY.GDP.PCAP.CD,2431.20203745534,2671.77720537356,2847.5669365201,2935.92555618062,2974.29953130009,3038.1497339217,3077.43564004791,3194.67452128933,3413.84792378255,3224.42255131214,3460.53096344408
Poland,POL,GDP per capita (current US$),NY.GDP.PCAP.CD,13776.6115521996,13010.923390231,13558.414058018,14182.1375046373,12560.051419682,12378.75943742,13815.6217986247,15504.5804848188,15699.9113500703,15816.989398397,17999.9099495446
Portugal,PRT,GDP per capita (current US$),NY.GDP.PCAP.CD,23217.2954965207,20563.7136012629,21653.1959752225,22103.7009703321,19250.1065376852,19991.9724878805,21490.429863104,23562.5545228191,23330.817288932,22242.406417972,24567.5092651
Puerto Rico,PRI,GDP per capita (current US$),NY.GDP.PCAP.CD,27278.8830499205,27944.7338937424,28513.1657351067,28981.4573305866,29763.4883013861,30627.1634017011,31108.7605697675,31615.0667918433,32916.866800639,31393.9073690446,32640.710335631
Qatar,QAT,GDP per capita (current US$),NY.GDP.PCAP.CD,92992.9971307452,98041.3622380894,97630.8255152088,93126.1494633822,66984.9102002396,58467.2355711087,59407.6980498883,66264.081168209,62637.2751084291,52315.6600783116,66838.357433014
Romania,ROU,GDP per capita (current US$),NY.GDP.PCAP.CD,9560.18451265292,8930.72991164974,9497.25499044431,10031.267274026,8976.88053477541,9404.34187358344,10727.9496853377,12494.4774670309,12958.0755553785,13047.4320617591,14858.2294290445
Russian Federation,RUS,GDP per capita (current US$),NY.GDP.PCAP.CD,14311.083984375,15420.875,15974.64453125,14095.6484375,9313.013671875,8704.8984375,10720.3330078125,11287.3603515625,11536.2509765625,10169.0869140625,12194.77734375
Rwanda,RWA,GDP per capita (current US$),NY.GDP.PCAP.CD,650.602628610861,705.759755829457,704.056289881296,724.352174367351,733.441121804147,728.434489970531,756.547641107379,769.437310706602,806.879981050775,774.689259444614,822.3479885942
Samoa,WSM,GDP per capita (current US$),NY.GDP.PCAP.CD,3789.66667899642,3902.39170055714,3989.86017401682,3948.80112799601,4048.51387550813,4105.83446840571,4261.65378900332,4188.98853207466,4308.27275342784,4042.75122353237,3857.31846401804
San Marino,SMR,GDP per capita (current US$),NY.GDP.PCAP.CD,55816.3651012268,48435.9425314096,50438.3900153695,50135.484581721,42281.643467688,43399.4583004844,44885.7971428807,48462.960315443,47287.3983949924,45320.2087156066,..
Sao Tome and Principe,STP,GDP per capita (current US$),NY.GDP.PCAP.CD,1244.27162469378,1319.90083269011,1551.19290457442,1754.6004708083,1571.4985399244,1688.37530288509,1805.52465051182,1950.62935180937,1991.73826385183,2161.31019577016,2360.54355385897
Saudi Arabia,SAU,GDP per capita (current US$),NY.GDP.PCAP.CD,22262.6136629624,23878.5852917443,23716.2606159022,23543.5663423802,19977.7946924217,19300.0500059245,20138.1463328409,23318.7381671416,22430.238229402,19539.5658107346,23185.8707917797
Senegal,SEN,GDP per capita (current US$),NY.GDP.PCAP.CD,1383.53919282968,1334.72601460415,1391.53225722225,1417.0950735747,1238.12639559545,1290.75000394091,1385.19933288437,1484.2396733777,1462.35433280275,1490.20313694645,1636.89320864296
Serbia,SRB,GDP per capita (current US$),NY.GDP.PCAP.CD,6809.15980400146,6015.94522756969,6755.07367461629,6600.05680854589,5588.98072768556,5765.20076202711,6292.54362926707,7252.40185773992,7417.20364852201,7733.80286920471,9230.17831602601
Seychelles,SYC,GDP per capita (current US$),NY.GDP.PCAP.CD,12189.0951601357,11998.4472049381,14764.9392658304,15188.2287645444,15157.5302874866,15740.1303244742,16416.7761942925,16910.6881816609,17253.5056614424,12808.9874683728,14653.3093943039
Sierra Leone,SLE,GDP per capita (current US$),NY.GDP.PCAP.CD,445.005362066105,560.037399736372,706.452664008474,702.335379410788,576.740231738962,490.370588795141,484.446449798852,519.650015592018,506.606894364098,493.478777501977,480.039211301066
Singapore,SGP,GDP per capita (current US$),NY.GDP.PCAP.CD,53890.4287270504,55546.4885386921,56967.4257940383,57562.5307937678,55646.6187469505,56860.4132375207,61150.7271966595,66859.3383447804,65831.1894308765,60729.4503486794,72794.0030226738
Sint Maarten (Dutch part),SXM,GDP per capita (current US$),NY.GDP.PCAP.CD,27997.2898302635,28460.3326151186,27942.8805401415,33043.6883812669,32274.8905524359,31616.6816992667,29369.0568278169,28988.2592085877,..,..,..
Slovak Republic,SVK,GDP per capita (current US$),NY.GDP.PCAP.CD,18509.7402157541,17498.3539002594,18276.0095516546,18719.9881409371,16390.8821748507,16563.4404971229,17585.197002257,19486.3936845505,19383.4810445228,19545.7428171932,21391.9253336042
Slovenia,SVN,GDP per capita (current US$),NY.GDP.PCAP.CD,25128.0150431304,22641.805122503,23503.2824850255,24247.1733184083,20890.1664304173,21678.3594670629,23514.0254604147,26123.7471277911,26016.078683914,25545.2410027136,29291.4006234431
Solomon Islands,SLB,GDP per capita (current US$),NY.GDP.PCAP.CD,1921.34604301498,2087.51873876072,2208.09586717685,2235.74734403787,2134.80245126853,2196.27090329466,2283.5761560497,2450.48442847981,2398.77275659429,2222.4656361989,2304.84456746354
Somalia,SOM,GDP per capita (current US$),NY.GDP.PCAP.CD,..,..,356.11790249123,377.557387161667,387.607994416701,387.186681561763,377.349071976258,379.986002695329,405.786763279583,416.217774718244,446.981559635259
South Africa,ZAF,GDP per capita (current US$),NY.GDP.PCAP.CD,8737.07977396507,8173.8691381716,7441.23085399675,6965.1378973693,6204.92990145846,5735.06678717842,6734.47515312493,7048.52221139611,6688.78727128797,5741.64312911877,7055.04477598783
South Sudan,SSD,GDP per capita (current US$),NY.GDP.PCAP.CD,1455.35840718862,1114.92372260191,1659.14078728478,1245.14931107226,1071.77776475545,..,..,..,..,..,..
Spain,ESP,GDP per capita (current US$),NY.GDP.PCAP.CD,31677.9003083652,28322.9465923276,29077.1820557563,29513.6511800405,25754.36102944,26537.1594894542,28185.3213671969,30379.7211126422,29581.5185513299,26959.6754367326,30103.513733191
Sri Lanka,LKA,GDP per capita (current US$),NY.GDP.PCAP.CD,3321.4845323033,3449.06690309332,3740.6167919104,3971.91867501802,4060.13178524716,4150.93440819051,4401.05607475074,4360.58363413213,4082.69461963515,3893.84151516764,4013.68765683604
St. Kitts and Nevis,KNA,GDP per capita (current US$),NY.GDP.PCAP.CD,17571.9805680294,17311.6187824424,18325.9657798775,19945.4701725099,20025.9623507165,21095.2540386708,22160.4486143567,22547.9179898057,23219.3314206225,18566.0955863718,18082.6101907478
St. Lucia,LCA,GDP per capita (current US$),NY.GDP.PCAP.CD,9160.81447272594,9271.65949133441,9569.1221921205,10007.1468771353,10290.3789108118,10574.3889059563,11270.4716144957,11563.837467004,11726.7697662964,8458.1627606739,9414.22623085983
St. Martin (French part),MAF,GDP per capita (current US$),NY.GDP.PCAP.CD,21345.0032626377,..,..,21920.8391927213,..,..,..,..,..,..,..
St. Vincent and the Grenadines,VCT,GDP per capita (current US$),NY.GDP.PCAP.CD,6566.482713176,6754.37018395671,7117.55476276649,7210.61662343277,7386.73759501693,7684.77920839594,8030.58505738777,8399.69401112437,8674.37100857481,8335.25647560551,8666.38704104884
Sudan,SDN,GDP per capita (current US$),NY.GDP.PCAP.CD,1982.8310546875,1797.37976074219,1834.5458984375,2075.98901367188,2226.42163085938,2614.30029296875,3188.75,769.869140625,748.010925292969,608.33251953125,751.821350097656
Suriname,SUR,GDP per capita (current US$),NY.GDP.PCAP.CD,8009.25230244723,8922.95618613502,9124.54109297075,9199.17789329145,8907.75122246823,5705.42696732652,6112.85117509336,6730.84688296393,6690.04478601228,4796.53331389928,4869.13422621242
Sweden,SWE,GDP per capita (current US$),NY.GDP.PCAP.CD,60755.7595508465,58037.8213192173,61126.9431963979,60020.3604576572,51545.4836095322,51965.1571531985,53791.5087298403,54589.0603860606,51939.4297445291,52837.9039778149,61028.7380600287
Switzerland,CHE,GDP per capita (current US$),NY.GDP.PCAP.CD,90476.7589651577,85836.2076767359,87304.3305813557,88724.9909402638,83806.4476003837,82153.0745447889,82254.3769269767,85217.3691512274,84121.9310304414,85656.322666307,91991.6004583563
Syrian Arab Republic,SYR,GDP per capita (current US$),NY.GDP.PCAP.CD,2971.2824338307,1910.60452580833,993.739883114507,1071.23420366067,857.497867522093,664.341672265103,862.319063807846,1104.39244843571,1116.67924613649,533.3852317094,..
Tajikistan,TJK,GDP per capita (current US$),NY.GDP.PCAP.CD,837.878466089897,959.361904957958,1038.32798149823,1094.42273564108,970.365223790049,801.391283092365,844.369364836616,850.668507459992,889.02026237745,852.333670212118,897.047510293411
Tanzania,TZA,GDP per capita (current US$),NY.GDP.PCAP.CD,768.933471679688,854.543212890625,955.218933105469,1012.76690673828,928.806457519531,942.472961425781,976.212219238281,1010.93762207031,1052.02172851563,1042.0966796875,1099.28759765625
Thailand,THA,GDP per capita (current US$),NY.GDP.PCAP.CD,5396.64942631764,5748.63124106961,6041.1274597099,5822.38369858276,5708.79692481031,5854.46108800162,6436.79174605157,7124.56454354255,7630.03960991873,6990.93550262041,7066.19054595323
Timor-Leste,TLS,GDP per capita (current US$),NY.GDP.PCAP.CD,936.598344846142,1019.96486775121,1201.42358143838,1221.53426954268,1322.3009129909,1347.92633571751,1283.52585046874,1239.36612167153,1584.26384378261,1660.30833959898,2741.39393111832
Togo,TGO,GDP per capita (current US$),NY.GDP.PCAP.CD,573.810558543416,559.190485610988,608.150350394249,627.709402333537,559.445746549378,787.280181567633,814.41990710498,883.867832307256,875.932659234798,897.194575433309,973.206129076133
Tonga,TON,GDP per capita (current US$),NY.GDP.PCAP.CD,3852.05405080641,4378.65419644984,4208.12235785681,4125.43683537418,4117.96071656001,3978.35695433064,4367.30204420454,4649.5793900131,4879.0173416227,4606.06455169288,4426.00063706281
Trinidad and Tobago,TTO,GDP per capita (current US$),NY.GDP.PCAP.CD,17910.319154168,18961.2335932644,19821.5286451733,20327.9834552237,18389.5310320673,15991.1087945367,16094.6667814968,16164.1613326627,15690.9630955493,13871.7982194664,16032.5027680992
Tunisia,TUN,GDP per capita (current US$),NY.GDP.PCAP.CD,4361.89644912346,4233.89456807077,4308.22693040853,4398.57392191064,3960.97532992845,3796.16792006345,3569.75572524285,3577.12441191204,3477.88377711232,3497.68141046011,3807.13915027254
Turkiye,TUR,GDP per capita (current US$),NY.GDP.PCAP.CD,11308.0649033577,11697.4805131124,12507.594513483,12020.5826390508,10851.9541305658,10734.3799728439,10464.1013990681,9400.77821401543,9103.04337531894,8561.07094781987,9661.23597511355
Turkmenistan,TKM,GDP per capita (current US$),NY.GDP.PCAP.CD,5453.15500459414,6441.88661774322,7049.79750519535,7685.50985852327,6208.2966545016,6163.25340597611,6354.53282979422,6721.34954037245,7344.64823305792,..,..
Turks and Caicos Islands,TCA,GDP per capita (current US$),NY.GDP.PCAP.CD,23649.7144340602,22666.4069075154,22451.5687325118,24040.8746605688,25783.2941047676,26995.0321602259,25659.1958638691,26831.9714609396,27795.1485608171,20882.2612702141,20908.5827016004
Tuvalu,TUV,GDP per capita (current US$),NY.GDP.PCAP.CD,3663.12725029281,3624.98804230918,3537.04833528643,3556.26111776132,3384.35777601473,3836.11292595787,4175.99352406743,4401.13120074687,4949.17388770172,4973.77456126816,5632.00299343641
Uganda,UGA,GDP per capita (current US$),NY.GDP.PCAP.CD,837.09588312989,796.711135048199,819.757880944623,897.509742423677,864.18006234671,753.684408569709,766.177605762572,793.128081123392,823.138950454868,846.767201292225,883.892032311279
Ukraine,UKR,GDP per capita (current US$),NY.GDP.PCAP.CD,3704.82495117188,4004.80444335938,4187.73974609375,3104.64331054688,2124.66235351563,2187.73046875,2638.326171875,3096.56176757813,3661.45629882813,3751.74072265625,4835.57177734375
United Arab Emirates,ARE,GDP per capita (current US$),NY.GDP.PCAP.CD,40893.0233597739,44386.7860789846,45729.6076756823,46865.9645983676,41525.1389031283,41054.5395699204,43063.9674770763,46722.2687183733,45376.1708381558,37629.1741687956,44315.5541834116
United Kingdom,GBR,GDP per capita (current US$),NY.GDP.PCAP.CD,42150.6981408821,42485.5860695397,43449.0917173139,47447.5889322667,45071.0743234873,41146.0773555246,40621.334478632,43306.3083049317,42747.080460496,40318.5575660493,46510.2827819127
United States,USA,GDP per capita (current US$),NY.GDP.PCAP.CD,50065.9665041742,51784.4185738837,53291.1276891406,55123.8497869046,56762.7294515989,57866.7449341091,59907.754260885,62823.309438197,65120.3946628653,63530.633483909,70248.6290002242
Uruguay,URY,GDP per capita (current US$),NY.GDP.PCAP.CD,14267.5843060166,15206.8726201223,17015.1347609149,16875.506193165,15655.936997552,16766.4252588402,18769.787523012,18825.2838068916,17859.9314960921,15619.5426555695,17313.1883484186
Uzbekistan,UZB,GDP per capita (current US$),NY.GDP.PCAP.CD,2051.12951516418,2267.62327535512,2419.71870345484,2628.46000757936,2753.97107219949,2704.67718798168,1916.76464246779,1597.0683366109,1784.00981608195,1749.65581532206,1983.06472288992
Vanuatu,VUT,GDP per capita (current US$),NY.GDP.PCAP.CD,3064.7500702517,2906.34246130818,2877.44452801285,2861.20218157438,2643.88608538737,2757.20330593386,3032.19795770056,3076.8353148388,3076.58988588361,2877.52017323582,2996.62106154483
"Venezuela, RB",VEN,GDP per capita (current US$),NY.GDP.PCAP.CD,10877.1123638816,12937.9275972349,12433.9807853398,15975.7293753361,..,..,..,..,..,..,..
Vietnam,VNM,GDP per capita (current US$),NY.GDP.PCAP.CD,1953.55697860752,2190.23228396054,2367.4995386408,2558.7789242001,2595.23497870737,2760.71710527049,2992.07174150097,3267.22500852051,3491.09127354876,3586.34730171843,3756.48912117326
Virgin Islands (U.S.),VIR,GDP per capita (current US$),NY.GDP.PCAP.CD,38997.1373164651,37795.3192590675,34597.9766940328,33045.3643795999,34007.3529411765,35324.9748874586,35365.0693039774,36653.8630480089,38596.0307118282,39552.1685953523,..
West Bank and Gaza,PSE,GDP per capita (current US$),NY.GDP.PCAP.CD,2880.79843707909,3067.43872735614,3315.29753909282,3352.11259506043,3272.15432360708,3527.61382413178,3620.36048715937,3562.33094270256,3656.85827137011,3233.56863835858,3663.96905468875
"Yemen, Rep.",YEM,GDP per capita (current US$),NY.GDP.PCAP.CD,1284.61763539287,1349.99029491959,1497.7479410273,1557.60140563182,1488.41648208462,1069.81712249613,893.716572852695,701.714877767947,..,..,..
Zambia,ZMB,GDP per capita (current US$),NY.GDP.PCAP.CD,1644.45683054452,1729.64747097057,1840.32055335789,1724.57621968232,1307.90964916032,1249.92314348406,1495.75213841021,1475.20453821416,1268.12094056241,956.831363865706,1137.34363269164
Zimbabwe,ZWE,GDP per capita (current US$),NY.GDP.PCAP.CD,1082.61577402053,1290.19395595933,1408.36780957465,1407.03429326432,1410.32917419555,1421.78778932994,1192.10701204487,2269.17701232332,1421.86859641758,1372.69667433317,1773.92041088078
Africa Eastern and Southern,AFE,GDP per capita (current US$),NY.GDP.PCAP.CD,1792.90750512756,1759.18239469392,1730.39468555029,1719.18372097247,1538.55226805656,1443.69237090812,1628.58678812124,1564.73433998697,1512.2705529912,1363.54074100996,1549.77272965144
Africa Western and Central,AFW,GDP per capita (current US$),NY.GDP.PCAP.CD,1856.68766916914,1953.40703302973,2149.29521922384,2243.2714641609,1876.62348318848,1645.02376743667,1585.91193032787,1731.31179201546,1749.30331701118,1683.43639098491,1757.03062622138
Arab World,ARB,GDP per capita (current US$),NY.GDP.PCAP.CD,6826.51552045642,7327.26882603476,7307.37301728693,7276.42899854934,6245.78778494805,6062.68155691884,6132.42835385013,6474.29534015992,6384.06632128077,5545.45524618957,6271.31900080308
Caribbean small states,CSS,GDP per capita (current US$),NY.GDP.PCAP.CD,9948.83893143998,10417.9381972033,10542.7861465615,10711.7791084348,10473.834450072,9781.00881561088,10075.8307234239,10353.116449379,10429.3320396051,8851.42495915637,10063.6912979586
Central Europe and the Baltics,CEB,GDP per capita (current US$),NY.GDP.PCAP.CD,13970.0668891617,13075.728989393,13662.2410947698,14132.7679709667,12520.3364891967,12781.9321126976,14224.8577789182,16086.3182550395,16358.4741498916,16293.8000324588,18751.026511843
Early-demographic dividend,EAR,GDP per capita (current US$),NY.GDP.PCAP.CD,3248.91217347131,3346.1088899292,3344.65579580508,3411.09671053088,3199.51964624213,3257.90121165383,3472.69762430483,3467.17819752254,3489.17024987092,3215.09292533334,3703.90012266414
East Asia & Pacific,EAS,GDP per capita (current US$),NY.GDP.PCAP.CD,8890.70399886466,9435.96166320117,9468.43989381281,9694.44878542979,9586.90102723108,9854.94632871873,10452.7190352562,11310.4988757878,11482.5316836638,11475.4625106863,13041.7811855841
East Asia & Pacific (excluding high income),EAP,GDP per capita (current US$),NY.GDP.PCAP.CD,4860.8712070876,5376.041081452,5882.27240598661,6291.46486419249,6501.86882881589,6591.28234259783,7149.20764686243,7944.55123362633,8169.16783730136,8262.4792534288,9771.6482057467
East Asia & Pacific (IDA & IBRD countries),TEA,GDP per capita (current US$),NY.GDP.PCAP.CD,4916.02631206543,5436.75023693747,5948.44094855294,6362.01186907747,6574.56465570346,6664.79603276875,7228.76266557213,8032.79890886331,8259.79560508292,8354.06518215147,9880.09606977467
Euro area,EMU,GDP per capita (current US$),NY.GDP.PCAP.CD,40656.4414229299,37594.922746854,39119.9773324278,39913.1251181574,34388.8100100187,35164.067063767,37157.1132620842,40045.5660233161,39182.5483400922,38159.7299117802,42450.1537720293
Europe & Central Asia,ECS,GDP per capita (current US$),NY.GDP.PCAP.CD,26148.3810084467,25090.215975511,26086.2723067211,26316.5993060474,22556.5736435145,22379.6483458232,23643.4004470588,25243.7947296066,24870.2619868165,23984.2787277322,27152.4712288326
Europe & Central Asia (excluding high income),ECA,GDP per capita (current US$),NY.GDP.PCAP.CD,9625.51745022251,10208.4653502244,10750.4500674349,9890.46105678793,7458.33504588883,7044.3362886349,7864.64506529107,7994.78016760654,8129.88601672878,7441.46530668546,8758.93855271138
Europe & Central Asia (IDA & IBRD countries),TEC,GDP per capita (current US$),NY.GDP.PCAP.CD,10028.638042347,10421.1883326337,10962.4663487389,10294.9868654034,7993.44005151042,7640.69128859774,8532.43486668033,8870.39704955585,9019.71737353636,8423.19600153735,9842.05226527455
European Union,EUU,GDP per capita (current US$),NY.GDP.PCAP.CD,35768.2898913506,33170.5130990055,34564.1156811497,35278.8076893923,30484.5278875559,31175.1505246881,33089.2284586656,35751.2199668968,35079.4691496775,34330.3665256275,38411.062779601
Fragile and conflict affected situations,FCS,GDP per capita (current US$),NY.GDP.PCAP.CD,2109.70342698978,2307.06855878978,2337.38872226404,2423.7327408166,1891.18227274028,1744.35832922474,1805.53759656673,1858.1329561773,1884.58157651474,1716.21638516599,1796.39629429673
Heavily indebted poor countries (HIPC),HPC,GDP per capita (current US$),NY.GDP.PCAP.CD,898.531790183102,905.246190811676,979.638019367479,1011.66291802612,953.176760946949,973.216094452164,1049.36357479672,972.316017641575,978.494647900052,958.439861836993,1035.70164847096
High income,HIC,GDP per capita (current US$),NY.GDP.PCAP.CD,41697.6194655121,41493.9158499049,41764.5362279726,42419.5449268926,39819.1878688144,40441.4389563331,42081.1109802312,44527.6104120207,44723.9289448888,43415.6766809454,48225.2412096793
IBRD only,IBD,GDP per capita (current US$),NY.GDP.PCAP.CD,5307.18646570888,5580.76044883474,5824.3429735727,5958.70580987827,5523.81403262613,5513.31332072258,6030.58787844467,6361.33773813278,6446.5746043968,6159.53415914242,7235.96126958022
IDA & IBRD total,IBT,GDP per capita (current US$),NY.GDP.PCAP.CD,4310.45119185024,4516.54153071416,4711.13915176515,4821.93564420413,4471.99644993102,4455.81548857443,4838.50234243306,5076.59298553479,5125.97880004818,4888.96620866939,5684.92707423063
IDA blend,IDB,GDP per capita (current US$),NY.GDP.PCAP.CD,1698.70038991549,1833.19245379191,1953.69016907062,2083.1837451258,1930.46018693705,1818.40497244132,1751.50761038892,1874.94756640788,1827.16847357077,1719.89506474412,1842.77104941479
IDA only,IDX,GDP per capita (current US$),NY.GDP.PCAP.CD,991.587570773182,977.477085607876,1038.68109443523,1086.9636516692,1070.69025990807,1134.24480894546,1218.49338828447,1187.65738824009,1214.40297454728,1206.83008130236,1281.63432040352
IDA total,IDA,GDP per capita (current US$),NY.GDP.PCAP.CD,1228.52972307118,1264.39641685936,1345.37010338796,1420.65317860019,1358.21791178905,1361.96321727996,1394.85985605113,1415.31720554163,1416.38835637768,1374.94955936037,1465.39607429896
Late-demographic dividend,LTE,GDP per capita (current US$),NY.GDP.PCAP.CD,7517.32635951737,7988.69047257311,8541.2324733025,8812.26181554647,8213.12337286025,8183.3270469779,9021.96592686379,9839.46860049612,9979.25411184343,9706.84310332981,11465.857770559
Latin America & Caribbean,LCN,GDP per capita (current US$),NY.GDP.PCAP.CD,10220.497892665,10217.2776964379,10357.1656138957,10451.5252662143,8645.27095252049,8363.6585703583,9201.46648036571,8916.08948524633,8707.18736820255,7289.95703684922,8327.60519038265
Latin America & Caribbean (excluding high income),LAC,GDP per capita (current US$),NY.GDP.PCAP.CD,9847.59920897527,9686.90535966314,9834.53012990858,9775.56734787074,8223.39454971266,7909.62822168351,8729.1830627764,8384.84537253501,8181.62274744186,6789.39264970385,7728.03330913836
Latin America & the Caribbean (IDA & IBRD countries),TLA,GDP per capita (current US$),NY.GDP.PCAP.CD,10157.7080256739,10144.3445788974,10280.4237194411,10369.9180463986,8497.45594058406,8199.16861798615,9050.94346805003,8754.29326776484,8526.26578328322,7081.44704554668,8108.91586994813
Least developed countries: UN classification,LDC,GDP per capita (current US$),NY.GDP.PCAP.CD,921.727110860739,945.173417987178,1005.61358250837,1055.489277272,997.132283890389,1021.78781099426,1114.92308410884,1073.3209737358,1100.0270461345,1095.77064832518,1164.91831596213
Low & middle income,LMY,GDP per capita (current US$),NY.GDP.PCAP.CD,4134.04331727443,4339.26652653684,4532.41989309618,4626.39321149143,4329.30502802987,4313.15265410579,4679.99324511284,4900.57367580845,4952.23113305647,4723.79886732848,5494.39698101105
Low income,LIC,GDP per capita (current US$),NY.GDP.PCAP.CD,737.921592084596,731.578004322583,771.117054465343,800.582832009898,775.673373499387,791.811382162639,863.625895527001,758.744710996629,750.555530326794,736.93221698126,793.945722043348
Lower middle income,LMC,GDP per capita (current US$),NY.GDP.PCAP.CD,2047.90086460913,2115.53858674075,2118.63843116732,2176.23675069423,2088.22078732738,2169.41972344764,2297.94945643957,2323.93174161165,2386.48858914775,2268.98274570582,2572.70514396668
Middle East & North Africa,MEA,GDP per capita (current US$),NY.GDP.PCAP.CD,8260.51047816933,8759.65128829081,8433.60304850834,8321.76576980599,7183.07451286568,7111.1562407106,7251.82773594856,7476.77245727289,7337.35093485927,6491.49912763085,7569.08943696131
Middle East & North Africa (excluding high income),MNA,GDP per capita (current US$),NY.GDP.PCAP.CD,4653.5943879069,4929.64160910528,4445.60064830945,4317.81309556394,3805.68400915465,3832.81850898167,3739.15308820695,3491.19257785723,3438.71589914992,3093.87847282169,3573.16517336392
Middle East & North Africa (IDA & IBRD countries),TMN,GDP per capita (current US$),NY.GDP.PCAP.CD,4673.49608515259,4950.68166347424,4458.42772459745,4328.80720330803,3811.77767170547,3836.31969011268,3740.51998552308,3490.36720402876,3436.13153002932,3092.20555999448,3572.06552524474
Middle income,MIC,GDP per capita (current US$),NY.GDP.PCAP.CD,4478.8140696518,4716.35907508888,4934.97944222966,5040.8028003844,4720.1503964477,4709.36804167241,5116.24078342878,5384.00215669902,5448.65078025163,5206.16829542532,6074.0849211156
North America,NAC,GDP per capita (current US$),NY.GDP.PCAP.CD,50289.0244037158,51881.1708863839,53234.150098465,54714.4709286191,55452.4213839576,56312.4348848537,58423.8858786865,61174.7773442449,63198.7013177896,61451.9761542648,68369.6627865258
Not classified,INX,GDP per capita (current US$),NY.GDP.PCAP.CD,..,..,..,..,..,..,..,..,..,..,..
OECD members,OED,GDP per capita (current US$),NY.GDP.PCAP.CD,37510.4689031111,37238.6273555564,37492.0293932166,38000.9430879342,35599.0800395663,36049.378510069,37403.3878726541,39348.3143589819,39531.6603463651,38326.8576017416,42446.8593225577
Other small states,OSS,GDP per capita (current US$),NY.GDP.PCAP.CD,14656.7516002022,14983.3650641167,15301.1620473154,15443.8933803058,12502.0953801451,12087.1223886966,12894.0758276533,14062.5039847728,13540.4002873269,11683.1860582817,13878.8148434096
Pacific island small states,PSS,GDP per capita (current US$),NY.GDP.PCAP.CD,3324.79654277336,3482.42371396297,3584.58282227053,3853.59513746425,3724.5916743202,3867.74169899034,4128.47492262869,4283.74156632459,4233.4136752437,3707.31058055127,3643.84543691992
Post-demographic dividend,PST,GDP per capita (current US$),NY.GDP.PCAP.CD,42530.4301945737,42286.9172434272,42520.7968500268,43165.5514844553,40638.3758095101,41369.9337219357,42968.4478075775,45382.3069254991,45700.938132739,44474.5497503182,49223.5950344334
Pre-demographic dividend,PRE,GDP per capita (current US$),NY.GDP.PCAP.CD,1615.10635563388,1703.42984591239,1813.79619346271,1870.79868539774,1550.79861230615,1385.87403657936,1436.42070384297,1455.85975716881,1463.30658635794,1337.46415333973,1418.59332595843
Small states,SST,GDP per capita (current US$),NY.GDP.PCAP.CD,13023.122324438,13379.8099524495,13662.8737452669,13836.880534668,11585.6451509215,11163.9732961148,11854.0160327081,12808.1908837461,12427.5767384523,10702.9616881658,12588.9277948417
South Asia,SAS,GDP per capita (current US$),NY.GDP.PCAP.CD,1351.99156959375,1347.91809454193,1364.83100978075,1475.72702877642,1523.69780745339,1675.57551077353,1887.92183047546,1920.20839576082,1962.80287524759,1852.30008753936,2149.8215950035
South Asia (IDA & IBRD),TSA,GDP per capita (current US$),NY.GDP.PCAP.CD,1351.99156959375,1347.91809454193,1364.83100978075,1475.72702877642,1523.69780745339,1675.57551077353,1887.92183047546,1920.20839576082,1962.80287524759,1852.30008753936,2149.8215950035
Sub-Saharan Africa,SSF,GDP per capita (current US$),NY.GDP.PCAP.CD,1818.17245281026,1837.55754544941,1900.19419418299,1931.64803190105,1675.48657482565,1524.8277496739,1609.900105108,1631.593697431,1607.92160468242,1493.10069058974,1633.18075389896
Sub-Saharan Africa (excluding high income),SSA,GDP per capita (current US$),NY.GDP.PCAP.CD,1817.17015667576,1836.59281543864,1898.98258004503,1930.41406523828,1674.23770053124,1523.52726382409,1608.56484686331,1630.23897071478,1606.5581948548,1492.13401817781,1632.08753131287
Sub-Saharan Africa (IDA & IBRD countries),TSS,GDP per capita (current US$),NY.GDP.PCAP.CD,1818.17245281026,1837.55754544941,1900.19419418299,1931.64803190105,1675.48657482565,1524.8277496739,1609.900105108,1631.593697431,1607.92160468242,1493.10069058974,1633.18075389896
Upper middle income,UMC,GDP per capita (current US$),NY.GDP.PCAP.CD,7546.03030958206,8021.73367039928,8538.42876620621,8730.05993426656,8132.28571037896,8025.23480020977,8820.94949272126,9435.78082781379,9534.00511269487,9157.82001579761,10828.0506944074
World,WLD,GDP per capita (current US$),NY.GDP.PCAP.CD,10470.9877752081,10572.9576676744,10735.1290211119,10896.1450259007,10153.5813025003,10206.892281587,10742.6504572914,11285.4976396404,11320.915884525,10883.0760474916,12236.6157434985
,,,,,,,,,,,,,,
,,,,,,,,,,,,,,
,,,,,,,,,,,,,,
Data from database: World Development Indicators,,,,,,,,,,,,,,
Last Updated: 05/10/2023,,,,,,,,,,,,,,
